Physics,Chemistry,Math,Computer,Average Marks,Total Marks,Percentages %,Grades,Final Results
91,17,98,49,63.75,255.0,63.75,B,FAIL
27,65,64,52,52.0,208.0,52.0,C+,FAIL
5,55,57,77,48.5,194.0,48.5,C,FAIL
54,53,96,99,75.5,302.0,75.5,B+,PASS
65,1,34,64,41.0,164.0,41.0,C,FAIL
50,90,62,6,52.0,208.0,52.0,C+,FAIL
33,89,51,79,63.0,252.0,63.0,B,FAIL
88,33,97,7,56.25,225.0,56.25,C+,FAIL
72,0,14,89,43.75,175.0,43.75,C,FAIL
65,39,54,83,60.25,241.0,60.25,B,PASS
18,60,98,55,57.75,231.0,57.75,C+,FAIL
3,65,27,65,40.0,160.0,40.0,C,FAIL
0,51,71,84,51.5,206.0,51.5,C+,FAIL
17,28,32,35,28.0,112.0,28.0,NG,FAIL
79,43,15,60,49.25,197.0,49.25,C,FAIL
56,20,42,73,47.75,191.0,47.75,C,FAIL
9,41,9,69,32.0,128.0,32.0,NG,FAIL
56,46,60,13,43.75,175.0,43.75,C,FAIL
22,69,47,47,46.25,185.0,46.25,C,FAIL
36,91,15,20,40.5,162.0,40.5,C,FAIL
13,73,74,11,42.75,171.0,42.75,C,FAIL
70,88,19,4,45.25,181.0,45.25,C,FAIL
70,21,45,31,41.75,167.0,41.75,C,FAIL
48,83,18,51,50.0,200.0,50.0,C+,FAIL
8,41,66,84,49.75,199.0,49.75,C,FAIL
44,74,17,48,45.75,183.0,45.75,C,FAIL
86,35,37,83,60.25,241.0,60.25,B,PASS
24,41,87,97,62.25,249.0,62.25,B,FAIL
98,39,86,20,60.75,243.0,60.75,B,FAIL
70,43,66,68,61.75,247.0,61.75,B,PASS
62,37,65,62,56.5,226.0,56.5,C+,PASS
78,31,81,11,50.25,201.0,50.25,C+,FAIL
65,3,38,23,32.25,129.0,32.25,NG,FAIL
96,96,59,42,73.25,293.0,73.25,B+,PASS
97,7,14,36,38.5,154.0,38.5,C,FAIL
76,89,98,29,73.0,292.0,73.0,B+,FAIL
79,14,21,84,49.5,198.0,49.5,C,FAIL
1,40,19,10,17.5,70.0,17.5,NG,FAIL
60,32,99,90,70.25,281.0,70.25,B+,FAIL
86,43,25,90,61.0,244.0,61.0,B,FAIL
30,43,47,33,38.25,153.0,38.25,C,FAIL
61,40,26,76,50.75,203.0,50.75,C+,FAIL
31,29,68,50,44.5,178.0,44.5,C,FAIL
87,67,66,69,72.25,289.0,72.25,B+,PASS
87,72,1,99,64.75,259.0,64.75,B,FAIL
54,3,88,59,51.0,204.0,51.0,C+,FAIL
97,7,71,86,65.25,261.0,65.25,B,FAIL
86,91,42,80,74.75,299.0,74.75,B+,PASS
53,0,67,63,45.75,183.0,45.75,C,FAIL
56,18,8,41,30.75,123.0,30.75,NG,FAIL
27,43,34,96,50.0,200.0,50.0,C+,FAIL
25,3,16,5,12.25,49.0,12.25,NG,FAIL
93,92,68,46,74.75,299.0,74.75,B+,PASS
31,64,41,15,37.75,151.0,37.75,C,FAIL
53,82,73,27,58.75,235.0,58.75,C+,FAIL
52,69,97,38,64.0,256.0,64.0,B,PASS
61,38,33,88,55.0,220.0,55.0,C+,FAIL
74,22,83,38,54.25,217.0,54.25,C+,FAIL
70,20,60,47,49.25,197.0,49.25,C,FAIL
41,80,67,81,67.25,269.0,67.25,B,PASS
29,47,60,70,51.5,206.0,51.5,C+,FAIL
97,65,25,24,52.75,211.0,52.75,C+,FAIL
33,58,77,41,52.25,209.0,52.25,C+,FAIL
18,91,53,1,40.75,163.0,40.75,C,FAIL
96,43,8,99,61.5,246.0,61.5,B,FAIL
60,77,12,25,43.5,174.0,43.5,C,FAIL
42,63,57,57,54.75,219.0,54.75,C+,PASS
61,51,59,38,52.25,209.0,52.25,C+,PASS
94,3,0,22,29.75,119.0,29.75,NG,FAIL
14,48,20,48,32.5,130.0,32.5,NG,FAIL
78,16,27,34,38.75,155.0,38.75,C,FAIL
61,82,34,80,64.25,257.0,64.25,B,FAIL
84,35,27,79,56.25,225.0,56.25,C+,FAIL
22,95,39,79,58.75,235.0,58.75,C+,FAIL
7,72,82,29,47.5,190.0,47.5,C,FAIL
12,82,11,73,44.5,178.0,44.5,C,FAIL
59,47,34,88,57.0,228.0,57.0,C+,FAIL
14,23,48,32,29.25,117.0,29.25,NG,FAIL
38,85,51,44,54.5,218.0,54.5,C+,PASS
84,89,13,5,47.75,191.0,47.75,C,FAIL
13,43,12,47,28.75,115.0,28.75,NG,FAIL
72,20,24,23,34.75,139.0,34.75,NG,FAIL
88,84,68,26,66.5,266.0,66.5,B,FAIL
12,5,15,75,26.75,107.0,26.75,NG,FAIL
30,55,74,69,57.0,228.0,57.0,C+,FAIL
13,16,79,87,48.75,195.0,48.75,C,FAIL
18,27,34,73,38.0,152.0,38.0,C,FAIL
93,51,26,11,45.25,181.0,45.25,C,FAIL
50,33,71,73,56.75,227.0,56.75,C+,FAIL
65,39,94,61,64.75,259.0,64.75,B,PASS
34,89,54,59,59.0,236.0,59.0,C+,FAIL
24,30,44,34,33.0,132.0,33.0,NG,FAIL
56,11,51,26,36.0,144.0,36.0,C,FAIL
91,82,97,62,83.0,332.0,83.0,A,PASS
86,75,67,44,68.0,272.0,68.0,B,PASS
38,70,96,89,73.25,293.0,73.25,B+,PASS
66,25,25,18,33.5,134.0,33.5,NG,FAIL
46,62,20,76,51.0,204.0,51.0,C+,FAIL
52,45,12,41,37.5,150.0,37.5,C,FAIL
42,0,92,75,52.25,209.0,52.25,C+,FAIL
8,62,67,53,47.5,190.0,47.5,C,FAIL
21,74,66,31,48.0,192.0,48.0,C,FAIL
36,26,67,51,45.0,180.0,45.0,C,FAIL
63,0,51,82,49.0,196.0,49.0,C,FAIL
17,75,15,28,33.75,135.0,33.75,NG,FAIL
27,50,57,93,56.75,227.0,56.75,C+,FAIL
19,16,53,20,27.0,108.0,27.0,NG,FAIL
1,23,47,71,35.5,142.0,35.5,C,FAIL
6,17,41,65,32.25,129.0,32.25,NG,FAIL
89,33,15,41,44.5,178.0,44.5,C,FAIL
53,23,59,88,55.75,223.0,55.75,C+,FAIL
10,28,72,37,36.75,147.0,36.75,C,FAIL
88,25,87,54,63.5,254.0,63.5,B,FAIL
82,62,94,60,74.5,298.0,74.5,B+,PASS
31,47,89,66,58.25,233.0,58.25,C+,FAIL
95,82,16,23,54.0,216.0,54.0,C+,FAIL
54,31,28,39,38.0,152.0,38.0,C,FAIL
24,47,96,90,64.25,257.0,64.25,B,FAIL
40,64,20,3,31.75,127.0,31.75,NG,FAIL
15,93,81,30,54.75,219.0,54.75,C+,FAIL
82,32,40,51,51.25,205.0,51.25,C+,FAIL
42,24,39,65,42.5,170.0,42.5,C,FAIL
86,47,42,25,50.0,200.0,50.0,C+,FAIL
62,36,14,72,46.0,184.0,46.0,C,FAIL
86,56,80,62,71.0,284.0,71.0,B+,PASS
29,73,65,63,57.5,230.0,57.5,C+,FAIL
57,51,7,79,48.5,194.0,48.5,C,FAIL
97,61,46,7,52.75,211.0,52.75,C+,FAIL
74,0,81,51,51.5,206.0,51.5,C+,FAIL
26,25,12,75,34.5,138.0,34.5,NG,FAIL
46,79,59,1,46.25,185.0,46.25,C,FAIL
1,78,43,9,32.75,131.0,32.75,NG,FAIL
86,12,49,14,40.25,161.0,40.25,C,FAIL
81,52,37,44,53.5,214.0,53.5,C+,PASS
32,14,21,22,22.25,89.0,22.25,NG,FAIL
88,36,1,67,48.0,192.0,48.0,C,FAIL
87,74,20,61,60.5,242.0,60.5,B,FAIL
82,58,24,61,56.25,225.0,56.25,C+,FAIL
37,79,0,10,31.5,126.0,31.5,NG,FAIL
98,80,66,36,70.0,280.0,70.0,B+,PASS
54,93,98,10,63.75,255.0,63.75,B,FAIL
72,3,93,5,43.25,173.0,43.25,C,FAIL
13,76,40,2,32.75,131.0,32.75,NG,FAIL
31,48,70,57,51.5,206.0,51.5,C+,FAIL
5,3,27,68,25.75,103.0,25.75,NG,FAIL
26,29,86,73,53.5,214.0,53.5,C+,FAIL
1,25,71,81,44.5,178.0,44.5,C,FAIL
94,11,49,96,62.5,250.0,62.5,B,FAIL
50,0,51,47,37.0,148.0,37.0,C,FAIL
42,80,32,42,49.0,196.0,49.0,C,FAIL
35,49,47,23,38.5,154.0,38.5,C,FAIL
94,4,40,51,47.25,189.0,47.25,C,FAIL
2,95,36,62,48.75,195.0,48.75,C,FAIL
57,59,97,84,74.25,297.0,74.25,B+,PASS
98,52,40,39,57.25,229.0,57.25,C+,PASS
53,66,81,13,53.25,213.0,53.25,C+,FAIL
16,66,49,73,51.0,204.0,51.0,C+,FAIL
5,80,93,89,66.75,267.0,66.75,B,FAIL
81,97,96,70,86.0,344.0,86.0,A,PASS
73,95,5,87,65.0,260.0,65.0,B,FAIL
72,69,60,88,72.25,289.0,72.25,B+,PASS
52,49,50,44,48.75,195.0,48.75,C,PASS
9,60,15,38,30.5,122.0,30.5,NG,FAIL
21,21,2,37,20.25,81.0,20.25,NG,FAIL
0,39,96,28,40.75,163.0,40.75,C,FAIL
37,27,73,6,35.75,143.0,35.75,C,FAIL
66,55,13,34,42.0,168.0,42.0,C,FAIL
78,66,66,80,72.5,290.0,72.5,B+,PASS
90,44,73,22,57.25,229.0,57.25,C+,FAIL
46,52,17,49,41.0,164.0,41.0,C,FAIL
47,69,0,15,32.75,131.0,32.75,NG,FAIL
46,92,95,32,66.25,265.0,66.25,B,FAIL
79,22,90,76,66.75,267.0,66.75,B,FAIL
28,16,12,46,25.5,102.0,25.5,NG,FAIL
59,55,89,40,60.75,243.0,60.75,B,PASS
55,19,11,37,30.5,122.0,30.5,NG,FAIL
7,0,96,46,37.25,149.0,37.25,C,FAIL
84,87,18,93,70.5,282.0,70.5,B+,FAIL
50,8,99,78,58.75,235.0,58.75,C+,FAIL
96,78,48,65,71.75,287.0,71.75,B+,PASS
11,23,92,93,54.75,219.0,54.75,C+,FAIL
60,78,34,82,63.5,254.0,63.5,B,FAIL
98,73,60,55,71.5,286.0,71.5,B+,PASS
40,16,5,22,20.75,83.0,20.75,NG,FAIL
58,46,1,68,43.25,173.0,43.25,C,FAIL
3,37,80,55,43.75,175.0,43.75,C,FAIL
14,64,30,71,44.75,179.0,44.75,C,FAIL
63,75,2,48,47.0,188.0,47.0,C,FAIL
20,6,36,47,27.25,109.0,27.25,NG,FAIL
35,78,74,44,57.75,231.0,57.75,C+,PASS
66,59,99,20,61.0,244.0,61.0,B,FAIL
70,27,17,53,41.75,167.0,41.75,C,FAIL
87,22,16,86,52.75,211.0,52.75,C+,FAIL
95,51,58,12,54.0,216.0,54.0,C+,FAIL
48,9,17,28,25.5,102.0,25.5,NG,FAIL
90,90,95,92,91.75,367.0,91.75,A+,PASS
76,64,20,2,40.5,162.0,40.5,C,FAIL
29,31,18,29,26.75,107.0,26.75,NG,FAIL
67,30,34,41,43.0,172.0,43.0,C,FAIL
18,3,53,62,34.0,136.0,34.0,NG,FAIL
13,74,83,76,61.5,246.0,61.5,B,FAIL
69,8,44,24,36.25,145.0,36.25,C,FAIL
0,69,14,84,41.75,167.0,41.75,C,FAIL
28,58,86,99,67.75,271.0,67.75,B,FAIL
34,5,17,58,28.5,114.0,28.5,NG,FAIL
45,14,81,39,44.75,179.0,44.75,C,FAIL
42,84,38,2,41.5,166.0,41.5,C,FAIL
88,9,17,31,36.25,145.0,36.25,C,FAIL
67,93,90,44,73.5,294.0,73.5,B+,PASS
95,23,94,72,71.0,284.0,71.0,B+,FAIL
31,26,41,73,42.75,171.0,42.75,C,FAIL
38,11,95,22,41.5,166.0,41.5,C,FAIL
72,91,45,26,58.5,234.0,58.5,C+,FAIL
94,10,68,84,64.0,256.0,64.0,B,FAIL
83,30,79,88,70.0,280.0,70.0,B+,FAIL
37,16,51,8,28.0,112.0,28.0,NG,FAIL
39,23,98,80,60.0,240.0,60.0,B,FAIL
47,50,55,91,60.75,243.0,60.75,B,PASS
20,70,18,90,49.5,198.0,49.5,C,FAIL
7,20,87,91,51.25,205.0,51.25,C+,FAIL
30,1,19,50,25.0,100.0,25.0,NG,FAIL
44,66,16,90,54.0,216.0,54.0,C+,FAIL
37,84,33,76,57.5,230.0,57.5,C+,FAIL
89,59,57,65,67.5,270.0,67.5,B,PASS
20,58,24,70,43.0,172.0,43.0,C,FAIL
47,10,52,96,51.25,205.0,51.25,C+,FAIL
45,90,34,56,56.25,225.0,56.25,C+,FAIL
43,79,89,2,53.25,213.0,53.25,C+,FAIL
21,32,73,87,53.25,213.0,53.25,C+,FAIL
6,56,99,28,47.25,189.0,47.25,C,FAIL
41,10,52,90,48.25,193.0,48.25,C,FAIL
90,76,57,51,68.5,274.0,68.5,B,PASS
88,55,93,98,83.5,334.0,83.5,A,PASS
75,49,91,19,58.5,234.0,58.5,C+,FAIL
18,90,43,41,48.0,192.0,48.0,C,FAIL
81,39,75,68,65.75,263.0,65.75,B,PASS
20,74,22,24,35.0,140.0,35.0,C,FAIL
85,84,73,88,82.5,330.0,82.5,A,PASS
36,4,29,62,32.75,131.0,32.75,NG,FAIL
76,46,48,85,63.75,255.0,63.75,B,PASS
44,35,32,21,33.0,132.0,33.0,NG,FAIL
83,51,84,66,71.0,284.0,71.0,B+,PASS
92,52,11,87,60.5,242.0,60.5,B,FAIL
51,61,36,17,41.25,165.0,41.25,C,FAIL
76,98,42,38,63.5,254.0,63.5,B,PASS
27,32,72,34,41.25,165.0,41.25,C,FAIL
44,40,25,4,28.25,113.0,28.25,NG,FAIL
70,75,40,84,67.25,269.0,67.25,B,PASS
63,35,59,51,52.0,208.0,52.0,C+,PASS
14,67,43,99,55.75,223.0,55.75,C+,FAIL
14,76,88,59,59.25,237.0,59.25,C+,FAIL
95,6,13,45,39.75,159.0,39.75,C,FAIL
41,9,41,28,29.75,119.0,29.75,NG,FAIL
89,9,23,83,51.0,204.0,51.0,C+,FAIL
34,91,55,45,56.25,225.0,56.25,C+,FAIL
46,64,72,48,57.5,230.0,57.5,C+,PASS
31,92,37,84,61.0,244.0,61.0,B,FAIL
60,61,9,67,49.25,197.0,49.25,C,FAIL
73,9,27,70,44.75,179.0,44.75,C,FAIL
88,88,79,58,78.25,313.0,78.25,B+,PASS
7,22,6,18,13.25,53.0,13.25,NG,FAIL
21,10,54,17,25.5,102.0,25.5,NG,FAIL
66,50,67,41,56.0,224.0,56.0,C+,PASS
68,93,75,12,62.0,248.0,62.0,B,FAIL
42,25,59,22,37.0,148.0,37.0,C,FAIL
53,85,43,58,59.75,239.0,59.75,C+,PASS
87,9,34,37,41.75,167.0,41.75,C,FAIL
18,27,82,93,55.0,220.0,55.0,C+,FAIL
22,10,92,63,46.75,187.0,46.75,C,FAIL
18,32,37,68,38.75,155.0,38.75,C,FAIL
22,24,92,14,38.0,152.0,38.0,C,FAIL
69,16,61,96,60.5,242.0,60.5,B,FAIL
58,78,20,31,46.75,187.0,46.75,C,FAIL
61,47,78,40,56.5,226.0,56.5,C+,PASS
0,31,79,13,30.75,123.0,30.75,NG,FAIL
42,62,29,60,48.25,193.0,48.25,C,FAIL
18,0,42,22,20.5,82.0,20.5,NG,FAIL
96,98,97,85,94.0,376.0,94.0,A+,PASS
12,33,41,6,23.0,92.0,23.0,NG,FAIL
12,18,89,3,30.5,122.0,30.5,NG,FAIL
27,40,2,91,40.0,160.0,40.0,C,FAIL
17,75,60,8,40.0,160.0,40.0,C,FAIL
14,8,80,28,32.5,130.0,32.5,NG,FAIL
53,84,3,77,54.25,217.0,54.25,C+,FAIL
38,60,92,54,61.0,244.0,61.0,B,PASS
98,18,39,37,48.0,192.0,48.0,C,FAIL
89,83,30,73,68.75,275.0,68.75,B,FAIL
35,73,56,55,54.75,219.0,54.75,C+,PASS
65,68,35,45,53.25,213.0,53.25,C+,PASS
69,58,71,21,54.75,219.0,54.75,C+,FAIL
31,63,3,54,37.75,151.0,37.75,C,FAIL
67,85,61,38,62.75,251.0,62.75,B,PASS
68,30,51,20,42.25,169.0,42.25,C,FAIL
32,65,78,46,55.25,221.0,55.25,C+,FAIL
85,97,96,17,73.75,295.0,73.75,B+,FAIL
24,41,26,83,43.5,174.0,43.5,C,FAIL
7,9,76,80,43.0,172.0,43.0,C,FAIL
62,63,25,8,39.5,158.0,39.5,C,FAIL
64,10,90,95,64.75,259.0,64.75,B,FAIL
51,81,60,95,71.75,287.0,71.75,B+,PASS
59,60,95,99,78.25,313.0,78.25,B+,PASS
21,99,32,84,59.0,236.0,59.0,C+,FAIL
50,79,81,91,75.25,301.0,75.25,B+,PASS
59,74,8,79,55.0,220.0,55.0,C+,FAIL
47,81,1,80,52.25,209.0,52.25,C+,FAIL
76,30,50,3,39.75,159.0,39.75,C,FAIL
91,4,88,68,62.75,251.0,62.75,B,FAIL
79,94,57,59,72.25,289.0,72.25,B+,PASS
58,66,33,37,48.5,194.0,48.5,C,FAIL
87,36,79,6,52.0,208.0,52.0,C+,FAIL
34,22,60,19,33.75,135.0,33.75,NG,FAIL
35,10,29,42,29.0,116.0,29.0,NG,FAIL
48,91,16,88,60.75,243.0,60.75,B,FAIL
70,32,8,79,47.25,189.0,47.25,C,FAIL
48,16,86,48,49.5,198.0,49.5,C,FAIL
68,99,33,64,66.0,264.0,66.0,B,FAIL
89,69,45,24,56.75,227.0,56.75,C+,FAIL
80,6,27,89,50.5,202.0,50.5,C+,FAIL
44,10,19,84,39.25,157.0,39.25,C,FAIL
10,30,23,42,26.25,105.0,26.25,NG,FAIL
42,57,85,31,53.75,215.0,53.75,C+,FAIL
63,89,3,83,59.5,238.0,59.5,C+,FAIL
23,91,69,2,46.25,185.0,46.25,C,FAIL
22,5,32,76,33.75,135.0,33.75,NG,FAIL
36,71,76,92,68.75,275.0,68.75,B,PASS
88,4,82,39,53.25,213.0,53.25,C+,FAIL
45,84,19,60,52.0,208.0,52.0,C+,FAIL
3,20,20,19,15.5,62.0,15.5,NG,FAIL
84,83,89,59,78.75,315.0,78.75,B+,PASS
27,33,99,7,41.5,166.0,41.5,C,FAIL
45,31,13,75,41.0,164.0,41.0,C,FAIL
96,99,33,15,60.75,243.0,60.75,B,FAIL
81,14,82,15,48.0,192.0,48.0,C,FAIL
99,58,4,53,53.5,214.0,53.5,C+,FAIL
65,75,27,55,55.5,222.0,55.5,C+,FAIL
65,79,87,18,62.25,249.0,62.25,B,FAIL
93,92,60,12,64.25,257.0,64.25,B,FAIL
24,48,89,56,54.25,217.0,54.25,C+,FAIL
6,80,9,97,48.0,192.0,48.0,C,FAIL
10,15,60,76,40.25,161.0,40.25,C,FAIL
96,16,88,68,67.0,268.0,67.0,B,FAIL
69,59,36,52,54.0,216.0,54.0,C+,PASS
77,51,61,49,59.5,238.0,59.5,C+,PASS
88,61,75,84,77.0,308.0,77.0,B+,PASS
31,0,26,83,35.0,140.0,35.0,C,FAIL
83,7,98,97,71.25,285.0,71.25,B+,FAIL
21,86,10,59,44.0,176.0,44.0,C,FAIL
76,8,39,90,53.25,213.0,53.25,C+,FAIL
34,7,11,60,28.0,112.0,28.0,NG,FAIL
22,2,89,81,48.5,194.0,48.5,C,FAIL
4,70,50,97,55.25,221.0,55.25,C+,FAIL
62,22,99,32,53.75,215.0,53.75,C+,FAIL
16,30,5,23,18.5,74.0,18.5,NG,FAIL
79,2,7,52,35.0,140.0,35.0,C,FAIL
21,27,15,66,32.25,129.0,32.25,NG,FAIL
84,23,42,63,53.0,212.0,53.0,C+,FAIL
9,23,18,78,32.0,128.0,32.0,NG,FAIL
93,9,21,92,53.75,215.0,53.75,C+,FAIL
9,25,66,11,27.75,111.0,27.75,NG,FAIL
97,89,12,69,66.75,267.0,66.75,B,FAIL
89,68,71,81,77.25,309.0,77.25,B+,PASS
17,33,99,38,46.75,187.0,46.75,C,FAIL
19,85,39,84,56.75,227.0,56.75,C+,FAIL
59,46,9,66,45.0,180.0,45.0,C,FAIL
58,31,26,88,50.75,203.0,50.75,C+,FAIL
86,54,22,19,45.25,181.0,45.25,C,FAIL
45,13,83,1,35.5,142.0,35.5,C,FAIL
42,69,22,36,42.25,169.0,42.25,C,FAIL
9,46,15,43,28.25,113.0,28.25,NG,FAIL
92,80,70,7,62.25,249.0,62.25,B,FAIL
54,68,27,19,42.0,168.0,42.0,C,FAIL
32,94,15,97,59.5,238.0,59.5,C+,FAIL
99,8,98,31,59.0,236.0,59.0,C+,FAIL
24,90,89,6,52.25,209.0,52.25,C+,FAIL
64,86,52,28,57.5,230.0,57.5,C+,FAIL
35,78,29,79,55.25,221.0,55.25,C+,FAIL
92,25,40,24,45.25,181.0,45.25,C,FAIL
72,45,56,41,53.5,214.0,53.5,C+,PASS
2,14,26,41,20.75,83.0,20.75,NG,FAIL
82,51,18,74,56.25,225.0,56.25,C+,FAIL
30,82,7,19,34.5,138.0,34.5,NG,FAIL
67,64,46,67,61.0,244.0,61.0,B,PASS
47,17,45,83,48.0,192.0,48.0,C,FAIL
47,41,95,11,48.5,194.0,48.5,C,FAIL
16,93,84,46,59.75,239.0,59.75,C+,FAIL
27,19,25,97,42.0,168.0,42.0,C,FAIL
95,80,20,17,53.0,212.0,53.0,C+,FAIL
10,40,99,25,43.5,174.0,43.5,C,FAIL
46,32,19,1,24.5,98.0,24.5,NG,FAIL
96,42,86,29,63.25,253.0,63.25,B,FAIL
50,6,49,37,35.5,142.0,35.5,C,FAIL
25,75,31,56,46.75,187.0,46.75,C,FAIL
79,1,18,60,39.5,158.0,39.5,C,FAIL
21,88,48,87,61.0,244.0,61.0,B,FAIL
79,81,22,60,60.5,242.0,60.5,B,FAIL
64,96,40,54,63.5,254.0,63.5,B,PASS
32,80,60,48,55.0,220.0,55.0,C+,FAIL
57,88,6,75,56.5,226.0,56.5,C+,FAIL
37,91,23,9,40.0,160.0,40.0,C,FAIL
80,77,95,41,73.25,293.0,73.25,B+,PASS
74,49,99,26,62.0,248.0,62.0,B,FAIL
33,95,64,5,49.25,197.0,49.25,C,FAIL
85,32,38,7,40.5,162.0,40.5,C,FAIL
14,31,35,19,24.75,99.0,24.75,NG,FAIL
66,92,23,54,58.75,235.0,58.75,C+,FAIL
54,55,17,29,38.75,155.0,38.75,C,FAIL
95,18,75,60,62.0,248.0,62.0,B,FAIL
67,28,53,34,45.5,182.0,45.5,C,FAIL
78,15,20,67,45.0,180.0,45.0,C,FAIL
46,25,9,44,31.0,124.0,31.0,NG,FAIL
15,23,20,58,29.0,116.0,29.0,NG,FAIL
87,5,85,40,54.25,217.0,54.25,C+,FAIL
85,87,96,64,83.0,332.0,83.0,A,PASS
13,41,66,50,42.5,170.0,42.5,C,FAIL
29,66,16,6,29.25,117.0,29.25,NG,FAIL
35,19,96,92,60.5,242.0,60.5,B,FAIL
73,29,5,57,41.0,164.0,41.0,C,FAIL
42,9,41,24,29.0,116.0,29.0,NG,FAIL
90,30,78,92,72.5,290.0,72.5,B+,FAIL
55,55,74,98,70.5,282.0,70.5,B+,PASS
26,65,16,88,48.75,195.0,48.75,C,FAIL
83,34,16,24,39.25,157.0,39.25,C,FAIL
52,59,58,57,56.5,226.0,56.5,C+,PASS
55,8,83,87,58.25,233.0,58.25,C+,FAIL
63,99,79,49,72.5,290.0,72.5,B+,PASS
90,80,12,88,67.5,270.0,67.5,B,FAIL
44,6,86,61,49.25,197.0,49.25,C,FAIL
84,88,66,23,65.25,261.0,65.25,B,FAIL
22,51,25,24,30.5,122.0,30.5,NG,FAIL
93,75,7,2,44.25,177.0,44.25,C,FAIL
45,92,76,73,71.5,286.0,71.5,B+,PASS
10,52,91,21,43.5,174.0,43.5,C,FAIL
5,97,28,25,38.75,155.0,38.75,C,FAIL
2,29,8,2,10.25,41.0,10.25,NG,FAIL
1,68,52,44,41.25,165.0,41.25,C,FAIL
45,66,35,32,44.5,178.0,44.5,C,FAIL
50,19,57,33,39.75,159.0,39.75,C,FAIL
72,24,5,87,47.0,188.0,47.0,C,FAIL
66,68,81,83,74.5,298.0,74.5,B+,PASS
20,24,16,53,28.25,113.0,28.25,NG,FAIL
57,3,27,86,43.25,173.0,43.25,C,FAIL
68,83,53,77,70.25,281.0,70.25,B+,PASS
36,51,82,58,56.75,227.0,56.75,C+,PASS
26,47,64,80,54.25,217.0,54.25,C+,FAIL
30,33,26,76,41.25,165.0,41.25,C,FAIL
9,25,13,18,16.25,65.0,16.25,NG,FAIL
1,5,71,41,29.5,118.0,29.5,NG,FAIL
32,27,8,2,17.25,69.0,17.25,NG,FAIL
17,33,68,50,42.0,168.0,42.0,C,FAIL
38,91,37,16,45.5,182.0,45.5,C,FAIL
15,6,28,16,16.25,65.0,16.25,NG,FAIL
53,55,20,65,48.25,193.0,48.25,C,FAIL
71,26,31,56,46.0,184.0,46.0,C,FAIL
54,47,93,98,73.0,292.0,73.0,B+,PASS
59,29,84,79,62.75,251.0,62.75,B,FAIL
53,22,78,11,41.0,164.0,41.0,C,FAIL
36,96,5,86,55.75,223.0,55.75,C+,FAIL
47,70,99,6,55.5,222.0,55.5,C+,FAIL
46,20,1,18,21.25,85.0,21.25,NG,FAIL
10,83,1,60,38.5,154.0,38.5,C,FAIL
97,77,10,19,50.75,203.0,50.75,C+,FAIL
73,48,4,93,54.5,218.0,54.5,C+,FAIL
45,39,26,32,35.5,142.0,35.5,C,FAIL
43,93,46,86,67.0,268.0,67.0,B,PASS
84,71,33,95,70.75,283.0,70.75,B+,FAIL
96,71,96,60,80.75,323.0,80.75,A,PASS
52,14,12,75,38.25,153.0,38.25,C,FAIL
87,7,8,43,36.25,145.0,36.25,C,FAIL
47,15,94,73,57.25,229.0,57.25,C+,FAIL
66,99,98,48,77.75,311.0,77.75,B+,PASS
4,12,60,49,31.25,125.0,31.25,NG,FAIL
16,66,4,15,25.25,101.0,25.25,NG,FAIL
10,53,56,93,53.0,212.0,53.0,C+,FAIL
33,17,93,84,56.75,227.0,56.75,C+,FAIL
79,1,16,29,31.25,125.0,31.25,NG,FAIL
57,31,12,54,38.5,154.0,38.5,C,FAIL
83,2,70,19,43.5,174.0,43.5,C,FAIL
25,44,12,27,27.0,108.0,27.0,NG,FAIL
35,29,94,81,59.75,239.0,59.75,C+,FAIL
35,98,57,12,50.5,202.0,50.5,C+,FAIL
68,93,87,94,85.5,342.0,85.5,A,PASS
52,21,63,12,37.0,148.0,37.0,C,FAIL
52,34,57,63,51.5,206.0,51.5,C+,FAIL
39,50,63,90,60.5,242.0,60.5,B,PASS
72,10,30,98,52.5,210.0,52.5,C+,FAIL
25,41,39,72,44.25,177.0,44.25,C,FAIL
51,93,68,2,53.5,214.0,53.5,C+,FAIL
95,33,93,10,57.75,231.0,57.75,C+,FAIL
9,10,36,56,27.75,111.0,27.75,NG,FAIL
30,14,38,29,27.75,111.0,27.75,NG,FAIL
5,58,93,36,48.0,192.0,48.0,C,FAIL
32,6,95,60,48.25,193.0,48.25,C,FAIL
74,75,24,10,45.75,183.0,45.75,C,FAIL
19,56,19,45,34.75,139.0,34.75,NG,FAIL
36,71,4,63,43.5,174.0,43.5,C,FAIL
40,59,70,95,66.0,264.0,66.0,B,PASS
46,53,96,7,50.5,202.0,50.5,C+,FAIL
24,62,43,44,43.25,173.0,43.25,C,FAIL
25,26,7,67,31.25,125.0,31.25,NG,FAIL
4,65,41,30,35.0,140.0,35.0,C,FAIL
80,54,46,43,55.75,223.0,55.75,C+,PASS
10,16,53,57,34.0,136.0,34.0,NG,FAIL
25,62,16,22,31.25,125.0,31.25,NG,FAIL
31,58,8,24,30.25,121.0,30.25,NG,FAIL
69,92,78,45,71.0,284.0,71.0,B+,PASS
41,7,72,74,48.5,194.0,48.5,C,FAIL
78,26,42,80,56.5,226.0,56.5,C+,FAIL
64,47,79,87,69.25,277.0,69.25,B,PASS
99,17,64,15,48.75,195.0,48.75,C,FAIL
1,2,2,14,4.75,19.0,4.75,NG,FAIL
44,4,56,33,34.25,137.0,34.25,NG,FAIL
8,42,5,89,36.0,144.0,36.0,C,FAIL
1,12,10,82,26.25,105.0,26.25,NG,FAIL
48,10,95,72,56.25,225.0,56.25,C+,FAIL
22,29,5,73,32.25,129.0,32.25,NG,FAIL
20,47,78,74,54.75,219.0,54.75,C+,FAIL
56,87,27,8,44.5,178.0,44.5,C,FAIL
5,42,30,33,27.5,110.0,27.5,NG,FAIL
30,25,85,36,44.0,176.0,44.0,C,FAIL
33,35,8,58,33.5,134.0,33.5,NG,FAIL
8,42,46,62,39.5,158.0,39.5,C,FAIL
4,23,72,47,36.5,146.0,36.5,C,FAIL
65,91,49,99,76.0,304.0,76.0,B+,PASS
98,29,74,43,61.0,244.0,61.0,B,FAIL
95,38,32,32,49.25,197.0,49.25,C,FAIL
33,33,24,23,28.25,113.0,28.25,NG,FAIL
25,97,3,68,48.25,193.0,48.25,C,FAIL
86,72,83,28,67.25,269.0,67.25,B,FAIL
61,35,24,33,38.25,153.0,38.25,C,FAIL
90,82,64,74,77.5,310.0,77.5,B+,PASS
49,18,10,56,33.25,133.0,33.25,NG,FAIL
90,54,32,29,51.25,205.0,51.25,C+,FAIL
98,25,45,86,63.5,254.0,63.5,B,FAIL
84,63,54,47,62.0,248.0,62.0,B,PASS
62,98,6,26,48.0,192.0,48.0,C,FAIL
70,3,13,18,26.0,104.0,26.0,NG,FAIL
18,64,85,56,55.75,223.0,55.75,C+,FAIL
32,62,44,64,50.5,202.0,50.5,C+,FAIL
5,34,94,89,55.5,222.0,55.5,C+,FAIL
25,10,94,66,48.75,195.0,48.75,C,FAIL
31,43,79,67,55.0,220.0,55.0,C+,FAIL
75,20,26,65,46.5,186.0,46.5,C,FAIL
51,75,9,94,57.25,229.0,57.25,C+,FAIL
77,35,43,91,61.5,246.0,61.5,B,PASS
21,56,26,27,32.5,130.0,32.5,NG,FAIL
34,91,79,47,62.75,251.0,62.75,B,FAIL
10,16,65,3,23.5,94.0,23.5,NG,FAIL
0,37,19,92,37.0,148.0,37.0,C,FAIL
98,51,16,18,45.75,183.0,45.75,C,FAIL
49,95,64,6,53.5,214.0,53.5,C+,FAIL
97,62,12,19,47.5,190.0,47.5,C,FAIL
90,1,96,40,56.75,227.0,56.75,C+,FAIL
0,57,92,21,42.5,170.0,42.5,C,FAIL
59,65,21,9,38.5,154.0,38.5,C,FAIL
93,18,43,86,60.0,240.0,60.0,B,FAIL
82,27,35,42,46.5,186.0,46.5,C,FAIL
64,84,48,57,63.25,253.0,63.25,B,PASS
64,64,99,4,57.75,231.0,57.75,C+,FAIL
27,12,29,39,26.75,107.0,26.75,NG,FAIL
94,1,91,76,65.5,262.0,65.5,B,FAIL
0,53,83,76,53.0,212.0,53.0,C+,FAIL
44,36,71,73,56.0,224.0,56.0,C+,PASS
35,98,0,64,49.25,197.0,49.25,C,FAIL
29,69,4,69,42.75,171.0,42.75,C,FAIL
73,89,9,1,43.0,172.0,43.0,C,FAIL
15,55,51,6,31.75,127.0,31.75,NG,FAIL
99,6,94,44,60.75,243.0,60.75,B,FAIL
66,83,54,37,60.0,240.0,60.0,B,PASS
99,78,63,49,72.25,289.0,72.25,B+,PASS
89,83,99,82,88.25,353.0,88.25,A,PASS
4,89,15,35,35.75,143.0,35.75,C,FAIL
64,47,63,20,48.5,194.0,48.5,C,FAIL
28,19,23,8,19.5,78.0,19.5,NG,FAIL
82,65,70,18,58.75,235.0,58.75,C+,FAIL
94,65,8,96,65.75,263.0,65.75,B,FAIL
46,98,62,60,66.5,266.0,66.5,B,PASS
70,16,5,98,47.25,189.0,47.25,C,FAIL
2,53,51,77,45.75,183.0,45.75,C,FAIL
13,11,91,23,34.5,138.0,34.5,NG,FAIL
34,5,80,62,45.25,181.0,45.25,C,FAIL
31,80,11,65,46.75,187.0,46.75,C,FAIL
79,36,81,79,68.75,275.0,68.75,B,PASS
10,58,87,33,47.0,188.0,47.0,C,FAIL
41,59,22,35,39.25,157.0,39.25,C,FAIL
93,94,0,24,52.75,211.0,52.75,C+,FAIL
98,66,63,80,76.75,307.0,76.75,B+,PASS
12,76,88,13,47.25,189.0,47.25,C,FAIL
39,99,85,18,60.25,241.0,60.25,B,FAIL
52,52,65,61,57.5,230.0,57.5,C+,PASS
80,2,55,2,34.75,139.0,34.75,NG,FAIL
47,73,78,28,56.5,226.0,56.5,C+,FAIL
1,26,75,40,35.5,142.0,35.5,C,FAIL
18,99,40,64,55.25,221.0,55.25,C+,FAIL
97,49,7,12,41.25,165.0,41.25,C,FAIL
63,58,79,63,65.75,263.0,65.75,B,PASS
84,19,84,88,68.75,275.0,68.75,B,FAIL
95,56,90,81,80.5,322.0,80.5,A,PASS
31,62,76,50,54.75,219.0,54.75,C+,FAIL
50,36,93,19,49.5,198.0,49.5,C,FAIL
45,34,25,84,47.0,188.0,47.0,C,FAIL
83,65,71,2,55.25,221.0,55.25,C+,FAIL
60,66,51,3,45.0,180.0,45.0,C,FAIL
58,12,44,99,53.25,213.0,53.25,C+,FAIL
31,14,3,50,24.5,98.0,24.5,NG,FAIL
74,3,77,86,60.0,240.0,60.0,B,FAIL
74,76,5,12,41.75,167.0,41.75,C,FAIL
65,31,39,81,54.0,216.0,54.0,C+,FAIL
64,29,2,15,27.5,110.0,27.5,NG,FAIL
96,32,66,79,68.25,273.0,68.25,B,FAIL
48,22,73,63,51.5,206.0,51.5,C+,FAIL
79,56,31,30,49.0,196.0,49.0,C,FAIL
66,36,92,54,62.0,248.0,62.0,B,PASS
92,20,41,7,40.0,160.0,40.0,C,FAIL
42,91,66,24,55.75,223.0,55.75,C+,FAIL
59,66,80,5,52.5,210.0,52.5,C+,FAIL
44,77,57,71,62.25,249.0,62.25,B,PASS
94,50,59,3,51.5,206.0,51.5,C+,FAIL
78,63,97,99,84.25,337.0,84.25,A,PASS
21,1,36,14,18.0,72.0,18.0,NG,FAIL
0,75,47,10,33.0,132.0,33.0,NG,FAIL
45,17,55,64,45.25,181.0,45.25,C,FAIL
87,77,93,82,84.75,339.0,84.75,A,PASS
2,43,98,37,45.0,180.0,45.0,C,FAIL
83,2,95,93,68.25,273.0,68.25,B,FAIL
8,5,22,82,29.25,117.0,29.25,NG,FAIL
88,77,8,19,48.0,192.0,48.0,C,FAIL
57,31,31,33,38.0,152.0,38.0,C,FAIL
52,71,59,61,60.75,243.0,60.75,B,PASS
55,76,39,81,62.75,251.0,62.75,B,PASS
79,16,29,34,39.5,158.0,39.5,C,FAIL
20,15,36,96,41.75,167.0,41.75,C,FAIL
3,66,48,98,53.75,215.0,53.75,C+,FAIL
13,37,56,56,40.5,162.0,40.5,C,FAIL
49,57,28,55,47.25,189.0,47.25,C,FAIL
93,28,70,71,65.5,262.0,65.5,B,FAIL
7,3,24,13,11.75,47.0,11.75,NG,FAIL
18,14,16,51,24.75,99.0,24.75,NG,FAIL
23,88,59,52,55.5,222.0,55.5,C+,FAIL
78,48,0,16,35.5,142.0,35.5,C,FAIL
12,90,66,23,47.75,191.0,47.75,C,FAIL
81,5,27,82,48.75,195.0,48.75,C,FAIL
86,94,80,84,86.0,344.0,86.0,A,PASS
32,77,77,38,56.0,224.0,56.0,C+,FAIL
11,6,55,68,35.0,140.0,35.0,C,FAIL
25,23,86,63,49.25,197.0,49.25,C,FAIL
90,97,96,51,83.5,334.0,83.5,A,PASS
84,55,58,80,69.25,277.0,69.25,B,PASS
12,34,41,72,39.75,159.0,39.75,C,FAIL
88,79,97,90,88.5,354.0,88.5,A,PASS
60,78,34,6,44.5,178.0,44.5,C,FAIL
38,29,24,1,23.0,92.0,23.0,NG,FAIL
4,13,58,45,30.0,120.0,30.0,NG,FAIL
68,58,75,82,70.75,283.0,70.75,B+,PASS
45,2,61,48,39.0,156.0,39.0,C,FAIL
99,35,15,18,41.75,167.0,41.75,C,FAIL
48,48,58,6,40.0,160.0,40.0,C,FAIL
81,78,28,3,47.5,190.0,47.5,C,FAIL
75,8,90,66,59.75,239.0,59.75,C+,FAIL
75,42,65,69,62.75,251.0,62.75,B,PASS
81,88,50,35,63.5,254.0,63.5,B,PASS
26,13,22,46,26.75,107.0,26.75,NG,FAIL
84,91,21,49,61.25,245.0,61.25,B,FAIL
22,5,78,94,49.75,199.0,49.75,C,FAIL
42,28,18,95,45.75,183.0,45.75,C,FAIL
17,32,95,69,53.25,213.0,53.25,C+,FAIL
59,91,55,5,52.5,210.0,52.5,C+,FAIL
98,38,0,21,39.25,157.0,39.25,C,FAIL
2,86,53,42,45.75,183.0,45.75,C,FAIL
49,46,1,40,34.0,136.0,34.0,NG,FAIL
39,59,96,12,51.5,206.0,51.5,C+,FAIL
79,59,33,2,43.25,173.0,43.25,C,FAIL
49,0,15,24,22.0,88.0,22.0,NG,FAIL
5,50,25,58,34.5,138.0,34.5,NG,FAIL
20,17,66,11,28.5,114.0,28.5,NG,FAIL
6,76,69,6,39.25,157.0,39.25,C,FAIL
93,41,92,76,75.5,302.0,75.5,B+,PASS
25,26,81,85,54.25,217.0,54.25,C+,FAIL
79,86,80,60,76.25,305.0,76.25,B+,PASS
39,8,57,80,46.0,184.0,46.0,C,FAIL
44,2,64,87,49.25,197.0,49.25,C,FAIL
39,10,96,59,51.0,204.0,51.0,C+,FAIL
29,64,56,78,56.75,227.0,56.75,C+,FAIL
12,13,4,19,12.0,48.0,12.0,NG,FAIL
45,5,96,61,51.75,207.0,51.75,C+,FAIL
35,70,26,25,39.0,156.0,39.0,C,FAIL
89,61,83,39,68.0,272.0,68.0,B,PASS
22,35,42,19,29.5,118.0,29.5,NG,FAIL
79,74,97,69,79.75,319.0,79.75,B+,PASS
19,36,7,82,36.0,144.0,36.0,C,FAIL
85,56,65,20,56.5,226.0,56.5,C+,FAIL
8,64,11,97,45.0,180.0,45.0,C,FAIL
20,69,45,13,36.75,147.0,36.75,C,FAIL
47,61,71,79,64.5,258.0,64.5,B,PASS
14,58,42,22,34.0,136.0,34.0,NG,FAIL
63,95,9,95,65.5,262.0,65.5,B,FAIL
89,8,93,69,64.75,259.0,64.75,B,FAIL
36,50,72,54,53.0,212.0,53.0,C+,PASS
52,63,17,23,38.75,155.0,38.75,C,FAIL
4,66,96,11,44.25,177.0,44.25,C,FAIL
76,35,27,62,50.0,200.0,50.0,C+,FAIL
40,59,76,50,56.25,225.0,56.25,C+,PASS
32,78,36,90,59.0,236.0,59.0,C+,FAIL
49,3,49,49,37.5,150.0,37.5,C,FAIL
58,58,16,38,42.5,170.0,42.5,C,FAIL
55,67,91,26,59.75,239.0,59.75,C+,FAIL
78,33,22,17,37.5,150.0,37.5,C,FAIL
2,65,2,89,39.5,158.0,39.5,C,FAIL
81,97,19,55,63.0,252.0,63.0,B,FAIL
9,41,6,32,22.0,88.0,22.0,NG,FAIL
67,79,95,55,74.0,296.0,74.0,B+,PASS
61,23,60,76,55.0,220.0,55.0,C+,FAIL
14,43,99,44,50.0,200.0,50.0,C+,FAIL
74,67,48,83,68.0,272.0,68.0,B,PASS
63,19,78,42,50.5,202.0,50.5,C+,FAIL
77,16,11,28,33.0,132.0,33.0,NG,FAIL
16,55,91,65,56.75,227.0,56.75,C+,FAIL
71,16,58,35,45.0,180.0,45.0,C,FAIL
55,36,11,55,39.25,157.0,39.25,C,FAIL
23,5,80,41,37.25,149.0,37.25,C,FAIL
3,39,65,58,41.25,165.0,41.25,C,FAIL
83,90,63,13,62.25,249.0,62.25,B,FAIL
8,37,93,79,54.25,217.0,54.25,C+,FAIL
99,18,51,80,62.0,248.0,62.0,B,FAIL
53,5,71,2,32.75,131.0,32.75,NG,FAIL
14,15,85,56,42.5,170.0,42.5,C,FAIL
75,83,97,95,87.5,350.0,87.5,A,PASS
4,83,81,50,54.5,218.0,54.5,C+,FAIL
79,50,38,44,52.75,211.0,52.75,C+,PASS
22,18,24,42,26.5,106.0,26.5,NG,FAIL
67,90,5,1,40.75,163.0,40.75,C,FAIL
18,56,43,11,32.0,128.0,32.0,NG,FAIL
67,46,13,33,39.75,159.0,39.75,C,FAIL
19,60,49,40,42.0,168.0,42.0,C,FAIL
71,95,69,34,67.25,269.0,67.25,B,FAIL
15,8,80,2,26.25,105.0,26.25,NG,FAIL
49,68,64,66,61.75,247.0,61.75,B,PASS
66,26,68,43,50.75,203.0,50.75,C+,FAIL
23,43,49,75,47.5,190.0,47.5,C,FAIL
86,4,65,40,48.75,195.0,48.75,C,FAIL
22,73,36,90,55.25,221.0,55.25,C+,FAIL
56,27,7,24,28.5,114.0,28.5,NG,FAIL
13,70,26,50,39.75,159.0,39.75,C,FAIL
91,19,4,77,47.75,191.0,47.75,C,FAIL
55,86,61,41,60.75,243.0,60.75,B,PASS
52,73,25,10,40.0,160.0,40.0,C,FAIL
80,41,23,15,39.75,159.0,39.75,C,FAIL
37,21,52,18,32.0,128.0,32.0,NG,FAIL
47,18,31,23,29.75,119.0,29.75,NG,FAIL
66,48,76,47,59.25,237.0,59.25,C+,PASS
91,72,19,12,48.5,194.0,48.5,C,FAIL
58,76,69,43,61.5,246.0,61.5,B,PASS
43,6,19,64,33.0,132.0,33.0,NG,FAIL
96,78,79,45,74.5,298.0,74.5,B+,PASS
51,32,12,93,47.0,188.0,47.0,C,FAIL
13,3,52,58,31.5,126.0,31.5,NG,FAIL
27,73,54,82,59.0,236.0,59.0,C+,FAIL
33,14,10,42,24.75,99.0,24.75,NG,FAIL
13,61,98,23,48.75,195.0,48.75,C,FAIL
13,36,61,97,51.75,207.0,51.75,C+,FAIL
56,31,61,79,56.75,227.0,56.75,C+,FAIL
0,51,53,87,47.75,191.0,47.75,C,FAIL
70,61,6,42,44.75,179.0,44.75,C,FAIL
75,85,43,34,59.25,237.0,59.25,C+,FAIL
8,34,40,11,23.25,93.0,23.25,NG,FAIL
61,78,98,33,67.5,270.0,67.5,B,FAIL
38,38,20,61,39.25,157.0,39.25,C,FAIL
5,15,6,21,11.75,47.0,11.75,NG,FAIL
79,24,41,92,59.0,236.0,59.0,C+,FAIL
65,30,68,21,46.0,184.0,46.0,C,FAIL
36,48,21,26,32.75,131.0,32.75,NG,FAIL
85,84,82,57,77.0,308.0,77.0,B+,PASS
66,72,85,65,72.0,288.0,72.0,B+,PASS
10,91,19,38,39.5,158.0,39.5,C,FAIL
16,64,39,71,47.5,190.0,47.5,C,FAIL
78,80,4,85,61.75,247.0,61.75,B,FAIL
21,41,8,44,28.5,114.0,28.5,NG,FAIL
1,93,83,93,67.5,270.0,67.5,B,FAIL
83,19,76,1,44.75,179.0,44.75,C,FAIL
72,85,78,83,79.5,318.0,79.5,B+,PASS
15,1,98,61,43.75,175.0,43.75,C,FAIL
13,99,92,18,55.5,222.0,55.5,C+,FAIL
21,75,44,23,40.75,163.0,40.75,C,FAIL
47,69,30,40,46.5,186.0,46.5,C,FAIL
17,36,5,35,23.25,93.0,23.25,NG,FAIL
34,42,20,17,28.25,113.0,28.25,NG,FAIL
36,59,70,33,49.5,198.0,49.5,C,FAIL
50,80,88,61,69.75,279.0,69.75,B,PASS
80,5,6,7,24.5,98.0,24.5,NG,FAIL
24,99,56,48,56.75,227.0,56.75,C+,FAIL
83,58,9,33,45.75,183.0,45.75,C,FAIL
2,69,71,32,43.5,174.0,43.5,C,FAIL
27,39,0,8,18.5,74.0,18.5,NG,FAIL
0,39,65,12,29.0,116.0,29.0,NG,FAIL
45,71,58,71,61.25,245.0,61.25,B,PASS
12,23,31,98,41.0,164.0,41.0,C,FAIL
75,16,56,74,55.25,221.0,55.25,C+,FAIL
53,95,72,32,63.0,252.0,63.0,B,FAIL
11,46,49,50,39.0,156.0,39.0,C,FAIL
38,98,31,32,49.75,199.0,49.75,C,FAIL
81,39,57,88,66.25,265.0,66.25,B,PASS
73,6,14,9,25.5,102.0,25.5,NG,FAIL
6,93,85,18,50.5,202.0,50.5,C+,FAIL
70,31,35,3,34.75,139.0,34.75,NG,FAIL
56,60,30,87,58.25,233.0,58.25,C+,FAIL
57,31,23,13,31.0,124.0,31.0,NG,FAIL
9,91,22,8,32.5,130.0,32.5,NG,FAIL
38,11,0,42,22.75,91.0,22.75,NG,FAIL
19,46,0,73,34.5,138.0,34.5,NG,FAIL
92,74,65,68,74.75,299.0,74.75,B+,PASS
2,33,10,8,13.25,53.0,13.25,NG,FAIL
4,14,89,60,41.75,167.0,41.75,C,FAIL
75,30,7,99,52.75,211.0,52.75,C+,FAIL
43,86,99,6,58.5,234.0,58.5,C+,FAIL
55,30,93,32,52.5,210.0,52.5,C+,FAIL
20,43,16,19,24.5,98.0,24.5,NG,FAIL
42,20,30,71,40.75,163.0,40.75,C,FAIL
43,68,42,95,62.0,248.0,62.0,B,PASS
18,6,84,70,44.5,178.0,44.5,C,FAIL
10,49,1,54,28.5,114.0,28.5,NG,FAIL
4,87,45,47,45.75,183.0,45.75,C,FAIL
82,87,69,95,83.25,333.0,83.25,A,PASS
45,31,90,32,49.5,198.0,49.5,C,FAIL
28,85,65,71,62.25,249.0,62.25,B,FAIL
41,62,66,46,53.75,215.0,53.75,C+,PASS
71,25,40,79,53.75,215.0,53.75,C+,FAIL
15,51,72,34,43.0,172.0,43.0,C,FAIL
35,38,52,88,53.25,213.0,53.25,C+,PASS
52,21,3,89,41.25,165.0,41.25,C,FAIL
23,36,31,48,34.5,138.0,34.5,NG,FAIL
3,25,7,98,33.25,133.0,33.25,NG,FAIL
30,34,30,79,43.25,173.0,43.25,C,FAIL
17,55,89,61,55.5,222.0,55.5,C+,FAIL
15,92,61,49,54.25,217.0,54.25,C+,FAIL
64,15,88,39,51.5,206.0,51.5,C+,FAIL
26,1,28,90,36.25,145.0,36.25,C,FAIL
98,70,18,42,57.0,228.0,57.0,C+,FAIL
74,46,34,99,63.25,253.0,63.25,B,FAIL
85,19,27,84,53.75,215.0,53.75,C+,FAIL
54,56,67,62,59.75,239.0,59.75,C+,PASS
17,87,33,9,36.5,146.0,36.5,C,FAIL
98,77,28,5,52.0,208.0,52.0,C+,FAIL
35,66,62,71,58.5,234.0,58.5,C+,PASS
45,68,61,44,54.5,218.0,54.5,C+,PASS
16,66,95,84,65.25,261.0,65.25,B,FAIL
92,6,90,57,61.25,245.0,61.25,B,FAIL
13,32,47,32,31.0,124.0,31.0,NG,FAIL
81,92,64,78,78.75,315.0,78.75,B+,PASS
76,73,18,9,44.0,176.0,44.0,C,FAIL
78,62,37,40,54.25,217.0,54.25,C+,PASS
15,30,51,80,44.0,176.0,44.0,C,FAIL
47,82,43,79,62.75,251.0,62.75,B,PASS
14,54,95,2,41.25,165.0,41.25,C,FAIL
60,38,66,55,54.75,219.0,54.75,C+,PASS
23,34,65,19,35.25,141.0,35.25,C,FAIL
43,75,7,68,48.25,193.0,48.25,C,FAIL
17,13,33,73,34.0,136.0,34.0,NG,FAIL
30,20,48,93,47.75,191.0,47.75,C,FAIL
84,21,71,26,50.5,202.0,50.5,C+,FAIL
92,97,8,32,57.25,229.0,57.25,C+,FAIL
28,33,61,93,53.75,215.0,53.75,C+,FAIL
51,59,57,40,51.75,207.0,51.75,C+,PASS
36,47,87,66,59.0,236.0,59.0,C+,PASS
54,4,36,4,24.5,98.0,24.5,NG,FAIL
0,61,17,8,21.5,86.0,21.5,NG,FAIL
88,29,18,63,49.5,198.0,49.5,C,FAIL
27,76,61,8,43.0,172.0,43.0,C,FAIL
89,29,13,45,44.0,176.0,44.0,C,FAIL
40,71,3,34,37.0,148.0,37.0,C,FAIL
81,13,66,4,41.0,164.0,41.0,C,FAIL
68,97,79,80,81.0,324.0,81.0,A,PASS
4,37,23,73,34.25,137.0,34.25,NG,FAIL
65,42,65,82,63.5,254.0,63.5,B,PASS
65,84,93,60,75.5,302.0,75.5,B+,PASS
48,31,72,95,61.5,246.0,61.5,B,FAIL
90,91,90,99,92.5,370.0,92.5,A+,PASS
70,90,30,81,67.75,271.0,67.75,B,FAIL
11,58,9,25,25.75,103.0,25.75,NG,FAIL
70,16,87,83,64.0,256.0,64.0,B,FAIL
34,48,7,67,39.0,156.0,39.0,C,FAIL
99,80,32,41,63.0,252.0,63.0,B,FAIL
70,84,8,90,63.0,252.0,63.0,B,FAIL
95,54,36,35,55.0,220.0,55.0,C+,PASS
20,43,81,51,48.75,195.0,48.75,C,FAIL
13,6,29,81,32.25,129.0,32.25,NG,FAIL
6,80,55,21,40.5,162.0,40.5,C,FAIL
42,95,63,69,67.25,269.0,67.25,B,PASS
71,18,81,69,59.75,239.0,59.75,C+,FAIL
79,7,75,31,48.0,192.0,48.0,C,FAIL
37,39,6,54,34.0,136.0,34.0,NG,FAIL
97,36,5,22,40.0,160.0,40.0,C,FAIL
1,87,83,79,62.5,250.0,62.5,B,FAIL
10,53,71,30,41.0,164.0,41.0,C,FAIL
21,79,49,43,48.0,192.0,48.0,C,FAIL
27,21,41,35,31.0,124.0,31.0,NG,FAIL
87,57,32,30,51.5,206.0,51.5,C+,FAIL
13,31,88,44,44.0,176.0,44.0,C,FAIL
50,25,80,36,47.75,191.0,47.75,C,FAIL
88,94,75,30,71.75,287.0,71.75,B+,FAIL
97,75,55,16,60.75,243.0,60.75,B,FAIL
83,73,41,93,72.5,290.0,72.5,B+,PASS
67,85,47,3,50.5,202.0,50.5,C+,FAIL
12,38,11,2,15.75,63.0,15.75,NG,FAIL
8,96,13,92,52.25,209.0,52.25,C+,FAIL
37,51,77,96,65.25,261.0,65.25,B,PASS
93,4,34,18,37.25,149.0,37.25,C,FAIL
1,1,92,87,45.25,181.0,45.25,C,FAIL
10,41,81,59,47.75,191.0,47.75,C,FAIL
14,13,73,43,35.75,143.0,35.75,C,FAIL
26,29,48,86,47.25,189.0,47.25,C,FAIL
67,80,11,62,55.0,220.0,55.0,C+,FAIL
33,9,35,62,34.75,139.0,34.75,NG,FAIL
2,31,3,81,29.25,117.0,29.25,NG,FAIL
67,26,88,51,58.0,232.0,58.0,C+,FAIL
81,73,11,9,43.5,174.0,43.5,C,FAIL
53,5,10,17,21.25,85.0,21.25,NG,FAIL
88,79,57,12,59.0,236.0,59.0,C+,FAIL
16,24,3,27,17.5,70.0,17.5,NG,FAIL
3,74,87,6,42.5,170.0,42.5,C,FAIL
93,21,8,65,46.75,187.0,46.75,C,FAIL
28,92,61,43,56.0,224.0,56.0,C+,FAIL
39,76,53,17,46.25,185.0,46.25,C,FAIL
9,46,63,71,47.25,189.0,47.25,C,FAIL
9,3,45,69,31.5,126.0,31.5,NG,FAIL
2,65,62,86,53.75,215.0,53.75,C+,FAIL
63,53,60,22,49.5,198.0,49.5,C,FAIL
20,39,95,3,39.25,157.0,39.25,C,FAIL
80,84,68,82,78.5,314.0,78.5,B+,PASS
19,39,80,51,47.25,189.0,47.25,C,FAIL
80,78,70,91,79.75,319.0,79.75,B+,PASS
90,23,34,22,42.25,169.0,42.25,C,FAIL
62,16,57,36,42.75,171.0,42.75,C,FAIL
14,87,41,23,41.25,165.0,41.25,C,FAIL
99,74,16,1,47.5,190.0,47.5,C,FAIL
97,37,67,65,66.5,266.0,66.5,B,PASS
32,75,14,96,54.25,217.0,54.25,C+,FAIL
74,45,45,12,44.0,176.0,44.0,C,FAIL
41,57,21,33,38.0,152.0,38.0,C,FAIL
67,29,76,64,59.0,236.0,59.0,C+,FAIL
54,2,17,64,34.25,137.0,34.25,NG,FAIL
81,41,34,72,57.0,228.0,57.0,C+,FAIL
21,69,67,75,58.0,232.0,58.0,C+,FAIL
35,86,28,96,61.25,245.0,61.25,B,FAIL
85,43,95,20,60.75,243.0,60.75,B,FAIL
88,29,73,49,59.75,239.0,59.75,C+,FAIL
50,76,98,88,78.0,312.0,78.0,B+,PASS
71,66,79,90,76.5,306.0,76.5,B+,PASS
60,85,80,66,72.75,291.0,72.75,B+,PASS
23,90,76,8,49.25,197.0,49.25,C,FAIL
13,40,56,46,38.75,155.0,38.75,C,FAIL
43,97,6,36,45.5,182.0,45.5,C,FAIL
45,3,41,13,25.5,102.0,25.5,NG,FAIL
52,35,48,2,34.25,137.0,34.25,NG,FAIL
19,46,58,18,35.25,141.0,35.25,C,FAIL
61,28,11,75,43.75,175.0,43.75,C,FAIL
1,48,74,93,54.0,216.0,54.0,C+,FAIL
46,84,74,54,64.5,258.0,64.5,B,PASS
71,59,61,67,64.5,258.0,64.5,B,PASS
82,24,89,26,55.25,221.0,55.25,C+,FAIL
31,84,98,52,66.25,265.0,66.25,B,FAIL
56,84,74,56,67.5,270.0,67.5,B,PASS
94,63,41,39,59.25,237.0,59.25,C+,PASS
38,39,47,44,42.0,168.0,42.0,C,PASS
98,17,42,52,52.25,209.0,52.25,C+,FAIL
81,24,4,56,41.25,165.0,41.25,C,FAIL
35,86,18,96,58.75,235.0,58.75,C+,FAIL
15,28,61,57,40.25,161.0,40.25,C,FAIL
9,49,67,55,45.0,180.0,45.0,C,FAIL
66,27,7,67,41.75,167.0,41.75,C,FAIL
81,76,11,26,48.5,194.0,48.5,C,FAIL
30,65,50,94,59.75,239.0,59.75,C+,FAIL
50,46,70,72,59.5,238.0,59.5,C+,PASS
12,29,9,71,30.25,121.0,30.25,NG,FAIL
53,19,94,69,58.75,235.0,58.75,C+,FAIL
4,83,50,22,39.75,159.0,39.75,C,FAIL
93,26,36,28,45.75,183.0,45.75,C,FAIL
66,95,60,81,75.5,302.0,75.5,B+,PASS
89,93,95,73,87.5,350.0,87.5,A,PASS
77,68,99,16,65.0,260.0,65.0,B,FAIL
44,75,11,83,53.25,213.0,53.25,C+,FAIL
65,62,80,84,72.75,291.0,72.75,B+,PASS
34,20,70,71,48.75,195.0,48.75,C,FAIL
57,68,81,77,70.75,283.0,70.75,B+,PASS
22,94,40,16,43.0,172.0,43.0,C,FAIL
41,9,40,8,24.5,98.0,24.5,NG,FAIL
7,76,37,61,45.25,181.0,45.25,C,FAIL
99,6,54,65,56.0,224.0,56.0,C+,FAIL
66,24,67,61,54.5,218.0,54.5,C+,FAIL
84,0,12,28,31.0,124.0,31.0,NG,FAIL
51,21,29,57,39.5,158.0,39.5,C,FAIL
59,92,84,58,73.25,293.0,73.25,B+,PASS
64,32,93,66,63.75,255.0,63.75,B,FAIL
94,44,56,58,63.0,252.0,63.0,B,PASS
97,83,41,94,78.75,315.0,78.75,B+,PASS
22,18,55,89,46.0,184.0,46.0,C,FAIL
30,0,80,83,48.25,193.0,48.25,C,FAIL
42,6,39,19,26.5,106.0,26.5,NG,FAIL
15,39,51,62,41.75,167.0,41.75,C,FAIL
29,77,63,36,51.25,205.0,51.25,C+,FAIL
9,31,81,36,39.25,157.0,39.25,C,FAIL
26,93,25,22,41.5,166.0,41.5,C,FAIL
59,81,34,75,62.25,249.0,62.25,B,FAIL
32,71,75,24,50.5,202.0,50.5,C+,FAIL
28,91,46,74,59.75,239.0,59.75,C+,FAIL
23,63,80,71,59.25,237.0,59.25,C+,FAIL
68,61,42,33,51.0,204.0,51.0,C+,FAIL
20,92,36,97,61.25,245.0,61.25,B,FAIL
82,88,6,59,58.75,235.0,58.75,C+,FAIL
3,1,57,34,23.75,95.0,23.75,NG,FAIL
92,34,67,89,70.5,282.0,70.5,B+,FAIL
69,93,92,63,79.25,317.0,79.25,B+,PASS
37,11,42,94,46.0,184.0,46.0,C,FAIL
78,45,29,87,59.75,239.0,59.75,C+,FAIL
54,84,70,68,69.0,276.0,69.0,B,PASS
1,23,76,53,38.25,153.0,38.25,C,FAIL
37,0,74,46,39.25,157.0,39.25,C,FAIL
60,49,96,60,66.25,265.0,66.25,B,PASS
11,27,92,23,38.25,153.0,38.25,C,FAIL
95,31,7,76,52.25,209.0,52.25,C+,FAIL
59,66,93,19,59.25,237.0,59.25,C+,FAIL
62,98,58,61,69.75,279.0,69.75,B,PASS
92,73,67,84,79.0,316.0,79.0,B+,PASS
45,65,0,57,41.75,167.0,41.75,C,FAIL
77,75,84,37,68.25,273.0,68.25,B,PASS
18,83,94,92,71.75,287.0,71.75,B+,FAIL
46,5,30,72,38.25,153.0,38.25,C,FAIL
73,56,10,23,40.5,162.0,40.5,C,FAIL
53,19,49,41,40.5,162.0,40.5,C,FAIL
34,5,20,45,26.0,104.0,26.0,NG,FAIL
24,2,16,47,22.25,89.0,22.25,NG,FAIL
65,60,24,96,61.25,245.0,61.25,B,FAIL
32,35,5,62,33.5,134.0,33.5,NG,FAIL
33,16,85,25,39.75,159.0,39.75,C,FAIL
18,42,41,24,31.25,125.0,31.25,NG,FAIL
38,30,62,21,37.75,151.0,37.75,C,FAIL
39,99,55,15,52.0,208.0,52.0,C+,FAIL
77,79,40,18,53.5,214.0,53.5,C+,FAIL
34,35,28,35,33.0,132.0,33.0,NG,FAIL
87,85,17,57,61.5,246.0,61.5,B,FAIL
68,26,29,52,43.75,175.0,43.75,C,FAIL
5,53,99,1,39.5,158.0,39.5,C,FAIL
71,2,97,94,66.0,264.0,66.0,B,FAIL
0,97,68,33,49.5,198.0,49.5,C,FAIL
19,18,91,0,32.0,128.0,32.0,NG,FAIL
85,29,21,99,58.5,234.0,58.5,C+,FAIL
31,36,22,95,46.0,184.0,46.0,C,FAIL
75,19,72,4,42.5,170.0,42.5,C,FAIL
6,12,1,2,5.25,21.0,5.25,NG,FAIL
85,34,15,99,58.25,233.0,58.25,C+,FAIL
22,83,61,1,41.75,167.0,41.75,C,FAIL
41,45,85,56,56.75,227.0,56.75,C+,PASS
35,32,45,84,49.0,196.0,49.0,C,FAIL
24,1,29,74,32.0,128.0,32.0,NG,FAIL
1,84,48,30,40.75,163.0,40.75,C,FAIL
68,77,40,66,62.75,251.0,62.75,B,PASS
50,32,87,40,52.25,209.0,52.25,C+,FAIL
28,3,7,79,29.25,117.0,29.25,NG,FAIL
77,39,20,5,35.25,141.0,35.25,C,FAIL
23,94,99,67,70.75,283.0,70.75,B+,FAIL
35,80,19,5,34.75,139.0,34.75,NG,FAIL
60,10,87,36,48.25,193.0,48.25,C,FAIL
7,88,45,77,54.25,217.0,54.25,C+,FAIL
86,87,66,78,79.25,317.0,79.25,B+,PASS
55,14,64,85,54.5,218.0,54.5,C+,FAIL
77,45,14,52,47.0,188.0,47.0,C,FAIL
45,99,26,66,59.0,236.0,59.0,C+,FAIL
73,52,69,16,52.5,210.0,52.5,C+,FAIL
42,1,68,85,49.0,196.0,49.0,C,FAIL
60,13,5,82,40.0,160.0,40.0,C,FAIL
59,94,40,73,66.5,266.0,66.5,B,PASS
34,12,45,87,44.5,178.0,44.5,C,FAIL
90,18,78,21,51.75,207.0,51.75,C+,FAIL
91,75,43,95,76.0,304.0,76.0,B+,PASS
35,46,49,86,54.0,216.0,54.0,C+,PASS
22,90,7,87,51.5,206.0,51.5,C+,FAIL
98,67,52,79,74.0,296.0,74.0,B+,PASS
0,81,89,50,55.0,220.0,55.0,C+,FAIL
28,94,96,38,64.0,256.0,64.0,B,FAIL
29,85,1,57,43.0,172.0,43.0,C,FAIL
37,65,26,69,49.25,197.0,49.25,C,FAIL
44,91,74,52,65.25,261.0,65.25,B,PASS
36,12,46,9,25.75,103.0,25.75,NG,FAIL
23,17,51,98,47.25,189.0,47.25,C,FAIL
98,53,70,63,71.0,284.0,71.0,B+,PASS
48,15,20,90,43.25,173.0,43.25,C,FAIL
34,64,66,18,45.5,182.0,45.5,C,FAIL
59,42,26,79,51.5,206.0,51.5,C+,FAIL
31,24,38,66,39.75,159.0,39.75,C,FAIL
97,90,97,47,82.75,331.0,82.75,A,PASS
50,34,98,99,70.25,281.0,70.25,B+,FAIL
95,89,50,46,70.0,280.0,70.0,B+,PASS
71,51,27,66,53.75,215.0,53.75,C+,FAIL
91,35,72,45,60.75,243.0,60.75,B,PASS
25,27,21,26,24.75,99.0,24.75,NG,FAIL
71,86,88,5,62.5,250.0,62.5,B,FAIL
96,88,98,79,90.25,361.0,90.25,A+,PASS
6,92,82,24,51.0,204.0,51.0,C+,FAIL
67,87,65,29,62.0,248.0,62.0,B,FAIL
20,32,91,15,39.5,158.0,39.5,C,FAIL
15,19,12,85,32.75,131.0,32.75,NG,FAIL
22,76,47,18,40.75,163.0,40.75,C,FAIL
76,88,79,31,68.5,274.0,68.5,B,FAIL
19,70,48,29,41.5,166.0,41.5,C,FAIL
1,8,48,40,24.25,97.0,24.25,NG,FAIL
66,32,94,47,59.75,239.0,59.75,C+,FAIL
67,47,33,5,38.0,152.0,38.0,C,FAIL
11,29,44,95,44.75,179.0,44.75,C,FAIL
59,79,69,43,62.5,250.0,62.5,B,PASS
79,61,10,87,59.25,237.0,59.25,C+,FAIL
21,70,37,47,43.75,175.0,43.75,C,FAIL
24,52,60,26,40.5,162.0,40.5,C,FAIL
19,83,58,66,56.5,226.0,56.5,C+,FAIL
7,50,74,70,50.25,201.0,50.25,C+,FAIL
55,91,18,1,41.25,165.0,41.25,C,FAIL
26,32,44,61,40.75,163.0,40.75,C,FAIL
84,14,36,66,50.0,200.0,50.0,C+,FAIL
60,67,90,10,56.75,227.0,56.75,C+,FAIL
5,78,84,1,42.0,168.0,42.0,C,FAIL
21,27,98,38,46.0,184.0,46.0,C,FAIL
97,65,41,47,62.5,250.0,62.5,B,PASS
65,34,77,20,49.0,196.0,49.0,C,FAIL
69,62,31,96,64.5,258.0,64.5,B,FAIL
79,1,88,52,55.0,220.0,55.0,C+,FAIL
29,54,1,67,37.75,151.0,37.75,C,FAIL
44,31,22,65,40.5,162.0,40.5,C,FAIL
37,84,20,99,60.0,240.0,60.0,B,FAIL
74,88,30,56,62.0,248.0,62.0,B,FAIL
14,77,22,73,46.5,186.0,46.5,C,FAIL
95,52,65,68,70.0,280.0,70.0,B+,PASS
22,5,66,87,45.0,180.0,45.0,C,FAIL
66,27,95,39,56.75,227.0,56.75,C+,FAIL
7,33,39,86,41.25,165.0,41.25,C,FAIL
90,65,46,19,55.0,220.0,55.0,C+,FAIL
96,53,2,62,53.25,213.0,53.25,C+,FAIL
7,9,59,50,31.25,125.0,31.25,NG,FAIL
18,8,44,57,31.75,127.0,31.75,NG,FAIL
89,30,1,78,49.5,198.0,49.5,C,FAIL
76,68,75,98,79.25,317.0,79.25,B+,PASS
59,52,87,74,68.0,272.0,68.0,B,PASS
52,93,65,84,73.5,294.0,73.5,B+,PASS
99,64,10,24,49.25,197.0,49.25,C,FAIL
93,82,90,21,71.5,286.0,71.5,B+,FAIL
28,96,23,41,47.0,188.0,47.0,C,FAIL
53,9,8,66,34.0,136.0,34.0,NG,FAIL
32,37,56,67,48.0,192.0,48.0,C,FAIL
56,92,37,21,51.5,206.0,51.5,C+,FAIL
46,65,92,25,57.0,228.0,57.0,C+,FAIL
56,65,39,14,43.5,174.0,43.5,C,FAIL
27,27,99,38,47.75,191.0,47.75,C,FAIL
55,39,0,6,25.0,100.0,25.0,NG,FAIL
6,35,7,92,35.0,140.0,35.0,C,FAIL
57,40,89,43,57.25,229.0,57.25,C+,PASS
78,93,67,40,69.5,278.0,69.5,B,PASS
97,9,17,85,52.0,208.0,52.0,C+,FAIL
7,95,55,94,62.75,251.0,62.75,B,FAIL
74,4,1,34,28.25,113.0,28.25,NG,FAIL
70,68,49,88,68.75,275.0,68.75,B,PASS
69,25,4,92,47.5,190.0,47.5,C,FAIL
16,28,0,66,27.5,110.0,27.5,NG,FAIL
24,83,99,40,61.5,246.0,61.5,B,FAIL
13,63,68,27,42.75,171.0,42.75,C,FAIL
7,89,57,19,43.0,172.0,43.0,C,FAIL
46,99,35,94,68.5,274.0,68.5,B,PASS
12,98,8,44,40.5,162.0,40.5,C,FAIL
70,94,65,95,81.0,324.0,81.0,A,PASS
63,56,58,38,53.75,215.0,53.75,C+,PASS
89,27,67,35,54.5,218.0,54.5,C+,FAIL
82,58,68,71,69.75,279.0,69.75,B,PASS
92,32,18,47,47.25,189.0,47.25,C,FAIL
80,10,55,40,46.25,185.0,46.25,C,FAIL
16,93,90,78,69.25,277.0,69.25,B,FAIL
90,49,36,67,60.5,242.0,60.5,B,PASS
71,40,91,82,71.0,284.0,71.0,B+,PASS
98,47,65,42,63.0,252.0,63.0,B,PASS
72,50,82,37,60.25,241.0,60.25,B,PASS
52,94,52,32,57.5,230.0,57.5,C+,FAIL
87,54,39,23,50.75,203.0,50.75,C+,FAIL
15,86,61,87,62.25,249.0,62.25,B,FAIL
68,98,94,99,89.75,359.0,89.75,A,PASS
68,35,20,12,33.75,135.0,33.75,NG,FAIL
17,29,49,54,37.25,149.0,37.25,C,FAIL
17,71,92,53,58.25,233.0,58.25,C+,FAIL
59,34,35,30,39.5,158.0,39.5,C,FAIL
84,1,87,77,62.25,249.0,62.25,B,FAIL
15,97,39,55,51.5,206.0,51.5,C+,FAIL
49,15,34,45,35.75,143.0,35.75,C,FAIL
72,46,10,70,49.5,198.0,49.5,C,FAIL
90,38,98,14,60.0,240.0,60.0,B,FAIL
13,88,27,21,37.25,149.0,37.25,C,FAIL
30,91,41,68,57.5,230.0,57.5,C+,FAIL
70,9,12,44,33.75,135.0,33.75,NG,FAIL
4,40,26,58,32.0,128.0,32.0,NG,FAIL
29,92,96,75,73.0,292.0,73.0,B+,FAIL
95,1,85,0,45.25,181.0,45.25,C,FAIL
42,63,81,5,47.75,191.0,47.75,C,FAIL
82,93,14,55,61.0,244.0,61.0,B,FAIL
9,88,25,70,48.0,192.0,48.0,C,FAIL
49,74,39,54,54.0,216.0,54.0,C+,PASS
3,85,36,64,47.0,188.0,47.0,C,FAIL
47,44,58,92,60.25,241.0,60.25,B,PASS
96,59,62,99,79.0,316.0,79.0,B+,PASS
78,49,80,48,63.75,255.0,63.75,B,PASS
66,88,4,39,49.25,197.0,49.25,C,FAIL
19,96,2,51,42.0,168.0,42.0,C,FAIL
71,12,40,72,48.75,195.0,48.75,C,FAIL
7,86,76,41,52.5,210.0,52.5,C+,FAIL
97,90,9,84,70.0,280.0,70.0,B+,FAIL
52,29,22,99,50.5,202.0,50.5,C+,FAIL
40,37,24,47,37.0,148.0,37.0,C,FAIL
57,71,2,98,57.0,228.0,57.0,C+,FAIL
4,7,16,14,10.25,41.0,10.25,NG,FAIL
73,2,92,25,48.0,192.0,48.0,C,FAIL
48,44,68,62,55.5,222.0,55.5,C+,PASS
13,68,22,98,50.25,201.0,50.25,C+,FAIL
17,83,60,9,42.25,169.0,42.25,C,FAIL
21,43,87,89,60.0,240.0,60.0,B,FAIL
15,8,55,51,32.25,129.0,32.25,NG,FAIL
93,82,23,73,67.75,271.0,67.75,B,FAIL
49,2,85,76,53.0,212.0,53.0,C+,FAIL
53,16,85,94,62.0,248.0,62.0,B,FAIL
8,6,46,83,35.75,143.0,35.75,C,FAIL
78,65,83,68,73.5,294.0,73.5,B+,PASS
39,0,31,23,23.25,93.0,23.25,NG,FAIL
5,38,54,80,44.25,177.0,44.25,C,FAIL
88,76,39,69,68.0,272.0,68.0,B,PASS
80,81,73,3,59.25,237.0,59.25,C+,FAIL
95,59,82,84,80.0,320.0,80.0,A,PASS
95,37,58,13,50.75,203.0,50.75,C+,FAIL
90,78,94,79,85.25,341.0,85.25,A,PASS
26,85,69,62,60.5,242.0,60.5,B,FAIL
69,80,58,60,66.75,267.0,66.75,B,PASS
51,20,0,6,19.25,77.0,19.25,NG,FAIL
21,60,27,31,34.75,139.0,34.75,NG,FAIL
56,2,85,38,45.25,181.0,45.25,C,FAIL
23,88,98,79,72.0,288.0,72.0,B+,FAIL
61,2,33,35,32.75,131.0,32.75,NG,FAIL
46,12,18,64,35.0,140.0,35.0,C,FAIL
59,54,77,41,57.75,231.0,57.75,C+,PASS
98,96,3,9,51.5,206.0,51.5,C+,FAIL
62,47,8,46,40.75,163.0,40.75,C,FAIL
41,13,85,26,41.25,165.0,41.25,C,FAIL
51,58,22,49,45.0,180.0,45.0,C,FAIL
81,14,56,97,62.0,248.0,62.0,B,FAIL
66,29,32,23,37.5,150.0,37.5,C,FAIL
71,57,61,68,64.25,257.0,64.25,B,PASS
94,53,81,91,79.75,319.0,79.75,B+,PASS
57,16,31,31,33.75,135.0,33.75,NG,FAIL
47,15,67,36,41.25,165.0,41.25,C,FAIL
42,5,95,67,52.25,209.0,52.25,C+,FAIL
60,40,12,79,47.75,191.0,47.75,C,FAIL
31,7,33,39,27.5,110.0,27.5,NG,FAIL
18,66,4,88,44.0,176.0,44.0,C,FAIL
52,96,41,89,69.5,278.0,69.5,B,PASS
52,99,85,31,66.75,267.0,66.75,B,FAIL
30,74,49,19,43.0,172.0,43.0,C,FAIL
94,37,70,75,69.0,276.0,69.0,B,PASS
38,33,34,63,42.0,168.0,42.0,C,FAIL
14,53,63,70,50.0,200.0,50.0,C+,FAIL
80,67,67,41,63.75,255.0,63.75,B,PASS
74,14,68,82,59.5,238.0,59.5,C+,FAIL
39,74,8,25,36.5,146.0,36.5,C,FAIL
85,27,18,94,56.0,224.0,56.0,C+,FAIL
84,57,84,31,64.0,256.0,64.0,B,FAIL
55,87,7,2,37.75,151.0,37.75,C,FAIL
98,3,8,44,38.25,153.0,38.25,C,FAIL
36,60,23,74,48.25,193.0,48.25,C,FAIL
21,97,12,24,38.5,154.0,38.5,C,FAIL
80,42,84,98,76.0,304.0,76.0,B+,PASS
13,10,53,44,30.0,120.0,30.0,NG,FAIL
11,72,99,55,59.25,237.0,59.25,C+,FAIL
20,96,70,70,64.0,256.0,64.0,B,FAIL
37,69,57,91,63.5,254.0,63.5,B,PASS
39,88,11,80,54.5,218.0,54.5,C+,FAIL
50,76,0,78,51.0,204.0,51.0,C+,FAIL
17,2,69,80,42.0,168.0,42.0,C,FAIL
31,89,25,68,53.25,213.0,53.25,C+,FAIL
66,48,88,62,66.0,264.0,66.0,B,PASS
28,82,28,61,49.75,199.0,49.75,C,FAIL
56,79,41,62,59.5,238.0,59.5,C+,PASS
63,38,84,18,50.75,203.0,50.75,C+,FAIL
84,88,15,8,48.75,195.0,48.75,C,FAIL
17,3,12,34,16.5,66.0,16.5,NG,FAIL
53,21,83,95,63.0,252.0,63.0,B,FAIL
39,64,50,99,63.0,252.0,63.0,B,PASS
91,71,55,64,70.25,281.0,70.25,B+,PASS
2,3,56,43,26.0,104.0,26.0,NG,FAIL
45,40,9,69,40.75,163.0,40.75,C,FAIL
69,42,11,60,45.5,182.0,45.5,C,FAIL
69,91,39,56,63.75,255.0,63.75,B,PASS
43,6,69,24,35.5,142.0,35.5,C,FAIL
33,68,11,18,32.5,130.0,32.5,NG,FAIL
77,60,16,72,56.25,225.0,56.25,C+,FAIL
21,1,78,39,34.75,139.0,34.75,NG,FAIL
49,57,0,22,32.0,128.0,32.0,NG,FAIL
92,35,78,33,59.5,238.0,59.5,C+,FAIL
50,2,40,47,34.75,139.0,34.75,NG,FAIL
82,22,65,5,43.5,174.0,43.5,C,FAIL
53,37,28,50,42.0,168.0,42.0,C,FAIL
91,4,49,78,55.5,222.0,55.5,C+,FAIL
0,50,76,89,53.75,215.0,53.75,C+,FAIL
70,37,21,13,35.25,141.0,35.25,C,FAIL
72,98,77,35,70.5,282.0,70.5,B+,PASS
17,37,79,24,39.25,157.0,39.25,C,FAIL
31,7,92,81,52.75,211.0,52.75,C+,FAIL
12,51,30,65,39.5,158.0,39.5,C,FAIL
94,88,54,84,80.0,320.0,80.0,A,PASS
7,61,31,17,29.0,116.0,29.0,NG,FAIL
72,17,80,8,44.25,177.0,44.25,C,FAIL
1,55,12,63,32.75,131.0,32.75,NG,FAIL
81,54,82,24,60.25,241.0,60.25,B,FAIL
97,80,39,5,55.25,221.0,55.25,C+,FAIL
76,92,17,35,55.0,220.0,55.0,C+,FAIL
59,90,25,60,58.5,234.0,58.5,C+,FAIL
67,33,74,64,59.5,238.0,59.5,C+,FAIL
70,71,31,77,62.25,249.0,62.25,B,FAIL
64,32,71,54,55.25,221.0,55.25,C+,FAIL
74,77,9,97,64.25,257.0,64.25,B,FAIL
38,97,80,0,53.75,215.0,53.75,C+,FAIL
0,17,27,36,20.0,80.0,20.0,NG,FAIL
14,7,97,75,48.25,193.0,48.25,C,FAIL
10,71,78,31,47.5,190.0,47.5,C,FAIL
92,87,57,46,70.5,282.0,70.5,B+,PASS
80,56,2,85,55.75,223.0,55.75,C+,FAIL
8,34,6,88,34.0,136.0,34.0,NG,FAIL
69,37,49,15,42.5,170.0,42.5,C,FAIL
46,39,21,33,34.75,139.0,34.75,NG,FAIL
10,40,15,27,23.0,92.0,23.0,NG,FAIL
94,87,95,60,84.0,336.0,84.0,A,PASS
60,78,78,69,71.25,285.0,71.25,B+,PASS
2,66,27,17,28.0,112.0,28.0,NG,FAIL
42,8,65,31,36.5,146.0,36.5,C,FAIL
32,48,76,30,46.5,186.0,46.5,C,FAIL
62,14,14,53,35.75,143.0,35.75,C,FAIL
40,28,47,84,49.75,199.0,49.75,C,FAIL
87,92,41,29,62.25,249.0,62.25,B,FAIL
28,37,16,32,28.25,113.0,28.25,NG,FAIL
8,66,50,11,33.75,135.0,33.75,NG,FAIL
67,88,69,35,64.75,259.0,64.75,B,PASS
9,56,6,5,19.0,76.0,19.0,NG,FAIL
33,57,0,59,37.25,149.0,37.25,C,FAIL
82,95,96,56,82.25,329.0,82.25,A,PASS
98,96,62,64,80.0,320.0,80.0,A,PASS
12,47,1,58,29.5,118.0,29.5,NG,FAIL
12,63,59,36,42.5,170.0,42.5,C,FAIL
50,13,7,16,21.5,86.0,21.5,NG,FAIL
54,60,94,45,63.25,253.0,63.25,B,PASS
23,79,41,73,54.0,216.0,54.0,C+,FAIL
10,40,8,37,23.75,95.0,23.75,NG,FAIL
32,25,62,82,50.25,201.0,50.25,C+,FAIL
71,31,95,71,67.0,268.0,67.0,B,FAIL
83,29,11,49,43.0,172.0,43.0,C,FAIL
73,52,58,52,58.75,235.0,58.75,C+,PASS
36,54,37,14,35.25,141.0,35.25,C,FAIL
96,81,78,98,88.25,353.0,88.25,A,PASS
66,54,58,8,46.5,186.0,46.5,C,FAIL
24,31,71,78,51.0,204.0,51.0,C+,FAIL
64,35,72,74,61.25,245.0,61.25,B,PASS
39,65,24,71,49.75,199.0,49.75,C,FAIL
34,40,10,95,44.75,179.0,44.75,C,FAIL
27,72,47,94,60.0,240.0,60.0,B,FAIL
65,84,19,43,52.75,211.0,52.75,C+,FAIL
48,25,58,24,38.75,155.0,38.75,C,FAIL
69,87,77,97,82.5,330.0,82.5,A,PASS
10,4,96,64,43.5,174.0,43.5,C,FAIL
24,74,90,52,60.0,240.0,60.0,B,FAIL
96,52,79,55,70.5,282.0,70.5,B+,PASS
10,30,94,59,48.25,193.0,48.25,C,FAIL
31,70,82,59,60.5,242.0,60.5,B,FAIL
33,76,48,13,42.5,170.0,42.5,C,FAIL
95,41,91,24,62.75,251.0,62.75,B,FAIL
87,58,90,99,83.5,334.0,83.5,A,PASS
13,22,88,50,43.25,173.0,43.25,C,FAIL
78,20,18,21,34.25,137.0,34.25,NG,FAIL
59,80,59,61,64.75,259.0,64.75,B,PASS
10,47,59,11,31.75,127.0,31.75,NG,FAIL
25,89,58,73,61.25,245.0,61.25,B,FAIL
76,72,59,29,59.0,236.0,59.0,C+,FAIL
43,56,29,36,41.0,164.0,41.0,C,FAIL
84,75,58,5,55.5,222.0,55.5,C+,FAIL
85,48,14,53,50.0,200.0,50.0,C+,FAIL
48,80,61,24,53.25,213.0,53.25,C+,FAIL
65,46,78,43,58.0,232.0,58.0,C+,PASS
27,5,6,36,18.5,74.0,18.5,NG,FAIL
84,68,60,54,66.5,266.0,66.5,B,PASS
43,7,68,19,34.25,137.0,34.25,NG,FAIL
16,65,90,89,65.0,260.0,65.0,B,FAIL
31,46,17,48,35.5,142.0,35.5,C,FAIL
33,72,12,59,44.0,176.0,44.0,C,FAIL
2,34,8,88,33.0,132.0,33.0,NG,FAIL
19,75,93,72,64.75,259.0,64.75,B,FAIL
37,86,39,10,43.0,172.0,43.0,C,FAIL
38,95,19,9,40.25,161.0,40.25,C,FAIL
83,76,79,95,83.25,333.0,83.25,A,PASS
62,15,82,54,53.25,213.0,53.25,C+,FAIL
87,21,97,13,54.5,218.0,54.5,C+,FAIL
58,39,33,37,41.75,167.0,41.75,C,FAIL
66,95,12,34,51.75,207.0,51.75,C+,FAIL
47,25,7,0,19.75,79.0,19.75,NG,FAIL
71,45,17,29,40.5,162.0,40.5,C,FAIL
93,44,86,11,58.5,234.0,58.5,C+,FAIL
80,47,51,42,55.0,220.0,55.0,C+,PASS
24,51,12,36,30.75,123.0,30.75,NG,FAIL
61,28,24,42,38.75,155.0,38.75,C,FAIL
2,5,26,1,8.5,34.0,8.5,NG,FAIL
63,97,31,83,68.5,274.0,68.5,B,FAIL
75,11,12,2,25.0,100.0,25.0,NG,FAIL
74,87,34,22,54.25,217.0,54.25,C+,FAIL
83,4,61,29,44.25,177.0,44.25,C,FAIL
87,70,26,97,70.0,280.0,70.0,B+,FAIL
55,29,94,91,67.25,269.0,67.25,B,FAIL
41,84,23,95,60.75,243.0,60.75,B,FAIL
97,54,53,38,60.5,242.0,60.5,B,PASS
85,80,93,78,84.0,336.0,84.0,A,PASS
20,51,33,8,28.0,112.0,28.0,NG,FAIL
66,52,57,21,49.0,196.0,49.0,C,FAIL
55,33,76,85,62.25,249.0,62.25,B,FAIL
8,68,14,27,29.25,117.0,29.25,NG,FAIL
76,31,63,55,56.25,225.0,56.25,C+,FAIL
82,73,54,69,69.5,278.0,69.5,B,PASS
44,17,49,82,48.0,192.0,48.0,C,FAIL
32,8,38,3,20.25,81.0,20.25,NG,FAIL
92,98,47,79,79.0,316.0,79.0,B+,PASS
97,48,70,82,74.25,297.0,74.25,B+,PASS
98,46,83,70,74.25,297.0,74.25,B+,PASS
42,28,51,53,43.5,174.0,43.5,C,FAIL
12,42,26,33,28.25,113.0,28.25,NG,FAIL
15,51,13,29,27.0,108.0,27.0,NG,FAIL
1,57,50,56,41.0,164.0,41.0,C,FAIL
52,32,8,7,24.75,99.0,24.75,NG,FAIL
50,16,47,45,39.5,158.0,39.5,C,FAIL
13,59,16,59,36.75,147.0,36.75,C,FAIL
15,72,32,78,49.25,197.0,49.25,C,FAIL
29,44,17,15,26.25,105.0,26.25,NG,FAIL
29,42,3,81,38.75,155.0,38.75,C,FAIL
36,23,58,5,30.5,122.0,30.5,NG,FAIL
71,8,97,1,44.25,177.0,44.25,C,FAIL
53,42,48,5,37.0,148.0,37.0,C,FAIL
20,35,87,14,39.0,156.0,39.0,C,FAIL
10,21,98,85,53.5,214.0,53.5,C+,FAIL
84,86,28,85,70.75,283.0,70.75,B+,FAIL
42,70,89,14,53.75,215.0,53.75,C+,FAIL
19,37,60,90,51.5,206.0,51.5,C+,FAIL
64,83,79,61,71.75,287.0,71.75,B+,PASS
28,2,45,26,25.25,101.0,25.25,NG,FAIL
96,82,29,91,74.5,298.0,74.5,B+,FAIL
14,51,69,92,56.5,226.0,56.5,C+,FAIL
43,78,46,72,59.75,239.0,59.75,C+,PASS
34,66,70,26,49.0,196.0,49.0,C,FAIL
32,71,46,97,61.5,246.0,61.5,B,FAIL
82,89,10,77,64.5,258.0,64.5,B,FAIL
82,94,92,49,79.25,317.0,79.25,B+,PASS
77,60,67,98,75.5,302.0,75.5,B+,PASS
69,71,26,91,64.25,257.0,64.25,B,FAIL
61,60,92,1,53.5,214.0,53.5,C+,FAIL
2,34,10,75,30.25,121.0,30.25,NG,FAIL
23,18,90,80,52.75,211.0,52.75,C+,FAIL
75,69,35,15,48.5,194.0,48.5,C,FAIL
83,35,40,37,48.75,195.0,48.75,C,PASS
36,46,46,83,52.75,211.0,52.75,C+,PASS
21,47,13,52,33.25,133.0,33.25,NG,FAIL
85,66,77,65,73.25,293.0,73.25,B+,PASS
30,50,82,3,41.25,165.0,41.25,C,FAIL
87,82,27,60,64.0,256.0,64.0,B,FAIL
16,30,38,87,42.75,171.0,42.75,C,FAIL
28,49,82,58,54.25,217.0,54.25,C+,FAIL
67,95,80,69,77.75,311.0,77.75,B+,PASS
40,89,33,34,49.0,196.0,49.0,C,FAIL
23,74,7,38,35.5,142.0,35.5,C,FAIL
82,47,19,13,40.25,161.0,40.25,C,FAIL
90,20,34,19,40.75,163.0,40.75,C,FAIL
43,23,23,15,26.0,104.0,26.0,NG,FAIL
70,32,96,92,72.5,290.0,72.5,B+,FAIL
81,79,26,56,60.5,242.0,60.5,B,FAIL
90,68,93,80,82.75,331.0,82.75,A,PASS
37,10,35,84,41.5,166.0,41.5,C,FAIL
13,25,94,99,57.75,231.0,57.75,C+,FAIL
62,29,0,76,41.75,167.0,41.75,C,FAIL
51,33,21,34,34.75,139.0,34.75,NG,FAIL
76,15,17,27,33.75,135.0,33.75,NG,FAIL
56,97,22,2,44.25,177.0,44.25,C,FAIL
77,61,71,50,64.75,259.0,64.75,B,PASS
66,41,50,2,39.75,159.0,39.75,C,FAIL
73,55,53,88,67.25,269.0,67.25,B,PASS
60,33,83,4,45.0,180.0,45.0,C,FAIL
41,5,94,42,45.5,182.0,45.5,C,FAIL
2,63,57,77,49.75,199.0,49.75,C,FAIL
79,49,5,9,35.5,142.0,35.5,C,FAIL
20,31,60,38,37.25,149.0,37.25,C,FAIL
67,3,73,40,45.75,183.0,45.75,C,FAIL
40,10,25,6,20.25,81.0,20.25,NG,FAIL
22,45,51,4,30.5,122.0,30.5,NG,FAIL
70,29,85,25,52.25,209.0,52.25,C+,FAIL
98,71,11,13,48.25,193.0,48.25,C,FAIL
65,86,81,12,61.0,244.0,61.0,B,FAIL
93,38,17,23,42.75,171.0,42.75,C,FAIL
72,45,36,10,40.75,163.0,40.75,C,FAIL
86,21,91,72,67.5,270.0,67.5,B,FAIL
34,84,64,85,66.75,267.0,66.75,B,FAIL
11,76,83,97,66.75,267.0,66.75,B,FAIL
11,36,33,9,22.25,89.0,22.25,NG,FAIL
35,29,68,15,36.75,147.0,36.75,C,FAIL
48,6,59,90,50.75,203.0,50.75,C+,FAIL
84,56,94,20,63.5,254.0,63.5,B,FAIL
58,44,78,37,54.25,217.0,54.25,C+,PASS
3,26,35,42,26.5,106.0,26.5,NG,FAIL
58,11,52,65,46.5,186.0,46.5,C,FAIL
93,99,44,96,83.0,332.0,83.0,A,PASS
75,24,90,57,61.5,246.0,61.5,B,FAIL
48,23,91,27,47.25,189.0,47.25,C,FAIL
0,32,48,2,20.5,82.0,20.5,NG,FAIL
26,32,22,89,42.25,169.0,42.25,C,FAIL
51,60,3,49,40.75,163.0,40.75,C,FAIL
95,36,94,47,68.0,272.0,68.0,B,PASS
37,72,34,25,42.0,168.0,42.0,C,FAIL
64,68,20,28,45.0,180.0,45.0,C,FAIL
44,20,49,98,52.75,211.0,52.75,C+,FAIL
32,92,70,74,67.0,268.0,67.0,B,FAIL
79,36,66,55,59.0,236.0,59.0,C+,PASS
38,41,37,40,39.0,156.0,39.0,C,PASS
59,54,40,6,39.75,159.0,39.75,C,FAIL
53,89,73,40,63.75,255.0,63.75,B,PASS
80,89,73,87,82.25,329.0,82.25,A,PASS
60,81,58,66,66.25,265.0,66.25,B,PASS
58,86,29,52,56.25,225.0,56.25,C+,FAIL
42,85,97,30,63.5,254.0,63.5,B,FAIL
1,19,38,46,26.0,104.0,26.0,NG,FAIL
91,51,24,75,60.25,241.0,60.25,B,FAIL
66,17,6,71,40.0,160.0,40.0,C,FAIL
57,93,11,59,55.0,220.0,55.0,C+,FAIL
67,20,72,20,44.75,179.0,44.75,C,FAIL
37,11,41,50,34.75,139.0,34.75,NG,FAIL
23,85,32,51,47.75,191.0,47.75,C,FAIL
74,29,81,72,64.0,256.0,64.0,B,FAIL
93,59,53,42,61.75,247.0,61.75,B,PASS
58,55,35,39,46.75,187.0,46.75,C,PASS
85,85,49,66,71.25,285.0,71.25,B+,PASS
11,3,45,31,22.5,90.0,22.5,NG,FAIL
39,99,67,49,63.5,254.0,63.5,B,PASS
73,47,64,71,63.75,255.0,63.75,B,PASS
58,78,54,36,56.5,226.0,56.5,C+,PASS
80,43,68,51,60.5,242.0,60.5,B,PASS
53,19,37,11,30.0,120.0,30.0,NG,FAIL
1,83,58,85,56.75,227.0,56.75,C+,FAIL
1,43,10,81,33.75,135.0,33.75,NG,FAIL
96,97,84,54,82.75,331.0,82.75,A,PASS
72,62,48,30,53.0,212.0,53.0,C+,FAIL
79,95,3,11,47.0,188.0,47.0,C,FAIL
71,43,75,7,49.0,196.0,49.0,C,FAIL
52,14,73,38,44.25,177.0,44.25,C,FAIL
0,0,5,92,24.25,97.0,24.25,NG,FAIL
80,29,31,17,39.25,157.0,39.25,C,FAIL
79,94,79,70,80.5,322.0,80.5,A,PASS
47,23,86,29,46.25,185.0,46.25,C,FAIL
17,28,26,5,19.0,76.0,19.0,NG,FAIL
55,7,21,66,37.25,149.0,37.25,C,FAIL
58,72,49,91,67.5,270.0,67.5,B,PASS
22,21,19,3,16.25,65.0,16.25,NG,FAIL
99,73,1,55,57.0,228.0,57.0,C+,FAIL
18,96,38,63,53.75,215.0,53.75,C+,FAIL
14,91,72,33,52.5,210.0,52.5,C+,FAIL
63,51,86,77,69.25,277.0,69.25,B,PASS
71,80,83,88,80.5,322.0,80.5,A,PASS
28,92,51,83,63.5,254.0,63.5,B,FAIL
47,30,58,23,39.5,158.0,39.5,C,FAIL
22,65,52,48,46.75,187.0,46.75,C,FAIL
50,11,57,78,49.0,196.0,49.0,C,FAIL
79,76,51,79,71.25,285.0,71.25,B+,PASS
88,97,90,37,78.0,312.0,78.0,B+,PASS
83,67,25,78,63.25,253.0,63.25,B,FAIL
53,41,31,43,42.0,168.0,42.0,C,FAIL
6,76,16,56,38.5,154.0,38.5,C,FAIL
61,29,36,48,43.5,174.0,43.5,C,FAIL
69,9,92,3,43.25,173.0,43.25,C,FAIL
47,30,78,87,60.5,242.0,60.5,B,FAIL
72,37,14,42,41.25,165.0,41.25,C,FAIL
69,85,60,21,58.75,235.0,58.75,C+,FAIL
55,63,31,63,53.0,212.0,53.0,C+,FAIL
61,37,78,98,68.5,274.0,68.5,B,PASS
28,12,97,81,54.5,218.0,54.5,C+,FAIL
10,73,97,42,55.5,222.0,55.5,C+,FAIL
86,11,24,22,35.75,143.0,35.75,C,FAIL
98,64,30,64,64.0,256.0,64.0,B,FAIL
74,0,7,68,37.25,149.0,37.25,C,FAIL
31,60,31,1,30.75,123.0,30.75,NG,FAIL
10,22,81,41,38.5,154.0,38.5,C,FAIL
89,87,35,31,60.5,242.0,60.5,B,FAIL
34,36,65,61,49.0,196.0,49.0,C,FAIL
91,46,33,91,65.25,261.0,65.25,B,FAIL
45,39,65,78,56.75,227.0,56.75,C+,PASS
96,21,95,47,64.75,259.0,64.75,B,FAIL
21,97,71,21,52.5,210.0,52.5,C+,FAIL
31,71,81,50,58.25,233.0,58.25,C+,FAIL
7,53,49,84,48.25,193.0,48.25,C,FAIL
98,51,95,92,84.0,336.0,84.0,A,PASS
32,38,51,1,30.5,122.0,30.5,NG,FAIL
33,37,66,15,37.75,151.0,37.75,C,FAIL
24,37,18,35,28.5,114.0,28.5,NG,FAIL
91,66,94,74,81.25,325.0,81.25,A,PASS
36,80,32,47,48.75,195.0,48.75,C,FAIL
39,72,44,83,59.5,238.0,59.5,C+,PASS
84,2,68,58,53.0,212.0,53.0,C+,FAIL
44,82,30,75,57.75,231.0,57.75,C+,FAIL
82,21,4,46,38.25,153.0,38.25,C,FAIL
73,84,26,91,68.5,274.0,68.5,B,FAIL
10,12,80,61,40.75,163.0,40.75,C,FAIL
79,10,11,32,33.0,132.0,33.0,NG,FAIL
46,46,92,98,70.5,282.0,70.5,B+,PASS
27,84,13,61,46.25,185.0,46.25,C,FAIL
22,55,37,69,45.75,183.0,45.75,C,FAIL
8,6,8,81,25.75,103.0,25.75,NG,FAIL
93,74,72,41,70.0,280.0,70.0,B+,PASS
54,28,97,57,59.0,236.0,59.0,C+,FAIL
57,15,67,75,53.5,214.0,53.5,C+,FAIL
35,81,25,4,36.25,145.0,36.25,C,FAIL
12,60,48,10,32.5,130.0,32.5,NG,FAIL
38,24,36,55,38.25,153.0,38.25,C,FAIL
31,13,80,97,55.25,221.0,55.25,C+,FAIL
2,31,9,68,27.5,110.0,27.5,NG,FAIL
33,11,95,18,39.25,157.0,39.25,C,FAIL
85,24,69,36,53.5,214.0,53.5,C+,FAIL
36,80,14,50,45.0,180.0,45.0,C,FAIL
21,37,83,95,59.0,236.0,59.0,C+,FAIL
77,77,77,69,75.0,300.0,75.0,B+,PASS
45,83,48,27,50.75,203.0,50.75,C+,FAIL
8,19,58,71,39.0,156.0,39.0,C,FAIL
14,68,50,20,38.0,152.0,38.0,C,FAIL
16,96,73,68,63.25,253.0,63.25,B,FAIL
1,94,57,89,60.25,241.0,60.25,B,FAIL
33,0,81,59,43.25,173.0,43.25,C,FAIL
41,70,97,66,68.5,274.0,68.5,B,PASS
44,56,57,34,47.75,191.0,47.75,C,FAIL
11,79,96,19,51.25,205.0,51.25,C+,FAIL
3,16,96,90,51.25,205.0,51.25,C+,FAIL
36,69,26,0,32.75,131.0,32.75,NG,FAIL
90,47,53,59,62.25,249.0,62.25,B,PASS
39,31,52,54,44.0,176.0,44.0,C,FAIL
68,70,34,53,56.25,225.0,56.25,C+,FAIL
40,20,49,0,27.25,109.0,27.25,NG,FAIL
89,15,62,75,60.25,241.0,60.25,B,FAIL
46,6,72,84,52.0,208.0,52.0,C+,FAIL
2,40,92,58,48.0,192.0,48.0,C,FAIL
57,10,81,41,47.25,189.0,47.25,C,FAIL
86,8,58,40,48.0,192.0,48.0,C,FAIL
55,97,66,81,74.75,299.0,74.75,B+,PASS
33,19,65,11,32.0,128.0,32.0,NG,FAIL
30,98,89,36,63.25,253.0,63.25,B,FAIL
40,5,58,27,32.5,130.0,32.5,NG,FAIL
60,53,44,59,54.0,216.0,54.0,C+,PASS
87,18,77,42,56.0,224.0,56.0,C+,FAIL
8,4,49,70,32.75,131.0,32.75,NG,FAIL
74,54,58,2,47.0,188.0,47.0,C,FAIL
42,41,63,8,38.5,154.0,38.5,C,FAIL
99,19,92,64,68.5,274.0,68.5,B,FAIL
34,80,82,25,55.25,221.0,55.25,C+,FAIL
75,59,88,82,76.0,304.0,76.0,B+,PASS
77,2,99,9,46.75,187.0,46.75,C,FAIL
6,21,30,36,23.25,93.0,23.25,NG,FAIL
58,19,41,32,37.5,150.0,37.5,C,FAIL
14,71,24,76,46.25,185.0,46.25,C,FAIL
20,0,19,10,12.25,49.0,12.25,NG,FAIL
28,48,60,1,34.25,137.0,34.25,NG,FAIL
63,31,6,77,44.25,177.0,44.25,C,FAIL
59,82,68,4,53.25,213.0,53.25,C+,FAIL
4,5,40,71,30.0,120.0,30.0,NG,FAIL
83,1,20,71,43.75,175.0,43.75,C,FAIL
18,42,14,93,41.75,167.0,41.75,C,FAIL
42,24,27,94,46.75,187.0,46.75,C,FAIL
39,37,63,37,44.0,176.0,44.0,C,PASS
62,36,51,8,39.25,157.0,39.25,C,FAIL
95,35,43,56,57.25,229.0,57.25,C+,PASS
50,59,80,42,57.75,231.0,57.75,C+,PASS
14,29,13,49,26.25,105.0,26.25,NG,FAIL
93,29,83,77,70.5,282.0,70.5,B+,FAIL
86,13,87,94,70.0,280.0,70.0,B+,FAIL
37,85,71,58,62.75,251.0,62.75,B,PASS
11,4,60,42,29.25,117.0,29.25,NG,FAIL
42,56,64,6,42.0,168.0,42.0,C,FAIL
93,85,80,50,77.0,308.0,77.0,B+,PASS
3,33,96,38,42.5,170.0,42.5,C,FAIL
90,72,15,33,52.5,210.0,52.5,C+,FAIL
39,40,1,76,39.0,156.0,39.0,C,FAIL
64,4,11,55,33.5,134.0,33.5,NG,FAIL
64,6,40,68,44.5,178.0,44.5,C,FAIL
77,8,2,78,41.25,165.0,41.25,C,FAIL
50,59,15,71,48.75,195.0,48.75,C,FAIL
60,3,66,11,35.0,140.0,35.0,C,FAIL
98,34,37,3,43.0,172.0,43.0,C,FAIL
20,59,42,27,37.0,148.0,37.0,C,FAIL
67,9,66,14,39.0,156.0,39.0,C,FAIL
63,37,69,39,52.0,208.0,52.0,C+,PASS
86,53,0,48,46.75,187.0,46.75,C,FAIL
42,58,40,4,36.0,144.0,36.0,C,FAIL
79,51,81,77,72.0,288.0,72.0,B+,PASS
31,46,19,18,28.5,114.0,28.5,NG,FAIL
1,3,0,60,16.0,64.0,16.0,NG,FAIL
82,21,1,64,42.0,168.0,42.0,C,FAIL
9,77,12,76,43.5,174.0,43.5,C,FAIL
33,50,80,94,64.25,257.0,64.25,B,FAIL
93,47,35,87,65.5,262.0,65.5,B,PASS
41,77,4,22,36.0,144.0,36.0,C,FAIL
77,23,60,77,59.25,237.0,59.25,C+,FAIL
95,51,43,67,64.0,256.0,64.0,B,PASS
77,98,35,57,66.75,267.0,66.75,B,PASS
80,3,46,39,42.0,168.0,42.0,C,FAIL
65,4,38,79,46.5,186.0,46.5,C,FAIL
25,58,77,24,46.0,184.0,46.0,C,FAIL
70,29,37,97,58.25,233.0,58.25,C+,FAIL
93,15,71,41,55.0,220.0,55.0,C+,FAIL
38,21,89,74,55.5,222.0,55.5,C+,FAIL
62,28,19,56,41.25,165.0,41.25,C,FAIL
25,76,2,97,50.0,200.0,50.0,C+,FAIL
31,65,33,71,50.0,200.0,50.0,C+,FAIL
2,2,99,31,33.5,134.0,33.5,NG,FAIL
30,61,95,17,50.75,203.0,50.75,C+,FAIL
18,14,65,93,47.5,190.0,47.5,C,FAIL
24,87,56,5,43.0,172.0,43.0,C,FAIL
27,56,98,78,64.75,259.0,64.75,B,FAIL
93,86,11,95,71.25,285.0,71.25,B+,FAIL
23,12,95,18,37.0,148.0,37.0,C,FAIL
32,94,22,17,41.25,165.0,41.25,C,FAIL
76,90,68,25,64.75,259.0,64.75,B,FAIL
24,85,34,91,58.5,234.0,58.5,C+,FAIL
35,38,12,22,26.75,107.0,26.75,NG,FAIL
94,89,45,89,79.25,317.0,79.25,B+,PASS
27,13,47,12,24.75,99.0,24.75,NG,FAIL
19,90,59,20,47.0,188.0,47.0,C,FAIL
63,97,42,9,52.75,211.0,52.75,C+,FAIL
17,4,93,77,47.75,191.0,47.75,C,FAIL
64,80,53,70,66.75,267.0,66.75,B,PASS
25,15,4,2,11.5,46.0,11.5,NG,FAIL
50,53,81,78,65.5,262.0,65.5,B,PASS
97,47,57,19,55.0,220.0,55.0,C+,FAIL
42,44,53,95,58.5,234.0,58.5,C+,PASS
19,12,40,57,32.0,128.0,32.0,NG,FAIL
92,17,96,64,67.25,269.0,67.25,B,FAIL
12,23,11,9,13.75,55.0,13.75,NG,FAIL
78,92,68,76,78.5,314.0,78.5,B+,PASS
30,84,83,16,53.25,213.0,53.25,C+,FAIL
5,0,94,80,44.75,179.0,44.75,C,FAIL
45,84,9,64,50.5,202.0,50.5,C+,FAIL
54,63,81,35,58.25,233.0,58.25,C+,PASS
24,43,86,4,39.25,157.0,39.25,C,FAIL
27,70,13,65,43.75,175.0,43.75,C,FAIL
57,4,2,53,29.0,116.0,29.0,NG,FAIL
44,80,93,77,73.5,294.0,73.5,B+,PASS
10,76,82,86,63.5,254.0,63.5,B,FAIL
46,98,96,89,82.25,329.0,82.25,A,PASS
26,17,74,66,45.75,183.0,45.75,C,FAIL
2,81,41,89,53.25,213.0,53.25,C+,FAIL
91,5,34,48,44.5,178.0,44.5,C,FAIL
4,92,90,95,70.25,281.0,70.25,B+,FAIL
94,59,11,86,62.5,250.0,62.5,B,FAIL
98,38,81,84,75.25,301.0,75.25,B+,PASS
33,29,30,31,30.75,123.0,30.75,NG,FAIL
34,89,8,45,44.0,176.0,44.0,C,FAIL
51,27,98,21,49.25,197.0,49.25,C,FAIL
10,41,70,70,47.75,191.0,47.75,C,FAIL
15,56,61,47,44.75,179.0,44.75,C,FAIL
67,75,22,73,59.25,237.0,59.25,C+,FAIL
91,2,53,81,56.75,227.0,56.75,C+,FAIL
36,67,81,44,57.0,228.0,57.0,C+,PASS
22,12,70,60,41.0,164.0,41.0,C,FAIL
9,15,79,50,38.25,153.0,38.25,C,FAIL
14,17,67,74,43.0,172.0,43.0,C,FAIL
19,91,99,10,54.75,219.0,54.75,C+,FAIL
81,37,98,78,73.5,294.0,73.5,B+,PASS
7,67,42,91,51.75,207.0,51.75,C+,FAIL
3,12,51,73,34.75,139.0,34.75,NG,FAIL
24,34,49,38,36.25,145.0,36.25,C,FAIL
68,14,63,0,36.25,145.0,36.25,C,FAIL
70,78,65,57,67.5,270.0,67.5,B,PASS
26,1,55,4,21.5,86.0,21.5,NG,FAIL
22,48,55,69,48.5,194.0,48.5,C,FAIL
79,57,40,62,59.5,238.0,59.5,C+,PASS
10,53,63,26,38.0,152.0,38.0,C,FAIL
21,67,38,16,35.5,142.0,35.5,C,FAIL
21,66,34,18,34.75,139.0,34.75,NG,FAIL
2,81,47,16,36.5,146.0,36.5,C,FAIL
62,73,20,54,52.25,209.0,52.25,C+,FAIL
66,28,35,60,47.25,189.0,47.25,C,FAIL
37,94,32,12,43.75,175.0,43.75,C,FAIL
2,85,38,86,52.75,211.0,52.75,C+,FAIL
21,55,46,63,46.25,185.0,46.25,C,FAIL
81,51,51,73,64.0,256.0,64.0,B,PASS
70,52,47,35,51.0,204.0,51.0,C+,PASS
20,16,98,11,36.25,145.0,36.25,C,FAIL
36,29,64,31,40.0,160.0,40.0,C,FAIL
42,87,16,42,46.75,187.0,46.75,C,FAIL
16,48,60,36,40.0,160.0,40.0,C,FAIL
75,72,11,71,57.25,229.0,57.25,C+,FAIL
78,97,28,86,72.25,289.0,72.25,B+,FAIL
66,12,69,55,50.5,202.0,50.5,C+,FAIL
95,8,92,88,70.75,283.0,70.75,B+,FAIL
10,86,12,71,44.75,179.0,44.75,C,FAIL
97,59,23,68,61.75,247.0,61.75,B,FAIL
82,2,31,31,36.5,146.0,36.5,C,FAIL
47,53,82,17,49.75,199.0,49.75,C,FAIL
47,23,11,27,27.0,108.0,27.0,NG,FAIL
71,64,1,67,50.75,203.0,50.75,C+,FAIL
34,9,16,94,38.25,153.0,38.25,C,FAIL
71,52,49,10,45.5,182.0,45.5,C,FAIL
95,53,73,10,57.75,231.0,57.75,C+,FAIL
81,29,45,85,60.0,240.0,60.0,B,FAIL
61,73,51,98,70.75,283.0,70.75,B+,PASS
53,42,8,33,34.0,136.0,34.0,NG,FAIL
48,71,39,44,50.5,202.0,50.5,C+,PASS
75,52,63,79,67.25,269.0,67.25,B,PASS
7,84,63,23,44.25,177.0,44.25,C,FAIL
33,3,31,24,22.75,91.0,22.75,NG,FAIL
61,19,94,6,45.0,180.0,45.0,C,FAIL
47,57,8,82,48.5,194.0,48.5,C,FAIL
28,81,4,2,28.75,115.0,28.75,NG,FAIL
64,14,78,0,39.0,156.0,39.0,C,FAIL
89,1,6,71,41.75,167.0,41.75,C,FAIL
71,91,74,97,83.25,333.0,83.25,A,PASS
98,13,23,44,44.5,178.0,44.5,C,FAIL
78,32,47,11,42.0,168.0,42.0,C,FAIL
33,15,90,77,53.75,215.0,53.75,C+,FAIL
7,35,52,89,45.75,183.0,45.75,C,FAIL
14,94,92,65,66.25,265.0,66.25,B,FAIL
12,55,31,90,47.0,188.0,47.0,C,FAIL
51,17,84,24,44.0,176.0,44.0,C,FAIL
76,83,78,58,73.75,295.0,73.75,B+,PASS
67,60,47,90,66.0,264.0,66.0,B,PASS
50,16,85,74,56.25,225.0,56.25,C+,FAIL
98,1,70,27,49.0,196.0,49.0,C,FAIL
10,72,30,53,41.25,165.0,41.25,C,FAIL
56,81,88,54,69.75,279.0,69.75,B,PASS
26,20,21,83,37.5,150.0,37.5,C,FAIL
5,54,73,6,34.5,138.0,34.5,NG,FAIL
33,8,14,92,36.75,147.0,36.75,C,FAIL
96,23,29,65,53.25,213.0,53.25,C+,FAIL
35,6,51,31,30.75,123.0,30.75,NG,FAIL
46,61,62,11,45.0,180.0,45.0,C,FAIL
72,67,96,35,67.5,270.0,67.5,B,PASS
60,2,60,42,41.0,164.0,41.0,C,FAIL
56,91,9,58,53.5,214.0,53.5,C+,FAIL
81,19,41,62,50.75,203.0,50.75,C+,FAIL
44,70,74,71,64.75,259.0,64.75,B,PASS
36,39,74,5,38.5,154.0,38.5,C,FAIL
22,13,6,0,10.25,41.0,10.25,NG,FAIL
3,68,67,24,40.5,162.0,40.5,C,FAIL
55,90,1,96,60.5,242.0,60.5,B,FAIL
5,77,76,62,55.0,220.0,55.0,C+,FAIL
75,90,45,95,76.25,305.0,76.25,B+,PASS
22,18,90,11,35.25,141.0,35.25,C,FAIL
9,16,1,37,15.75,63.0,15.75,NG,FAIL
84,13,42,73,53.0,212.0,53.0,C+,FAIL
66,31,36,45,44.5,178.0,44.5,C,FAIL
98,52,68,1,54.75,219.0,54.75,C+,FAIL
6,35,99,49,47.25,189.0,47.25,C,FAIL
15,14,30,22,20.25,81.0,20.25,NG,FAIL
97,65,60,12,58.5,234.0,58.5,C+,FAIL
70,37,65,25,49.25,197.0,49.25,C,FAIL
55,88,17,42,50.5,202.0,50.5,C+,FAIL
26,26,44,94,47.5,190.0,47.5,C,FAIL
44,70,8,21,35.75,143.0,35.75,C,FAIL
85,7,48,70,52.5,210.0,52.5,C+,FAIL
24,93,39,29,46.25,185.0,46.25,C,FAIL
47,78,98,95,79.5,318.0,79.5,B+,PASS
98,16,71,40,56.25,225.0,56.25,C+,FAIL
60,81,59,75,68.75,275.0,68.75,B,PASS
15,13,21,26,18.75,75.0,18.75,NG,FAIL
95,31,17,25,42.0,168.0,42.0,C,FAIL
55,91,8,10,41.0,164.0,41.0,C,FAIL
35,90,12,98,58.75,235.0,58.75,C+,FAIL
89,58,37,56,60.0,240.0,60.0,B,PASS
5,3,60,72,35.0,140.0,35.0,C,FAIL
69,24,77,1,42.75,171.0,42.75,C,FAIL
28,75,46,63,53.0,212.0,53.0,C+,FAIL
88,85,44,91,77.0,308.0,77.0,B+,PASS
34,98,20,20,43.0,172.0,43.0,C,FAIL
60,31,62,49,50.5,202.0,50.5,C+,FAIL
1,85,65,36,46.75,187.0,46.75,C,FAIL
96,57,84,14,62.75,251.0,62.75,B,FAIL
68,35,3,23,32.25,129.0,32.25,NG,FAIL
64,96,7,37,51.0,204.0,51.0,C+,FAIL
97,92,75,15,69.75,279.0,69.75,B,FAIL
16,79,0,83,44.5,178.0,44.5,C,FAIL
27,86,5,86,51.0,204.0,51.0,C+,FAIL
70,52,44,4,42.5,170.0,42.5,C,FAIL
18,1,30,3,13.0,52.0,13.0,NG,FAIL
89,58,81,63,72.75,291.0,72.75,B+,PASS
30,31,26,5,23.0,92.0,23.0,NG,FAIL
19,14,92,46,42.75,171.0,42.75,C,FAIL
78,95,65,21,64.75,259.0,64.75,B,FAIL
2,14,16,42,18.5,74.0,18.5,NG,FAIL
79,15,64,95,63.25,253.0,63.25,B,FAIL
60,37,56,87,60.0,240.0,60.0,B,PASS
24,38,35,94,47.75,191.0,47.75,C,FAIL
9,57,64,67,49.25,197.0,49.25,C,FAIL
4,91,14,89,49.5,198.0,49.5,C,FAIL
40,6,98,5,37.25,149.0,37.25,C,FAIL
40,0,86,40,41.5,166.0,41.5,C,FAIL
16,33,59,30,34.5,138.0,34.5,NG,FAIL
41,63,43,67,53.5,214.0,53.5,C+,PASS
39,29,62,85,53.75,215.0,53.75,C+,FAIL
23,55,64,57,49.75,199.0,49.75,C,FAIL
87,81,45,76,72.25,289.0,72.25,B+,PASS
40,74,46,56,54.0,216.0,54.0,C+,PASS
28,93,76,45,60.5,242.0,60.5,B,FAIL
36,67,68,36,51.75,207.0,51.75,C+,PASS
27,59,7,51,36.0,144.0,36.0,C,FAIL
95,51,49,36,57.75,231.0,57.75,C+,PASS
73,0,86,44,50.75,203.0,50.75,C+,FAIL
27,69,32,94,55.5,222.0,55.5,C+,FAIL
98,81,80,32,72.75,291.0,72.75,B+,FAIL
89,91,13,94,71.75,287.0,71.75,B+,FAIL
42,55,79,31,51.75,207.0,51.75,C+,FAIL
38,37,32,49,39.0,156.0,39.0,C,FAIL
30,69,92,16,51.75,207.0,51.75,C+,FAIL
61,73,78,1,53.25,213.0,53.25,C+,FAIL
53,89,20,64,56.5,226.0,56.5,C+,FAIL
85,73,27,38,55.75,223.0,55.75,C+,FAIL
87,51,2,57,49.25,197.0,49.25,C,FAIL
86,16,62,99,65.75,263.0,65.75,B,FAIL
32,36,40,7,28.75,115.0,28.75,NG,FAIL
42,8,51,91,48.0,192.0,48.0,C,FAIL
38,79,52,4,43.25,173.0,43.25,C,FAIL
83,45,72,89,72.25,289.0,72.25,B+,PASS
73,89,33,0,48.75,195.0,48.75,C,FAIL
58,87,13,69,56.75,227.0,56.75,C+,FAIL
48,21,40,23,33.0,132.0,33.0,NG,FAIL
22,33,55,43,38.25,153.0,38.25,C,FAIL
77,46,88,17,57.0,228.0,57.0,C+,FAIL
50,27,62,58,49.25,197.0,49.25,C,FAIL
36,3,99,63,50.25,201.0,50.25,C+,FAIL
45,53,75,59,58.0,232.0,58.0,C+,PASS
13,67,69,58,51.75,207.0,51.75,C+,FAIL
65,47,19,85,54.0,216.0,54.0,C+,FAIL
90,61,66,96,78.25,313.0,78.25,B+,PASS
95,34,18,99,61.5,246.0,61.5,B,FAIL
20,77,81,42,55.0,220.0,55.0,C+,FAIL
47,53,66,36,50.5,202.0,50.5,C+,PASS
93,61,68,53,68.75,275.0,68.75,B,PASS
81,33,93,22,57.25,229.0,57.25,C+,FAIL
10,76,49,5,35.0,140.0,35.0,C,FAIL
67,0,85,86,59.5,238.0,59.5,C+,FAIL
49,7,68,35,39.75,159.0,39.75,C,FAIL
8,28,2,46,21.0,84.0,21.0,NG,FAIL
84,92,95,6,69.25,277.0,69.25,B,FAIL
45,48,72,45,52.5,210.0,52.5,C+,PASS
74,35,70,61,60.0,240.0,60.0,B,PASS
70,40,78,76,66.0,264.0,66.0,B,PASS
88,42,32,53,53.75,215.0,53.75,C+,FAIL
41,2,87,11,35.25,141.0,35.25,C,FAIL
5,53,50,85,48.25,193.0,48.25,C,FAIL
53,65,18,28,41.0,164.0,41.0,C,FAIL
22,1,92,99,53.5,214.0,53.5,C+,FAIL
38,69,21,55,45.75,183.0,45.75,C,FAIL
56,81,68,63,67.0,268.0,67.0,B,PASS
49,72,11,96,57.0,228.0,57.0,C+,FAIL
70,97,79,52,74.5,298.0,74.5,B+,PASS
68,83,82,66,74.75,299.0,74.75,B+,PASS
26,14,79,1,30.0,120.0,30.0,NG,FAIL
48,97,86,57,72.0,288.0,72.0,B+,PASS
67,27,44,70,52.0,208.0,52.0,C+,FAIL
96,79,82,46,75.75,303.0,75.75,B+,PASS
96,53,49,29,56.75,227.0,56.75,C+,FAIL
58,47,96,89,72.5,290.0,72.5,B+,PASS
34,84,94,27,59.75,239.0,59.75,C+,FAIL
68,64,52,46,57.5,230.0,57.5,C+,PASS
3,33,95,28,39.75,159.0,39.75,C,FAIL
0,12,60,38,27.5,110.0,27.5,NG,FAIL
77,79,43,23,55.5,222.0,55.5,C+,FAIL
47,87,10,23,41.75,167.0,41.75,C,FAIL
13,17,17,46,23.25,93.0,23.25,NG,FAIL
35,95,55,44,57.25,229.0,57.25,C+,PASS
25,41,15,82,40.75,163.0,40.75,C,FAIL
99,81,13,55,62.0,248.0,62.0,B,FAIL
21,74,72,94,65.25,261.0,65.25,B,FAIL
91,17,84,65,64.25,257.0,64.25,B,FAIL
54,7,59,15,33.75,135.0,33.75,NG,FAIL
87,47,21,98,63.25,253.0,63.25,B,FAIL
47,7,90,47,47.75,191.0,47.75,C,FAIL
94,5,16,93,52.0,208.0,52.0,C+,FAIL
62,65,89,37,63.25,253.0,63.25,B,PASS
72,72,39,34,54.25,217.0,54.25,C+,FAIL
32,12,57,19,30.0,120.0,30.0,NG,FAIL
36,33,78,94,60.25,241.0,60.25,B,FAIL
64,50,69,48,57.75,231.0,57.75,C+,PASS
71,5,19,54,37.25,149.0,37.25,C,FAIL
67,67,51,29,53.5,214.0,53.5,C+,FAIL
4,68,4,69,36.25,145.0,36.25,C,FAIL
66,71,75,65,69.25,277.0,69.25,B,PASS
35,18,80,21,38.5,154.0,38.5,C,FAIL
44,6,71,42,40.75,163.0,40.75,C,FAIL
96,72,82,25,68.75,275.0,68.75,B,FAIL
87,67,38,93,71.25,285.0,71.25,B+,PASS
69,69,18,44,50.0,200.0,50.0,C+,FAIL
35,44,4,84,41.75,167.0,41.75,C,FAIL
16,76,45,29,41.5,166.0,41.5,C,FAIL
27,62,45,52,46.5,186.0,46.5,C,FAIL
66,81,83,2,58.0,232.0,58.0,C+,FAIL
72,61,23,92,62.0,248.0,62.0,B,FAIL
51,35,2,85,43.25,173.0,43.25,C,FAIL
64,56,63,99,70.5,282.0,70.5,B+,PASS
88,56,11,5,40.0,160.0,40.0,C,FAIL
42,12,70,97,55.25,221.0,55.25,C+,FAIL
2,19,63,13,24.25,97.0,24.25,NG,FAIL
0,55,74,13,35.5,142.0,35.5,C,FAIL
6,3,71,85,41.25,165.0,41.25,C,FAIL
93,60,26,85,66.0,264.0,66.0,B,FAIL
72,72,9,32,46.25,185.0,46.25,C,FAIL
47,60,65,25,49.25,197.0,49.25,C,FAIL
13,95,90,89,71.75,287.0,71.75,B+,FAIL
92,73,11,71,61.75,247.0,61.75,B,FAIL
54,10,40,94,49.5,198.0,49.5,C,FAIL
75,30,45,2,38.0,152.0,38.0,C,FAIL
61,99,2,91,63.25,253.0,63.25,B,FAIL
88,96,73,41,74.5,298.0,74.5,B+,PASS
86,52,56,39,58.25,233.0,58.25,C+,PASS
82,96,93,12,70.75,283.0,70.75,B+,FAIL
80,62,40,85,66.75,267.0,66.75,B,PASS
99,56,10,89,63.5,254.0,63.5,B,FAIL
37,16,48,89,47.5,190.0,47.5,C,FAIL
32,74,21,71,49.5,198.0,49.5,C,FAIL
28,29,67,62,46.5,186.0,46.5,C,FAIL
43,22,62,51,44.5,178.0,44.5,C,FAIL
22,84,4,44,38.5,154.0,38.5,C,FAIL
22,14,3,66,26.25,105.0,26.25,NG,FAIL
3,14,98,93,52.0,208.0,52.0,C+,FAIL
34,76,86,81,69.25,277.0,69.25,B,FAIL
22,80,2,50,38.5,154.0,38.5,C,FAIL
57,80,41,58,59.0,236.0,59.0,C+,PASS
50,16,24,39,32.25,129.0,32.25,NG,FAIL
50,97,28,97,68.0,272.0,68.0,B,FAIL
14,35,4,93,36.5,146.0,36.5,C,FAIL
52,61,37,10,40.0,160.0,40.0,C,FAIL
44,42,6,20,28.0,112.0,28.0,NG,FAIL
77,84,23,4,47.0,188.0,47.0,C,FAIL
96,25,3,90,53.5,214.0,53.5,C+,FAIL
77,68,52,40,59.25,237.0,59.25,C+,PASS
75,1,95,14,46.25,185.0,46.25,C,FAIL
44,80,93,10,56.75,227.0,56.75,C+,FAIL
87,86,78,31,70.5,282.0,70.5,B+,FAIL
86,73,39,37,58.75,235.0,58.75,C+,PASS
63,14,9,15,25.25,101.0,25.25,NG,FAIL
19,65,25,26,33.75,135.0,33.75,NG,FAIL
63,21,41,24,37.25,149.0,37.25,C,FAIL
44,64,33,59,50.0,200.0,50.0,C+,FAIL
65,51,31,54,50.25,201.0,50.25,C+,FAIL
3,41,90,64,49.5,198.0,49.5,C,FAIL
20,70,4,59,38.25,153.0,38.25,C,FAIL
90,32,84,33,59.75,239.0,59.75,C+,FAIL
58,73,17,90,59.5,238.0,59.5,C+,FAIL
49,17,90,49,51.25,205.0,51.25,C+,FAIL
5,12,57,75,37.25,149.0,37.25,C,FAIL
43,49,41,62,48.75,195.0,48.75,C,PASS
71,67,69,65,68.0,272.0,68.0,B,PASS
92,74,87,50,75.75,303.0,75.75,B+,PASS
95,70,49,56,67.5,270.0,67.5,B,PASS
95,29,2,70,49.0,196.0,49.0,C,FAIL
99,94,17,90,75.0,300.0,75.0,B+,FAIL
23,85,58,39,51.25,205.0,51.25,C+,FAIL
56,14,58,31,39.75,159.0,39.75,C,FAIL
74,16,75,82,61.75,247.0,61.75,B,FAIL
20,66,9,50,36.25,145.0,36.25,C,FAIL
25,95,83,86,72.25,289.0,72.25,B+,FAIL
51,38,14,86,47.25,189.0,47.25,C,FAIL
30,8,90,46,43.5,174.0,43.5,C,FAIL
24,36,6,0,16.5,66.0,16.5,NG,FAIL
2,45,2,21,17.5,70.0,17.5,NG,FAIL
86,27,86,44,60.75,243.0,60.75,B,FAIL
11,67,29,13,30.0,120.0,30.0,NG,FAIL
78,36,41,66,55.25,221.0,55.25,C+,PASS
98,71,91,63,80.75,323.0,80.75,A,PASS
46,63,33,33,43.75,175.0,43.75,C,FAIL
79,99,20,39,59.25,237.0,59.25,C+,FAIL
6,59,90,27,45.5,182.0,45.5,C,FAIL
2,38,18,33,22.75,91.0,22.75,NG,FAIL
71,35,21,94,55.25,221.0,55.25,C+,FAIL
41,22,66,58,46.75,187.0,46.75,C,FAIL
84,36,53,48,55.25,221.0,55.25,C+,PASS
61,33,51,10,38.75,155.0,38.75,C,FAIL
79,41,29,99,62.0,248.0,62.0,B,FAIL
60,15,69,79,55.75,223.0,55.75,C+,FAIL
18,66,61,90,58.75,235.0,58.75,C+,FAIL
16,5,22,10,13.25,53.0,13.25,NG,FAIL
60,73,70,30,58.25,233.0,58.25,C+,FAIL
65,95,66,74,75.0,300.0,75.0,B+,PASS
66,11,33,28,34.5,138.0,34.5,NG,FAIL
30,50,93,95,67.0,268.0,67.0,B,FAIL
45,52,39,58,48.5,194.0,48.5,C,PASS
42,31,10,72,38.75,155.0,38.75,C,FAIL
22,33,95,56,51.5,206.0,51.5,C+,FAIL
34,6,39,81,40.0,160.0,40.0,C,FAIL
15,80,3,86,46.0,184.0,46.0,C,FAIL
85,5,88,50,57.0,228.0,57.0,C+,FAIL
11,41,57,88,49.25,197.0,49.25,C,FAIL
94,64,92,8,64.5,258.0,64.5,B,FAIL
66,12,26,87,47.75,191.0,47.75,C,FAIL
72,22,92,43,57.25,229.0,57.25,C+,FAIL
92,95,5,52,61.0,244.0,61.0,B,FAIL
71,16,80,92,64.75,259.0,64.75,B,FAIL
19,53,35,89,49.0,196.0,49.0,C,FAIL
70,2,94,88,63.5,254.0,63.5,B,FAIL
38,63,54,52,51.75,207.0,51.75,C+,PASS
76,17,18,68,44.75,179.0,44.75,C,FAIL
77,70,65,49,65.25,261.0,65.25,B,PASS
75,19,15,81,47.5,190.0,47.5,C,FAIL
72,3,90,26,47.75,191.0,47.75,C,FAIL
91,49,94,51,71.25,285.0,71.25,B+,PASS
96,10,5,27,34.5,138.0,34.5,NG,FAIL
64,35,35,14,37.0,148.0,37.0,C,FAIL
31,21,18,53,30.75,123.0,30.75,NG,FAIL
51,89,92,34,66.5,266.0,66.5,B,FAIL
1,94,21,6,30.5,122.0,30.5,NG,FAIL
22,92,93,44,62.75,251.0,62.75,B,FAIL
8,56,47,9,30.0,120.0,30.0,NG,FAIL
28,76,44,42,47.5,190.0,47.5,C,FAIL
72,42,65,98,69.25,277.0,69.25,B,PASS
94,7,63,4,42.0,168.0,42.0,C,FAIL
75,84,88,60,76.75,307.0,76.75,B+,PASS
69,38,54,4,41.25,165.0,41.25,C,FAIL
1,64,9,82,39.0,156.0,39.0,C,FAIL
28,50,85,18,45.25,181.0,45.25,C,FAIL
7,73,31,55,41.5,166.0,41.5,C,FAIL
22,82,14,70,47.0,188.0,47.0,C,FAIL
28,15,44,44,32.75,131.0,32.75,NG,FAIL
38,0,27,68,33.25,133.0,33.25,NG,FAIL
54,10,63,62,47.25,189.0,47.25,C,FAIL
71,50,77,33,57.75,231.0,57.75,C+,FAIL
16,64,60,36,44.0,176.0,44.0,C,FAIL
36,63,11,60,42.5,170.0,42.5,C,FAIL
95,36,29,40,50.0,200.0,50.0,C+,FAIL
46,94,60,1,50.25,201.0,50.25,C+,FAIL
13,80,20,1,28.5,114.0,28.5,NG,FAIL
84,98,66,9,64.25,257.0,64.25,B,FAIL
33,92,60,26,52.75,211.0,52.75,C+,FAIL
61,32,98,40,57.75,231.0,57.75,C+,FAIL
33,39,78,76,56.5,226.0,56.5,C+,FAIL
4,49,5,93,37.75,151.0,37.75,C,FAIL
92,6,41,35,43.5,174.0,43.5,C,FAIL
92,57,86,75,77.5,310.0,77.5,B+,PASS
29,21,9,49,27.0,108.0,27.0,NG,FAIL
28,57,27,73,46.25,185.0,46.25,C,FAIL
60,49,95,16,55.0,220.0,55.0,C+,FAIL
20,0,24,78,30.5,122.0,30.5,NG,FAIL
29,99,11,8,36.75,147.0,36.75,C,FAIL
5,73,91,16,46.25,185.0,46.25,C,FAIL
69,93,29,17,52.0,208.0,52.0,C+,FAIL
82,4,55,6,36.75,147.0,36.75,C,FAIL
53,40,36,79,52.0,208.0,52.0,C+,PASS
58,99,71,24,63.0,252.0,63.0,B,FAIL
99,67,89,60,78.75,315.0,78.75,B+,PASS
15,67,3,46,32.75,131.0,32.75,NG,FAIL
72,96,83,61,78.0,312.0,78.0,B+,PASS
58,70,44,21,48.25,193.0,48.25,C,FAIL
55,78,60,76,67.25,269.0,67.25,B,PASS
23,53,96,73,61.25,245.0,61.25,B,FAIL
46,11,83,58,49.5,198.0,49.5,C,FAIL
70,77,29,21,49.25,197.0,49.25,C,FAIL
43,75,16,41,43.75,175.0,43.75,C,FAIL
59,73,11,24,41.75,167.0,41.75,C,FAIL
18,1,13,75,26.75,107.0,26.75,NG,FAIL
48,41,79,77,61.25,245.0,61.25,B,PASS
15,43,46,24,32.0,128.0,32.0,NG,FAIL
92,1,75,51,54.75,219.0,54.75,C+,FAIL
56,95,76,33,65.0,260.0,65.0,B,FAIL
64,99,95,35,73.25,293.0,73.25,B+,PASS
90,47,16,61,53.5,214.0,53.5,C+,FAIL
4,50,11,34,24.75,99.0,24.75,NG,FAIL
39,48,13,75,43.75,175.0,43.75,C,FAIL
48,39,84,79,62.5,250.0,62.5,B,PASS
51,44,7,39,35.25,141.0,35.25,C,FAIL
51,57,73,18,49.75,199.0,49.75,C,FAIL
65,87,9,34,48.75,195.0,48.75,C,FAIL
84,92,91,77,86.0,344.0,86.0,A,PASS
51,32,67,88,59.5,238.0,59.5,C+,FAIL
77,74,26,67,61.0,244.0,61.0,B,FAIL
32,87,90,46,63.75,255.0,63.75,B,FAIL
36,4,20,8,17.0,68.0,17.0,NG,FAIL
5,79,8,62,38.5,154.0,38.5,C,FAIL
72,63,25,23,45.75,183.0,45.75,C,FAIL
54,66,60,14,48.5,194.0,48.5,C,FAIL
58,92,54,39,60.75,243.0,60.75,B,PASS
0,63,50,44,39.25,157.0,39.25,C,FAIL
92,51,4,98,61.25,245.0,61.25,B,FAIL
97,1,79,78,63.75,255.0,63.75,B,FAIL
61,96,13,16,46.5,186.0,46.5,C,FAIL
0,26,94,28,37.0,148.0,37.0,C,FAIL
46,87,78,60,67.75,271.0,67.75,B,PASS
55,41,47,4,36.75,147.0,36.75,C,FAIL
27,29,52,36,36.0,144.0,36.0,C,FAIL
30,97,99,26,63.0,252.0,63.0,B,FAIL
39,33,15,6,23.25,93.0,23.25,NG,FAIL
39,74,43,65,55.25,221.0,55.25,C+,PASS
89,17,34,16,39.0,156.0,39.0,C,FAIL
52,57,50,50,52.25,209.0,52.25,C+,PASS
55,88,96,42,70.25,281.0,70.25,B+,PASS
82,10,88,5,46.25,185.0,46.25,C,FAIL
16,16,30,18,20.0,80.0,20.0,NG,FAIL
66,98,99,34,74.25,297.0,74.25,B+,FAIL
92,73,58,21,61.0,244.0,61.0,B,FAIL
26,43,31,79,44.75,179.0,44.75,C,FAIL
74,64,21,65,56.0,224.0,56.0,C+,FAIL
10,51,17,64,35.5,142.0,35.5,C,FAIL
53,70,35,89,61.75,247.0,61.75,B,PASS
15,27,80,20,35.5,142.0,35.5,C,FAIL
93,77,59,41,67.5,270.0,67.5,B,PASS
93,60,27,75,63.75,255.0,63.75,B,FAIL
3,8,88,70,42.25,169.0,42.25,C,FAIL
84,40,94,48,66.5,266.0,66.5,B,PASS
99,53,23,68,60.75,243.0,60.75,B,FAIL
65,73,37,51,56.5,226.0,56.5,C+,PASS
91,75,86,88,85.0,340.0,85.0,A,PASS
5,68,24,98,48.75,195.0,48.75,C,FAIL
86,68,78,57,72.25,289.0,72.25,B+,PASS
1,20,24,94,34.75,139.0,34.75,NG,FAIL
46,40,71,75,58.0,232.0,58.0,C+,PASS
9,11,66,88,43.5,174.0,43.5,C,FAIL
12,81,73,15,45.25,181.0,45.25,C,FAIL
21,31,74,59,46.25,185.0,46.25,C,FAIL
38,50,87,39,53.5,214.0,53.5,C+,PASS
20,47,32,34,33.25,133.0,33.25,NG,FAIL
70,44,86,45,61.25,245.0,61.25,B,PASS
12,79,22,31,36.0,144.0,36.0,C,FAIL
33,48,29,76,46.5,186.0,46.5,C,FAIL
39,34,19,35,31.75,127.0,31.75,NG,FAIL
74,18,40,87,54.75,219.0,54.75,C+,FAIL
86,67,78,48,69.75,279.0,69.75,B,PASS
2,65,60,19,36.5,146.0,36.5,C,FAIL
46,68,97,62,68.25,273.0,68.25,B,PASS
15,94,4,6,29.75,119.0,29.75,NG,FAIL
22,31,68,20,35.25,141.0,35.25,C,FAIL
0,84,60,27,42.75,171.0,42.75,C,FAIL
51,43,97,59,62.5,250.0,62.5,B,PASS
99,34,74,97,76.0,304.0,76.0,B+,FAIL
74,1,8,35,29.5,118.0,29.5,NG,FAIL
94,30,47,25,49.0,196.0,49.0,C,FAIL
4,30,58,27,29.75,119.0,29.75,NG,FAIL
17,43,8,43,27.75,111.0,27.75,NG,FAIL
96,62,93,24,68.75,275.0,68.75,B,FAIL
12,7,17,50,21.5,86.0,21.5,NG,FAIL
64,58,31,33,46.5,186.0,46.5,C,FAIL
1,25,7,95,32.0,128.0,32.0,NG,FAIL
49,21,24,74,42.0,168.0,42.0,C,FAIL
5,66,28,78,44.25,177.0,44.25,C,FAIL
48,67,58,33,51.5,206.0,51.5,C+,FAIL
54,85,73,9,55.25,221.0,55.25,C+,FAIL
97,99,17,32,61.25,245.0,61.25,B,FAIL
33,16,22,44,28.75,115.0,28.75,NG,FAIL
60,96,94,75,81.25,325.0,81.25,A,PASS
80,66,87,19,63.0,252.0,63.0,B,FAIL
68,73,31,84,64.0,256.0,64.0,B,FAIL
16,48,7,65,34.0,136.0,34.0,NG,FAIL
25,27,32,59,35.75,143.0,35.75,C,FAIL
4,7,19,60,22.5,90.0,22.5,NG,FAIL
32,91,48,18,47.25,189.0,47.25,C,FAIL
6,59,10,62,34.25,137.0,34.25,NG,FAIL
19,12,49,93,43.25,173.0,43.25,C,FAIL
81,29,29,82,55.25,221.0,55.25,C+,FAIL
29,8,20,28,21.25,85.0,21.25,NG,FAIL
97,33,48,64,60.5,242.0,60.5,B,FAIL
52,6,74,9,35.25,141.0,35.25,C,FAIL
54,26,16,43,34.75,139.0,34.75,NG,FAIL
25,81,57,86,62.25,249.0,62.25,B,FAIL
31,44,43,1,29.75,119.0,29.75,NG,FAIL
86,78,30,28,55.5,222.0,55.5,C+,FAIL
77,7,68,44,49.0,196.0,49.0,C,FAIL
68,8,94,31,50.25,201.0,50.25,C+,FAIL
3,89,11,52,38.75,155.0,38.75,C,FAIL
5,11,62,52,32.5,130.0,32.5,NG,FAIL
23,46,73,69,52.75,211.0,52.75,C+,FAIL
81,43,76,41,60.25,241.0,60.25,B,PASS
68,39,86,0,48.25,193.0,48.25,C,FAIL
14,71,37,63,46.25,185.0,46.25,C,FAIL
47,48,34,20,37.25,149.0,37.25,C,FAIL
55,33,35,29,38.0,152.0,38.0,C,FAIL
46,40,43,53,45.5,182.0,45.5,C,PASS
6,98,46,98,62.0,248.0,62.0,B,FAIL
51,93,33,96,68.25,273.0,68.25,B,FAIL
52,31,76,72,57.75,231.0,57.75,C+,FAIL
54,92,42,42,57.5,230.0,57.5,C+,PASS
77,69,70,43,64.75,259.0,64.75,B,PASS
67,56,68,28,54.75,219.0,54.75,C+,FAIL
55,70,98,21,61.0,244.0,61.0,B,FAIL
35,82,75,70,65.5,262.0,65.5,B,PASS
98,15,94,17,56.0,224.0,56.0,C+,FAIL
88,41,85,41,63.75,255.0,63.75,B,PASS
21,34,71,54,45.0,180.0,45.0,C,FAIL
98,48,82,78,76.5,306.0,76.5,B+,PASS
53,57,25,9,36.0,144.0,36.0,C,FAIL
10,43,19,23,23.75,95.0,23.75,NG,FAIL
0,3,61,95,39.75,159.0,39.75,C,FAIL
84,42,51,7,46.0,184.0,46.0,C,FAIL
51,28,98,3,45.0,180.0,45.0,C,FAIL
31,10,40,40,30.25,121.0,30.25,NG,FAIL
13,74,58,59,51.0,204.0,51.0,C+,FAIL
22,71,83,86,65.5,262.0,65.5,B,FAIL
91,17,46,11,41.25,165.0,41.25,C,FAIL
77,75,35,7,48.5,194.0,48.5,C,FAIL
49,66,68,79,65.5,262.0,65.5,B,PASS
83,70,40,43,59.0,236.0,59.0,C+,PASS
22,12,23,60,29.25,117.0,29.25,NG,FAIL
11,11,75,3,25.0,100.0,25.0,NG,FAIL
16,84,65,22,46.75,187.0,46.75,C,FAIL
9,34,67,93,50.75,203.0,50.75,C+,FAIL
19,22,76,97,53.5,214.0,53.5,C+,FAIL
74,44,47,11,44.0,176.0,44.0,C,FAIL
45,42,21,70,44.5,178.0,44.5,C,FAIL
65,13,39,40,39.25,157.0,39.25,C,FAIL
0,6,75,18,24.75,99.0,24.75,NG,FAIL
62,35,63,28,47.0,188.0,47.0,C,FAIL
98,91,32,92,78.25,313.0,78.25,B+,FAIL
21,0,92,80,48.25,193.0,48.25,C,FAIL
37,16,2,67,30.5,122.0,30.5,NG,FAIL
65,81,30,35,52.75,211.0,52.75,C+,FAIL
15,58,35,26,33.5,134.0,33.5,NG,FAIL
93,40,56,43,58.0,232.0,58.0,C+,PASS
44,62,70,3,44.75,179.0,44.75,C,FAIL
39,6,5,38,22.0,88.0,22.0,NG,FAIL
73,70,74,90,76.75,307.0,76.75,B+,PASS
21,8,31,59,29.75,119.0,29.75,NG,FAIL
22,39,29,44,33.5,134.0,33.5,NG,FAIL
29,32,90,88,59.75,239.0,59.75,C+,FAIL
81,21,37,79,54.5,218.0,54.5,C+,FAIL
42,54,7,68,42.75,171.0,42.75,C,FAIL
30,53,60,55,49.5,198.0,49.5,C,FAIL
57,54,8,26,36.25,145.0,36.25,C,FAIL
8,17,83,52,40.0,160.0,40.0,C,FAIL
33,41,62,72,52.0,208.0,52.0,C+,FAIL
99,44,51,11,51.25,205.0,51.25,C+,FAIL
67,32,72,26,49.25,197.0,49.25,C,FAIL
14,61,39,98,53.0,212.0,53.0,C+,FAIL
19,79,1,44,35.75,143.0,35.75,C,FAIL
42,10,87,69,52.0,208.0,52.0,C+,FAIL
69,4,57,58,47.0,188.0,47.0,C,FAIL
23,81,22,50,44.0,176.0,44.0,C,FAIL
26,83,82,43,58.5,234.0,58.5,C+,FAIL
57,56,24,88,56.25,225.0,56.25,C+,FAIL
1,60,71,91,55.75,223.0,55.75,C+,FAIL
0,0,90,56,36.5,146.0,36.5,C,FAIL
35,27,47,90,49.75,199.0,49.75,C,FAIL
56,12,54,26,37.0,148.0,37.0,C,FAIL
9,43,80,27,39.75,159.0,39.75,C,FAIL
30,14,18,32,23.5,94.0,23.5,NG,FAIL
53,4,86,6,37.25,149.0,37.25,C,FAIL
87,82,61,24,63.5,254.0,63.5,B,FAIL
82,4,33,13,33.0,132.0,33.0,NG,FAIL
34,86,83,14,54.25,217.0,54.25,C+,FAIL
95,50,80,40,66.25,265.0,66.25,B,PASS
61,51,86,59,64.25,257.0,64.25,B,PASS
29,50,6,32,29.25,117.0,29.25,NG,FAIL
41,75,79,38,58.25,233.0,58.25,C+,PASS
58,98,84,38,69.5,278.0,69.5,B,PASS
87,6,2,82,44.25,177.0,44.25,C,FAIL
88,76,80,48,73.0,292.0,73.0,B+,PASS
95,52,94,13,63.5,254.0,63.5,B,FAIL
10,74,98,45,56.75,227.0,56.75,C+,FAIL
16,28,37,90,42.75,171.0,42.75,C,FAIL
60,74,7,79,55.0,220.0,55.0,C+,FAIL
72,20,22,70,46.0,184.0,46.0,C,FAIL
29,26,55,25,33.75,135.0,33.75,NG,FAIL
99,18,15,96,57.0,228.0,57.0,C+,FAIL
42,19,87,0,37.0,148.0,37.0,C,FAIL
53,91,15,24,45.75,183.0,45.75,C,FAIL
79,71,33,98,70.25,281.0,70.25,B+,FAIL
29,95,19,4,36.75,147.0,36.75,C,FAIL
90,58,56,0,51.0,204.0,51.0,C+,FAIL
17,28,54,48,36.75,147.0,36.75,C,FAIL
83,22,54,71,57.5,230.0,57.5,C+,FAIL
9,11,4,12,9.0,36.0,9.0,NG,FAIL
65,53,75,44,59.25,237.0,59.25,C+,PASS
20,1,74,83,44.5,178.0,44.5,C,FAIL
41,56,69,33,49.75,199.0,49.75,C,FAIL
71,45,31,38,46.25,185.0,46.25,C,FAIL
0,47,46,85,44.5,178.0,44.5,C,FAIL
88,31,26,51,49.0,196.0,49.0,C,FAIL
3,28,17,36,21.0,84.0,21.0,NG,FAIL
21,61,7,53,35.5,142.0,35.5,C,FAIL
90,23,42,50,51.25,205.0,51.25,C+,FAIL
27,29,67,92,53.75,215.0,53.75,C+,FAIL
65,79,18,12,43.5,174.0,43.5,C,FAIL
18,93,20,30,40.25,161.0,40.25,C,FAIL
40,54,84,79,64.25,257.0,64.25,B,PASS
7,84,27,34,38.0,152.0,38.0,C,FAIL
8,80,70,28,46.5,186.0,46.5,C,FAIL
40,52,88,4,46.0,184.0,46.0,C,FAIL
22,29,33,20,26.0,104.0,26.0,NG,FAIL
55,79,55,19,52.0,208.0,52.0,C+,FAIL
0,77,55,83,53.75,215.0,53.75,C+,FAIL
41,99,8,36,46.0,184.0,46.0,C,FAIL
83,74,76,15,62.0,248.0,62.0,B,FAIL
50,26,66,46,47.0,188.0,47.0,C,FAIL
64,67,92,27,62.5,250.0,62.5,B,FAIL
56,16,44,53,42.25,169.0,42.25,C,FAIL
17,87,13,69,46.5,186.0,46.5,C,FAIL
54,43,71,37,51.25,205.0,51.25,C+,PASS
49,81,37,82,62.25,249.0,62.25,B,PASS
6,93,77,86,65.5,262.0,65.5,B,FAIL
41,85,97,32,63.75,255.0,63.75,B,FAIL
26,8,99,68,50.25,201.0,50.25,C+,FAIL
27,10,79,61,44.25,177.0,44.25,C,FAIL
18,47,47,49,40.25,161.0,40.25,C,FAIL
59,90,29,83,65.25,261.0,65.25,B,FAIL
97,67,6,63,58.25,233.0,58.25,C+,FAIL
38,28,11,43,30.0,120.0,30.0,NG,FAIL
86,1,87,56,57.5,230.0,57.5,C+,FAIL
90,28,58,87,65.75,263.0,65.75,B,FAIL
99,59,69,16,60.75,243.0,60.75,B,FAIL
29,15,86,2,33.0,132.0,33.0,NG,FAIL
90,44,5,96,58.75,235.0,58.75,C+,FAIL
62,23,42,57,46.0,184.0,46.0,C,FAIL
57,93,90,24,66.0,264.0,66.0,B,FAIL
9,87,94,24,53.5,214.0,53.5,C+,FAIL
60,81,60,94,73.75,295.0,73.75,B+,PASS
11,60,75,2,37.0,148.0,37.0,C,FAIL
30,42,43,66,45.25,181.0,45.25,C,FAIL
64,98,0,92,63.5,254.0,63.5,B,FAIL
25,31,67,9,33.0,132.0,33.0,NG,FAIL
62,96,85,14,64.25,257.0,64.25,B,FAIL
35,6,43,26,27.5,110.0,27.5,NG,FAIL
60,8,66,15,37.25,149.0,37.25,C,FAIL
56,75,69,81,70.25,281.0,70.25,B+,PASS
77,28,75,76,64.0,256.0,64.0,B,FAIL
45,47,7,85,46.0,184.0,46.0,C,FAIL
88,59,69,5,55.25,221.0,55.25,C+,FAIL
87,54,80,32,63.25,253.0,63.25,B,FAIL
21,34,4,29,22.0,88.0,22.0,NG,FAIL
62,32,17,35,36.5,146.0,36.5,C,FAIL
99,39,96,44,69.5,278.0,69.5,B,PASS
39,57,86,42,56.0,224.0,56.0,C+,PASS
8,65,51,86,52.5,210.0,52.5,C+,FAIL
51,40,61,9,40.25,161.0,40.25,C,FAIL
14,97,34,85,57.5,230.0,57.5,C+,FAIL
47,58,78,12,48.75,195.0,48.75,C,FAIL
34,64,48,48,48.5,194.0,48.5,C,FAIL
36,70,19,13,34.5,138.0,34.5,NG,FAIL
62,64,65,82,68.25,273.0,68.25,B,PASS
97,20,38,71,56.5,226.0,56.5,C+,FAIL
64,5,12,63,36.0,144.0,36.0,C,FAIL
32,4,0,20,14.0,56.0,14.0,NG,FAIL
28,52,93,69,60.5,242.0,60.5,B,FAIL
16,96,57,44,53.25,213.0,53.25,C+,FAIL
0,94,47,48,47.25,189.0,47.25,C,FAIL
10,5,92,9,29.0,116.0,29.0,NG,FAIL
79,76,66,54,68.75,275.0,68.75,B,PASS
64,51,74,39,57.0,228.0,57.0,C+,PASS
37,94,63,54,62.0,248.0,62.0,B,PASS
3,33,60,6,25.5,102.0,25.5,NG,FAIL
8,85,96,99,72.0,288.0,72.0,B+,FAIL
71,47,83,77,69.5,278.0,69.5,B,PASS
41,43,37,26,36.75,147.0,36.75,C,FAIL
51,8,5,77,35.25,141.0,35.25,C,FAIL
57,77,46,17,49.25,197.0,49.25,C,FAIL
20,36,99,8,40.75,163.0,40.75,C,FAIL
24,26,46,68,41.0,164.0,41.0,C,FAIL
88,43,43,45,54.75,219.0,54.75,C+,PASS
11,65,2,55,33.25,133.0,33.25,NG,FAIL
20,93,49,84,61.5,246.0,61.5,B,FAIL
13,95,46,57,52.75,211.0,52.75,C+,FAIL
45,10,90,43,47.0,188.0,47.0,C,FAIL
64,90,73,75,75.5,302.0,75.5,B+,PASS
81,55,12,72,55.0,220.0,55.0,C+,FAIL
14,69,40,6,32.25,129.0,32.25,NG,FAIL
41,45,75,76,59.25,237.0,59.25,C+,PASS
38,11,48,2,24.75,99.0,24.75,NG,FAIL
71,66,10,63,52.5,210.0,52.5,C+,FAIL
46,9,39,14,27.0,108.0,27.0,NG,FAIL
52,12,20,95,44.75,179.0,44.75,C,FAIL
77,33,22,39,42.75,171.0,42.75,C,FAIL
68,80,28,79,63.75,255.0,63.75,B,FAIL
88,99,40,40,66.75,267.0,66.75,B,PASS
47,3,96,26,43.0,172.0,43.0,C,FAIL
2,24,26,5,14.25,57.0,14.25,NG,FAIL
7,99,46,0,38.0,152.0,38.0,C,FAIL
16,67,55,36,43.5,174.0,43.5,C,FAIL
98,67,0,90,63.75,255.0,63.75,B,FAIL
24,25,77,44,42.5,170.0,42.5,C,FAIL
90,22,30,33,43.75,175.0,43.75,C,FAIL
71,61,68,92,73.0,292.0,73.0,B+,PASS
7,29,10,22,17.0,68.0,17.0,NG,FAIL
15,57,49,31,38.0,152.0,38.0,C,FAIL
0,30,39,43,28.0,112.0,28.0,NG,FAIL
50,99,88,91,82.0,328.0,82.0,A,PASS
87,14,45,24,42.5,170.0,42.5,C,FAIL
63,74,42,46,56.25,225.0,56.25,C+,PASS
54,89,81,64,72.0,288.0,72.0,B+,PASS
23,4,69,22,29.5,118.0,29.5,NG,FAIL
53,34,49,95,57.75,231.0,57.75,C+,FAIL
74,41,66,86,66.75,267.0,66.75,B,PASS
55,69,32,47,50.75,203.0,50.75,C+,FAIL
84,37,72,20,53.25,213.0,53.25,C+,FAIL
97,19,9,75,50.0,200.0,50.0,C+,FAIL
18,3,50,18,22.25,89.0,22.25,NG,FAIL
46,80,83,57,66.5,266.0,66.5,B,PASS
77,43,24,75,54.75,219.0,54.75,C+,FAIL
2,53,86,52,48.25,193.0,48.25,C,FAIL
42,74,73,73,65.5,262.0,65.5,B,PASS
34,18,76,31,39.75,159.0,39.75,C,FAIL
61,75,43,3,45.5,182.0,45.5,C,FAIL
32,62,76,69,59.75,239.0,59.75,C+,FAIL
51,96,23,13,45.75,183.0,45.75,C,FAIL
73,91,83,36,70.75,283.0,70.75,B+,PASS
8,76,73,71,57.0,228.0,57.0,C+,FAIL
9,46,41,49,36.25,145.0,36.25,C,FAIL
31,0,56,45,33.0,132.0,33.0,NG,FAIL
28,11,70,14,30.75,123.0,30.75,NG,FAIL
47,89,20,90,61.5,246.0,61.5,B,FAIL
15,25,17,67,31.0,124.0,31.0,NG,FAIL
80,53,42,48,55.75,223.0,55.75,C+,PASS
14,78,68,12,43.0,172.0,43.0,C,FAIL
67,20,8,74,42.25,169.0,42.25,C,FAIL
53,88,63,61,66.25,265.0,66.25,B,PASS
70,17,21,28,34.0,136.0,34.0,NG,FAIL
49,85,62,96,73.0,292.0,73.0,B+,PASS
47,8,36,91,45.5,182.0,45.5,C,FAIL
58,60,19,93,57.5,230.0,57.5,C+,FAIL
84,97,17,44,60.5,242.0,60.5,B,FAIL
75,67,70,52,66.0,264.0,66.0,B,PASS
84,2,32,10,32.0,128.0,32.0,NG,FAIL
31,10,17,20,19.5,78.0,19.5,NG,FAIL
50,64,3,76,48.25,193.0,48.25,C,FAIL
88,15,28,75,51.5,206.0,51.5,C+,FAIL
21,50,10,82,40.75,163.0,40.75,C,FAIL
26,46,52,66,47.5,190.0,47.5,C,FAIL
43,62,99,14,54.5,218.0,54.5,C+,FAIL
33,40,27,91,47.75,191.0,47.75,C,FAIL
71,80,48,78,69.25,277.0,69.25,B,PASS
82,21,93,75,67.75,271.0,67.75,B,FAIL
13,34,86,84,54.25,217.0,54.25,C+,FAIL
99,3,44,85,57.75,231.0,57.75,C+,FAIL
28,45,89,37,49.75,199.0,49.75,C,FAIL
77,18,27,12,33.5,134.0,33.5,NG,FAIL
65,48,42,28,45.75,183.0,45.75,C,FAIL
98,65,2,25,47.5,190.0,47.5,C,FAIL
9,41,42,99,47.75,191.0,47.75,C,FAIL
73,47,58,26,51.0,204.0,51.0,C+,FAIL
71,95,15,51,58.0,232.0,58.0,C+,FAIL
55,45,72,23,48.75,195.0,48.75,C,FAIL
46,99,75,43,65.75,263.0,65.75,B,PASS
71,67,36,45,54.75,219.0,54.75,C+,PASS
77,36,87,84,71.0,284.0,71.0,B+,PASS
13,36,87,3,34.75,139.0,34.75,NG,FAIL
82,92,11,36,55.25,221.0,55.25,C+,FAIL
26,38,37,78,44.75,179.0,44.75,C,FAIL
60,99,57,65,70.25,281.0,70.25,B+,PASS
3,84,93,40,55.0,220.0,55.0,C+,FAIL
68,32,48,83,57.75,231.0,57.75,C+,FAIL
94,15,5,45,39.75,159.0,39.75,C,FAIL
47,31,42,95,53.75,215.0,53.75,C+,FAIL
26,57,11,44,34.5,138.0,34.5,NG,FAIL
86,69,45,86,71.5,286.0,71.5,B+,PASS
23,63,45,67,49.5,198.0,49.5,C,FAIL
21,11,63,13,27.0,108.0,27.0,NG,FAIL
72,62,94,75,75.75,303.0,75.75,B+,PASS
49,52,91,96,72.0,288.0,72.0,B+,PASS
99,6,88,38,57.75,231.0,57.75,C+,FAIL
31,54,97,5,46.75,187.0,46.75,C,FAIL
40,45,42,10,34.25,137.0,34.25,NG,FAIL
70,64,62,30,56.5,226.0,56.5,C+,FAIL
7,69,37,55,42.0,168.0,42.0,C,FAIL
69,39,39,60,51.75,207.0,51.75,C+,PASS
22,5,33,20,20.0,80.0,20.0,NG,FAIL
24,86,33,55,49.5,198.0,49.5,C,FAIL
55,6,6,43,27.5,110.0,27.5,NG,FAIL
7,8,20,26,15.25,61.0,15.25,NG,FAIL
65,55,79,77,69.0,276.0,69.0,B,PASS
95,91,86,33,76.25,305.0,76.25,B+,FAIL
55,4,22,79,40.0,160.0,40.0,C,FAIL
6,30,20,67,30.75,123.0,30.75,NG,FAIL
7,6,84,91,47.0,188.0,47.0,C,FAIL
52,79,55,59,61.25,245.0,61.25,B,PASS
72,30,4,79,46.25,185.0,46.25,C,FAIL
5,72,6,4,21.75,87.0,21.75,NG,FAIL
44,24,9,23,25.0,100.0,25.0,NG,FAIL
35,95,77,63,67.5,270.0,67.5,B,PASS
29,72,42,86,57.25,229.0,57.25,C+,FAIL
71,31,52,20,43.5,174.0,43.5,C,FAIL
48,41,55,82,56.5,226.0,56.5,C+,PASS
10,22,42,96,42.5,170.0,42.5,C,FAIL
48,55,38,99,60.0,240.0,60.0,B,PASS
82,85,7,21,48.75,195.0,48.75,C,FAIL
6,85,93,94,69.5,278.0,69.5,B,FAIL
56,32,25,83,49.0,196.0,49.0,C,FAIL
30,86,59,26,50.25,201.0,50.25,C+,FAIL
92,34,39,70,58.75,235.0,58.75,C+,FAIL
58,72,91,95,79.0,316.0,79.0,B+,PASS
74,85,53,46,64.5,258.0,64.5,B,PASS
88,33,64,5,47.5,190.0,47.5,C,FAIL
5,83,5,24,29.25,117.0,29.25,NG,FAIL
38,70,68,85,65.25,261.0,65.25,B,PASS
39,4,42,94,44.75,179.0,44.75,C,FAIL
33,16,11,87,36.75,147.0,36.75,C,FAIL
91,52,86,99,82.0,328.0,82.0,A,PASS
37,93,82,41,63.25,253.0,63.25,B,PASS
84,76,44,67,67.75,271.0,67.75,B,PASS
76,9,22,47,38.5,154.0,38.5,C,FAIL
32,19,66,31,37.0,148.0,37.0,C,FAIL
48,67,2,51,42.0,168.0,42.0,C,FAIL
22,37,94,87,60.0,240.0,60.0,B,FAIL
26,82,0,29,34.25,137.0,34.25,NG,FAIL
66,90,47,19,55.5,222.0,55.5,C+,FAIL
45,87,53,84,67.25,269.0,67.25,B,PASS
63,94,11,57,56.25,225.0,56.25,C+,FAIL
1,69,64,67,50.25,201.0,50.25,C+,FAIL
3,30,76,69,44.5,178.0,44.5,C,FAIL
96,38,24,19,44.25,177.0,44.25,C,FAIL
16,23,53,92,46.0,184.0,46.0,C,FAIL
34,11,83,71,49.75,199.0,49.75,C,FAIL
10,72,28,79,47.25,189.0,47.25,C,FAIL
71,92,55,27,61.25,245.0,61.25,B,FAIL
9,26,7,73,28.75,115.0,28.75,NG,FAIL
55,23,27,76,45.25,181.0,45.25,C,FAIL
35,20,68,80,50.75,203.0,50.75,C+,FAIL
1,9,74,80,41.0,164.0,41.0,C,FAIL
9,19,26,90,36.0,144.0,36.0,C,FAIL
81,1,56,80,54.5,218.0,54.5,C+,FAIL
28,29,97,21,43.75,175.0,43.75,C,FAIL
44,57,17,76,48.5,194.0,48.5,C,FAIL
5,33,45,23,26.5,106.0,26.5,NG,FAIL
82,59,58,6,51.25,205.0,51.25,C+,FAIL
83,5,21,40,37.25,149.0,37.25,C,FAIL
52,63,82,0,49.25,197.0,49.25,C,FAIL
33,1,15,42,22.75,91.0,22.75,NG,FAIL
87,57,34,36,53.5,214.0,53.5,C+,FAIL
98,32,4,19,38.25,153.0,38.25,C,FAIL
82,95,22,61,65.0,260.0,65.0,B,FAIL
31,77,50,56,53.5,214.0,53.5,C+,FAIL
91,7,49,61,52.0,208.0,52.0,C+,FAIL
2,73,6,18,24.75,99.0,24.75,NG,FAIL
79,76,75,98,82.0,328.0,82.0,A,PASS
29,19,10,35,23.25,93.0,23.25,NG,FAIL
75,89,35,54,63.25,253.0,63.25,B,PASS
14,62,56,31,40.75,163.0,40.75,C,FAIL
37,93,70,68,67.0,268.0,67.0,B,PASS
1,79,90,64,58.5,234.0,58.5,C+,FAIL
83,21,24,10,34.5,138.0,34.5,NG,FAIL
36,61,89,26,53.0,212.0,53.0,C+,FAIL
61,10,81,55,51.75,207.0,51.75,C+,FAIL
85,27,92,90,73.5,294.0,73.5,B+,FAIL
55,27,28,21,32.75,131.0,32.75,NG,FAIL
34,60,96,89,69.75,279.0,69.75,B,FAIL
49,38,24,65,44.0,176.0,44.0,C,FAIL
54,8,69,59,47.5,190.0,47.5,C,FAIL
9,58,82,5,38.5,154.0,38.5,C,FAIL
65,37,20,20,35.5,142.0,35.5,C,FAIL
40,86,37,32,48.75,195.0,48.75,C,FAIL
40,23,51,4,29.5,118.0,29.5,NG,FAIL
80,80,47,59,66.5,266.0,66.5,B,PASS
6,13,22,32,18.25,73.0,18.25,NG,FAIL
23,97,45,98,65.75,263.0,65.75,B,FAIL
43,31,68,80,55.5,222.0,55.5,C+,FAIL
38,19,4,81,35.5,142.0,35.5,C,FAIL
86,11,16,91,51.0,204.0,51.0,C+,FAIL
43,98,9,58,52.0,208.0,52.0,C+,FAIL
5,92,80,25,50.5,202.0,50.5,C+,FAIL
35,11,96,56,49.5,198.0,49.5,C,FAIL
53,43,2,51,37.25,149.0,37.25,C,FAIL
31,22,26,16,23.75,95.0,23.75,NG,FAIL
96,40,97,24,64.25,257.0,64.25,B,FAIL
42,25,84,57,52.0,208.0,52.0,C+,FAIL
72,15,24,90,50.25,201.0,50.25,C+,FAIL
54,11,41,70,44.0,176.0,44.0,C,FAIL
52,62,9,12,33.75,135.0,33.75,NG,FAIL
56,94,82,64,74.0,296.0,74.0,B+,PASS
6,29,10,3,12.0,48.0,12.0,NG,FAIL
1,26,42,59,32.0,128.0,32.0,NG,FAIL
29,4,27,82,35.5,142.0,35.5,C,FAIL
23,49,35,34,35.25,141.0,35.25,C,FAIL
33,10,28,40,27.75,111.0,27.75,NG,FAIL
52,78,28,67,56.25,225.0,56.25,C+,FAIL
95,11,95,15,54.0,216.0,54.0,C+,FAIL
2,73,20,79,43.5,174.0,43.5,C,FAIL
37,39,26,98,50.0,200.0,50.0,C+,FAIL
19,79,9,42,37.25,149.0,37.25,C,FAIL
49,49,19,47,41.0,164.0,41.0,C,FAIL
69,74,33,55,57.75,231.0,57.75,C+,FAIL
41,10,43,55,37.25,149.0,37.25,C,FAIL
60,97,92,50,74.75,299.0,74.75,B+,PASS
22,18,92,82,53.5,214.0,53.5,C+,FAIL
50,18,93,38,49.75,199.0,49.75,C,FAIL
90,91,81,48,77.5,310.0,77.5,B+,PASS
51,45,41,76,53.25,213.0,53.25,C+,PASS
32,20,77,5,33.5,134.0,33.5,NG,FAIL
13,76,22,58,42.25,169.0,42.25,C,FAIL
22,11,88,62,45.75,183.0,45.75,C,FAIL
34,6,95,35,42.5,170.0,42.5,C,FAIL
85,7,24,54,42.5,170.0,42.5,C,FAIL
46,11,25,93,43.75,175.0,43.75,C,FAIL
54,36,51,45,46.5,186.0,46.5,C,PASS
47,51,37,27,40.5,162.0,40.5,C,FAIL
21,50,2,5,19.5,78.0,19.5,NG,FAIL
31,89,14,23,39.25,157.0,39.25,C,FAIL
91,91,65,4,62.75,251.0,62.75,B,FAIL
16,57,18,47,34.5,138.0,34.5,NG,FAIL
29,3,35,6,18.25,73.0,18.25,NG,FAIL
95,65,75,26,65.25,261.0,65.25,B,FAIL
78,45,16,64,50.75,203.0,50.75,C+,FAIL
66,13,90,53,55.5,222.0,55.5,C+,FAIL
59,37,49,4,37.25,149.0,37.25,C,FAIL
84,90,93,0,66.75,267.0,66.75,B,FAIL
13,54,88,65,55.0,220.0,55.0,C+,FAIL
47,18,63,92,55.0,220.0,55.0,C+,FAIL
42,61,11,40,38.5,154.0,38.5,C,FAIL
78,57,43,88,66.5,266.0,66.5,B,PASS
14,91,99,66,67.5,270.0,67.5,B,FAIL
68,44,99,42,63.25,253.0,63.25,B,PASS
66,3,24,80,43.25,173.0,43.25,C,FAIL
1,77,39,77,48.5,194.0,48.5,C,FAIL
3,49,39,53,36.0,144.0,36.0,C,FAIL
60,70,51,35,54.0,216.0,54.0,C+,PASS
0,58,51,67,44.0,176.0,44.0,C,FAIL
75,69,18,13,43.75,175.0,43.75,C,FAIL
74,72,20,91,64.25,257.0,64.25,B,FAIL
41,82,50,47,55.0,220.0,55.0,C+,PASS
35,20,93,42,47.5,190.0,47.5,C,FAIL
96,15,10,57,44.5,178.0,44.5,C,FAIL
38,97,94,42,67.75,271.0,67.75,B,PASS
60,71,3,64,49.5,198.0,49.5,C,FAIL
18,48,71,39,44.0,176.0,44.0,C,FAIL
71,26,33,1,32.75,131.0,32.75,NG,FAIL
77,7,3,41,32.0,128.0,32.0,NG,FAIL
74,12,67,96,62.25,249.0,62.25,B,FAIL
34,17,58,87,49.0,196.0,49.0,C,FAIL
49,46,97,3,48.75,195.0,48.75,C,FAIL
25,58,29,77,47.25,189.0,47.25,C,FAIL
33,56,9,10,27.0,108.0,27.0,NG,FAIL
9,1,58,64,33.0,132.0,33.0,NG,FAIL
27,47,17,60,37.75,151.0,37.75,C,FAIL
54,2,80,56,48.0,192.0,48.0,C,FAIL
7,92,40,53,48.0,192.0,48.0,C,FAIL
29,47,74,96,61.5,246.0,61.5,B,FAIL
61,87,76,71,73.75,295.0,73.75,B+,PASS
64,55,16,78,53.25,213.0,53.25,C+,FAIL
44,93,17,34,47.0,188.0,47.0,C,FAIL
82,74,72,93,80.25,321.0,80.25,A,PASS
14,95,42,35,46.5,186.0,46.5,C,FAIL
51,2,38,70,40.25,161.0,40.25,C,FAIL
63,17,59,13,38.0,152.0,38.0,C,FAIL
56,50,30,17,38.25,153.0,38.25,C,FAIL
37,45,82,84,62.0,248.0,62.0,B,PASS
53,25,53,47,44.5,178.0,44.5,C,FAIL
72,97,65,19,63.25,253.0,63.25,B,FAIL
36,32,1,30,24.75,99.0,24.75,NG,FAIL
15,2,58,54,32.25,129.0,32.25,NG,FAIL
84,90,78,67,79.75,319.0,79.75,B+,PASS
82,35,82,22,55.25,221.0,55.25,C+,FAIL
86,81,22,96,71.25,285.0,71.25,B+,FAIL
61,50,47,30,47.0,188.0,47.0,C,FAIL
5,76,86,99,66.5,266.0,66.5,B,FAIL
87,14,8,30,34.75,139.0,34.75,NG,FAIL
35,16,47,4,25.5,102.0,25.5,NG,FAIL
91,4,82,80,64.25,257.0,64.25,B,FAIL
1,61,54,93,52.25,209.0,52.25,C+,FAIL
17,58,48,80,50.75,203.0,50.75,C+,FAIL
91,21,79,87,69.5,278.0,69.5,B,FAIL
93,21,74,28,54.0,216.0,54.0,C+,FAIL
9,46,77,87,54.75,219.0,54.75,C+,FAIL
20,9,65,25,29.75,119.0,29.75,NG,FAIL
21,67,89,19,49.0,196.0,49.0,C,FAIL
80,71,4,96,62.75,251.0,62.75,B,FAIL
39,5,51,31,31.5,126.0,31.5,NG,FAIL
34,20,1,45,25.0,100.0,25.0,NG,FAIL
61,10,43,30,36.0,144.0,36.0,C,FAIL
84,12,65,77,59.5,238.0,59.5,C+,FAIL
68,14,91,98,67.75,271.0,67.75,B,FAIL
99,12,25,9,36.25,145.0,36.25,C,FAIL
6,22,82,2,28.0,112.0,28.0,NG,FAIL
73,66,60,13,53.0,212.0,53.0,C+,FAIL
30,50,34,60,43.5,174.0,43.5,C,FAIL
34,98,21,88,60.25,241.0,60.25,B,FAIL
91,14,12,87,51.0,204.0,51.0,C+,FAIL
22,17,75,58,43.0,172.0,43.0,C,FAIL
77,35,39,4,38.75,155.0,38.75,C,FAIL
78,24,9,30,35.25,141.0,35.25,C,FAIL
60,15,83,28,46.5,186.0,46.5,C,FAIL
48,59,29,94,57.5,230.0,57.5,C+,FAIL
36,79,32,13,40.0,160.0,40.0,C,FAIL
56,56,67,51,57.5,230.0,57.5,C+,PASS
83,4,43,98,57.0,228.0,57.0,C+,FAIL
21,33,1,96,37.75,151.0,37.75,C,FAIL
28,42,87,57,53.5,214.0,53.5,C+,FAIL
94,92,24,64,68.5,274.0,68.5,B,FAIL
35,33,73,11,38.0,152.0,38.0,C,FAIL
32,56,44,91,55.75,223.0,55.75,C+,FAIL
30,66,68,75,59.75,239.0,59.75,C+,FAIL
91,40,42,95,67.0,268.0,67.0,B,PASS
98,84,8,85,68.75,275.0,68.75,B,FAIL
91,85,12,59,61.75,247.0,61.75,B,FAIL
8,77,22,60,41.75,167.0,41.75,C,FAIL
1,79,15,78,43.25,173.0,43.25,C,FAIL
67,20,6,49,35.5,142.0,35.5,C,FAIL
39,46,15,82,45.5,182.0,45.5,C,FAIL
11,7,2,19,9.75,39.0,9.75,NG,FAIL
94,18,56,32,50.0,200.0,50.0,C+,FAIL
43,19,19,87,42.0,168.0,42.0,C,FAIL
39,89,99,96,80.75,323.0,80.75,A,PASS
9,81,30,18,34.5,138.0,34.5,NG,FAIL
58,31,81,92,65.5,262.0,65.5,B,FAIL
39,3,46,38,31.5,126.0,31.5,NG,FAIL
72,67,83,19,60.25,241.0,60.25,B,FAIL
52,96,0,67,53.75,215.0,53.75,C+,FAIL
86,89,9,11,48.75,195.0,48.75,C,FAIL
77,60,93,94,81.0,324.0,81.0,A,PASS
57,64,90,0,52.75,211.0,52.75,C+,FAIL
93,33,44,37,51.75,207.0,51.75,C+,FAIL
56,45,66,96,65.75,263.0,65.75,B,PASS
13,67,73,62,53.75,215.0,53.75,C+,FAIL
27,16,22,45,27.5,110.0,27.5,NG,FAIL
33,53,6,48,35.0,140.0,35.0,C,FAIL
24,88,38,41,47.75,191.0,47.75,C,FAIL
66,18,73,58,53.75,215.0,53.75,C+,FAIL
63,14,90,8,43.75,175.0,43.75,C,FAIL
49,82,50,66,61.75,247.0,61.75,B,PASS
47,66,33,57,50.75,203.0,50.75,C+,FAIL
90,25,97,87,74.75,299.0,74.75,B+,FAIL
67,17,64,47,48.75,195.0,48.75,C,FAIL
49,67,79,78,68.25,273.0,68.25,B,PASS
84,37,11,97,57.25,229.0,57.25,C+,FAIL
15,5,1,5,6.5,26.0,6.5,NG,FAIL
14,83,87,28,53.0,212.0,53.0,C+,FAIL
37,62,65,33,49.25,197.0,49.25,C,FAIL
24,22,20,9,18.75,75.0,18.75,NG,FAIL
20,21,10,31,20.5,82.0,20.5,NG,FAIL
5,38,67,73,45.75,183.0,45.75,C,FAIL
31,46,17,67,40.25,161.0,40.25,C,FAIL
87,45,43,70,61.25,245.0,61.25,B,PASS
78,98,60,88,81.0,324.0,81.0,A,PASS
8,64,87,30,47.25,189.0,47.25,C,FAIL
67,90,86,73,79.0,316.0,79.0,B+,PASS
68,80,7,22,44.25,177.0,44.25,C,FAIL
52,30,25,83,47.5,190.0,47.5,C,FAIL
40,65,73,30,52.0,208.0,52.0,C+,FAIL
74,12,28,8,30.5,122.0,30.5,NG,FAIL
10,28,64,56,39.5,158.0,39.5,C,FAIL
69,37,93,30,57.25,229.0,57.25,C+,FAIL
60,63,94,7,56.0,224.0,56.0,C+,FAIL
96,48,34,85,65.75,263.0,65.75,B,FAIL
6,71,51,90,54.5,218.0,54.5,C+,FAIL
81,31,4,35,37.75,151.0,37.75,C,FAIL
4,52,57,28,35.25,141.0,35.25,C,FAIL
41,3,71,0,28.75,115.0,28.75,NG,FAIL
70,33,96,71,67.5,270.0,67.5,B,FAIL
76,34,70,51,57.75,231.0,57.75,C+,FAIL
98,70,47,63,69.5,278.0,69.5,B,PASS
42,34,21,20,29.25,117.0,29.25,NG,FAIL
28,58,83,43,53.0,212.0,53.0,C+,FAIL
94,83,54,64,73.75,295.0,73.75,B+,PASS
20,7,14,62,25.75,103.0,25.75,NG,FAIL
14,21,71,6,28.0,112.0,28.0,NG,FAIL
31,46,20,73,42.5,170.0,42.5,C,FAIL
25,60,84,83,63.0,252.0,63.0,B,FAIL
31,33,82,27,43.25,173.0,43.25,C,FAIL
75,93,72,95,83.75,335.0,83.75,A,PASS
45,30,26,21,30.5,122.0,30.5,NG,FAIL
92,5,74,90,65.25,261.0,65.25,B,FAIL
86,93,90,78,86.75,347.0,86.75,A,PASS
87,73,63,35,64.5,258.0,64.5,B,PASS
82,26,5,40,38.25,153.0,38.25,C,FAIL
58,64,72,10,51.0,204.0,51.0,C+,FAIL
8,94,82,48,58.0,232.0,58.0,C+,FAIL
92,22,83,31,57.0,228.0,57.0,C+,FAIL
1,56,56,12,31.25,125.0,31.25,NG,FAIL
39,45,31,99,53.5,214.0,53.5,C+,FAIL
0,41,76,68,46.25,185.0,46.25,C,FAIL
65,33,10,32,35.0,140.0,35.0,C,FAIL
25,75,47,24,42.75,171.0,42.75,C,FAIL
91,33,89,19,58.0,232.0,58.0,C+,FAIL
35,91,84,1,52.75,211.0,52.75,C+,FAIL
0,27,36,76,34.75,139.0,34.75,NG,FAIL
71,30,73,12,46.5,186.0,46.5,C,FAIL
50,21,72,72,53.75,215.0,53.75,C+,FAIL
59,77,98,54,72.0,288.0,72.0,B+,PASS
30,16,29,44,29.75,119.0,29.75,NG,FAIL
5,72,13,4,23.5,94.0,23.5,NG,FAIL
96,48,27,75,61.5,246.0,61.5,B,FAIL
28,80,79,41,57.0,228.0,57.0,C+,FAIL
22,14,85,15,34.0,136.0,34.0,NG,FAIL
8,53,45,59,41.25,165.0,41.25,C,FAIL
24,6,65,40,33.75,135.0,33.75,NG,FAIL
53,90,20,76,59.75,239.0,59.75,C+,FAIL
93,90,46,45,68.5,274.0,68.5,B,PASS
13,83,4,98,49.5,198.0,49.5,C,FAIL
94,24,63,97,69.5,278.0,69.5,B,FAIL
4,2,31,82,29.75,119.0,29.75,NG,FAIL
7,73,65,88,58.25,233.0,58.25,C+,FAIL
93,65,86,58,75.5,302.0,75.5,B+,PASS
10,68,29,98,51.25,205.0,51.25,C+,FAIL
15,2,46,85,37.0,148.0,37.0,C,FAIL
49,73,42,56,55.0,220.0,55.0,C+,PASS
32,97,9,81,54.75,219.0,54.75,C+,FAIL
15,4,97,4,30.0,120.0,30.0,NG,FAIL
39,78,0,33,37.5,150.0,37.5,C,FAIL
14,7,66,48,33.75,135.0,33.75,NG,FAIL
22,49,55,56,45.5,182.0,45.5,C,FAIL
7,42,21,52,30.5,122.0,30.5,NG,FAIL
79,53,82,98,78.0,312.0,78.0,B+,PASS
24,48,43,34,37.25,149.0,37.25,C,FAIL
7,33,98,91,57.25,229.0,57.25,C+,FAIL
25,33,9,24,22.75,91.0,22.75,NG,FAIL
29,25,37,34,31.25,125.0,31.25,NG,FAIL
40,57,52,80,57.25,229.0,57.25,C+,PASS
84,22,2,55,40.75,163.0,40.75,C,FAIL
91,17,50,50,52.0,208.0,52.0,C+,FAIL
90,23,40,12,41.25,165.0,41.25,C,FAIL
4,96,77,14,47.75,191.0,47.75,C,FAIL
2,94,42,58,49.0,196.0,49.0,C,FAIL
49,64,1,54,42.0,168.0,42.0,C,FAIL
3,47,13,27,22.5,90.0,22.5,NG,FAIL
51,52,20,61,46.0,184.0,46.0,C,FAIL
22,3,94,81,50.0,200.0,50.0,C+,FAIL
10,55,85,65,53.75,215.0,53.75,C+,FAIL
33,21,86,50,47.5,190.0,47.5,C,FAIL
77,72,20,14,45.75,183.0,45.75,C,FAIL
30,50,4,51,33.75,135.0,33.75,NG,FAIL
42,65,53,79,59.75,239.0,59.75,C+,PASS
13,16,46,22,24.25,97.0,24.25,NG,FAIL
98,58,33,93,70.5,282.0,70.5,B+,FAIL
61,48,96,25,57.5,230.0,57.5,C+,FAIL
87,89,77,8,65.25,261.0,65.25,B,FAIL
43,25,67,70,51.25,205.0,51.25,C+,FAIL
70,44,67,29,52.5,210.0,52.5,C+,FAIL
43,1,10,10,16.0,64.0,16.0,NG,FAIL
21,19,23,16,19.75,79.0,19.75,NG,FAIL
18,39,13,58,32.0,128.0,32.0,NG,FAIL
87,46,22,71,56.5,226.0,56.5,C+,FAIL
20,2,32,89,35.75,143.0,35.75,C,FAIL
30,31,22,56,34.75,139.0,34.75,NG,FAIL
46,85,69,20,55.0,220.0,55.0,C+,FAIL
72,5,53,8,34.5,138.0,34.5,NG,FAIL
22,3,32,86,35.75,143.0,35.75,C,FAIL
48,55,2,58,40.75,163.0,40.75,C,FAIL
34,52,3,44,33.25,133.0,33.25,NG,FAIL
8,90,60,14,43.0,172.0,43.0,C,FAIL
84,50,78,61,68.25,273.0,68.25,B,PASS
33,75,63,27,49.5,198.0,49.5,C,FAIL
84,19,45,94,60.5,242.0,60.5,B,FAIL
49,11,69,28,39.25,157.0,39.25,C,FAIL
6,63,27,78,43.5,174.0,43.5,C,FAIL
8,43,10,10,17.75,71.0,17.75,NG,FAIL
54,52,55,6,41.75,167.0,41.75,C,FAIL
64,57,25,0,36.5,146.0,36.5,C,FAIL
4,59,83,25,42.75,171.0,42.75,C,FAIL
38,32,59,85,53.5,214.0,53.5,C+,FAIL
52,99,4,81,59.0,236.0,59.0,C+,FAIL
4,80,0,39,30.75,123.0,30.75,NG,FAIL
78,22,64,41,51.25,205.0,51.25,C+,FAIL
32,57,91,63,60.75,243.0,60.75,B,FAIL
59,84,59,73,68.75,275.0,68.75,B,PASS
94,77,44,79,73.5,294.0,73.5,B+,PASS
51,22,25,6,26.0,104.0,26.0,NG,FAIL
29,51,41,94,53.75,215.0,53.75,C+,FAIL
73,15,89,7,46.0,184.0,46.0,C,FAIL
31,7,47,58,35.75,143.0,35.75,C,FAIL
46,41,62,79,57.0,228.0,57.0,C+,PASS
42,64,25,1,33.0,132.0,33.0,NG,FAIL
47,69,58,48,55.5,222.0,55.5,C+,PASS
11,29,14,71,31.25,125.0,31.25,NG,FAIL
53,14,85,9,40.25,161.0,40.25,C,FAIL
4,4,76,21,26.25,105.0,26.25,NG,FAIL
14,75,32,92,53.25,213.0,53.25,C+,FAIL
34,58,15,18,31.25,125.0,31.25,NG,FAIL
3,95,74,50,55.5,222.0,55.5,C+,FAIL
75,95,57,79,76.5,306.0,76.5,B+,PASS
31,45,82,54,53.0,212.0,53.0,C+,FAIL
62,5,51,88,51.5,206.0,51.5,C+,FAIL
85,65,87,29,66.5,266.0,66.5,B,FAIL
0,54,35,16,26.25,105.0,26.25,NG,FAIL
69,46,87,7,52.25,209.0,52.25,C+,FAIL
31,0,98,2,32.75,131.0,32.75,NG,FAIL
47,86,72,15,55.0,220.0,55.0,C+,FAIL
74,31,64,17,46.5,186.0,46.5,C,FAIL
18,9,58,38,30.75,123.0,30.75,NG,FAIL
10,70,96,83,64.75,259.0,64.75,B,FAIL
52,56,78,99,71.25,285.0,71.25,B+,PASS
37,25,37,70,42.25,169.0,42.25,C,FAIL
22,76,43,77,54.5,218.0,54.5,C+,FAIL
94,92,15,85,71.5,286.0,71.5,B+,FAIL
27,20,31,21,24.75,99.0,24.75,NG,FAIL
84,61,65,60,67.5,270.0,67.5,B,PASS
31,39,61,39,42.5,170.0,42.5,C,FAIL
84,68,24,7,45.75,183.0,45.75,C,FAIL
14,22,77,55,42.0,168.0,42.0,C,FAIL
6,8,84,21,29.75,119.0,29.75,NG,FAIL
32,57,38,26,38.25,153.0,38.25,C,FAIL
14,28,39,94,43.75,175.0,43.75,C,FAIL
89,77,81,85,83.0,332.0,83.0,A,PASS
13,47,91,95,61.5,246.0,61.5,B,FAIL
33,61,39,15,37.0,148.0,37.0,C,FAIL
42,40,66,22,42.5,170.0,42.5,C,FAIL
21,73,72,39,51.25,205.0,51.25,C+,FAIL
97,7,14,4,30.5,122.0,30.5,NG,FAIL
56,3,99,26,46.0,184.0,46.0,C,FAIL
53,39,74,2,42.0,168.0,42.0,C,FAIL
67,44,22,52,46.25,185.0,46.25,C,FAIL
90,13,85,59,61.75,247.0,61.75,B,FAIL
67,28,99,37,57.75,231.0,57.75,C+,FAIL
54,84,1,98,59.25,237.0,59.25,C+,FAIL
44,37,91,31,50.75,203.0,50.75,C+,FAIL
56,14,34,26,32.5,130.0,32.5,NG,FAIL
69,5,66,63,50.75,203.0,50.75,C+,FAIL
74,74,63,0,52.75,211.0,52.75,C+,FAIL
78,29,80,90,69.25,277.0,69.25,B,FAIL
95,73,45,94,76.75,307.0,76.75,B+,PASS
62,48,96,79,71.25,285.0,71.25,B+,PASS
72,88,58,3,55.25,221.0,55.25,C+,FAIL
63,70,15,50,49.5,198.0,49.5,C,FAIL
53,81,87,77,74.5,298.0,74.5,B+,PASS
10,52,95,92,62.25,249.0,62.25,B,FAIL
81,63,47,36,56.75,227.0,56.75,C+,PASS
45,20,81,40,46.5,186.0,46.5,C,FAIL
81,24,27,73,51.25,205.0,51.25,C+,FAIL
58,74,11,93,59.0,236.0,59.0,C+,FAIL
46,64,81,44,58.75,235.0,58.75,C+,PASS
5,82,13,60,40.0,160.0,40.0,C,FAIL
54,93,39,58,61.0,244.0,61.0,B,PASS
40,73,52,32,49.25,197.0,49.25,C,FAIL
59,26,21,23,32.25,129.0,32.25,NG,FAIL
23,58,60,96,59.25,237.0,59.25,C+,FAIL
48,63,86,32,57.25,229.0,57.25,C+,FAIL
55,40,50,0,36.25,145.0,36.25,C,FAIL
52,41,56,2,37.75,151.0,37.75,C,FAIL
91,3,68,91,63.25,253.0,63.25,B,FAIL
97,59,73,72,75.25,301.0,75.25,B+,PASS
91,11,72,73,61.75,247.0,61.75,B,FAIL
21,12,43,27,25.75,103.0,25.75,NG,FAIL
24,93,15,13,36.25,145.0,36.25,C,FAIL
92,59,34,30,53.75,215.0,53.75,C+,FAIL
38,18,8,79,35.75,143.0,35.75,C,FAIL
75,8,31,30,36.0,144.0,36.0,C,FAIL
3,59,23,71,39.0,156.0,39.0,C,FAIL
57,66,1,59,45.75,183.0,45.75,C,FAIL
50,75,91,2,54.5,218.0,54.5,C+,FAIL
4,58,10,35,26.75,107.0,26.75,NG,FAIL
4,53,76,23,39.0,156.0,39.0,C,FAIL
32,31,16,35,28.5,114.0,28.5,NG,FAIL
21,8,61,36,31.5,126.0,31.5,NG,FAIL
38,78,28,96,60.0,240.0,60.0,B,FAIL
40,9,83,89,55.25,221.0,55.25,C+,FAIL
48,16,79,79,55.5,222.0,55.5,C+,FAIL
88,51,73,5,54.25,217.0,54.25,C+,FAIL
36,78,46,91,62.75,251.0,62.75,B,PASS
89,82,52,98,80.25,321.0,80.25,A,PASS
79,79,3,77,59.5,238.0,59.5,C+,FAIL
97,10,26,2,33.75,135.0,33.75,NG,FAIL
85,54,73,89,75.25,301.0,75.25,B+,PASS
99,91,27,86,75.75,303.0,75.75,B+,FAIL
68,86,26,34,53.5,214.0,53.5,C+,FAIL
78,36,69,22,51.25,205.0,51.25,C+,FAIL
65,91,87,52,73.75,295.0,73.75,B+,PASS
33,13,92,96,58.5,234.0,58.5,C+,FAIL
7,79,25,2,28.25,113.0,28.25,NG,FAIL
35,4,29,38,26.5,106.0,26.5,NG,FAIL
21,62,52,9,36.0,144.0,36.0,C,FAIL
31,51,85,91,64.5,258.0,64.5,B,FAIL
41,84,37,88,62.5,250.0,62.5,B,PASS
47,1,38,61,36.75,147.0,36.75,C,FAIL
53,71,10,45,44.75,179.0,44.75,C,FAIL
49,13,27,9,24.5,98.0,24.5,NG,FAIL
56,92,90,41,69.75,279.0,69.75,B,PASS
6,34,29,63,33.0,132.0,33.0,NG,FAIL
8,50,33,35,31.5,126.0,31.5,NG,FAIL
53,4,35,90,45.5,182.0,45.5,C,FAIL
95,68,67,67,74.25,297.0,74.25,B+,PASS
19,4,3,66,23.0,92.0,23.0,NG,FAIL
64,57,48,6,43.75,175.0,43.75,C,FAIL
47,30,30,94,50.25,201.0,50.25,C+,FAIL
84,12,15,79,47.5,190.0,47.5,C,FAIL
19,31,25,50,31.25,125.0,31.25,NG,FAIL
96,86,31,21,58.5,234.0,58.5,C+,FAIL
47,17,98,72,58.5,234.0,58.5,C+,FAIL
76,9,66,96,61.75,247.0,61.75,B,FAIL
12,72,96,20,50.0,200.0,50.0,C+,FAIL
2,65,15,25,26.75,107.0,26.75,NG,FAIL
39,36,52,55,45.5,182.0,45.5,C,PASS
95,8,87,12,50.5,202.0,50.5,C+,FAIL
59,0,20,84,40.75,163.0,40.75,C,FAIL
19,69,57,27,43.0,172.0,43.0,C,FAIL
53,27,76,90,61.5,246.0,61.5,B,FAIL
40,56,54,44,48.5,194.0,48.5,C,PASS
34,17,9,12,18.0,72.0,18.0,NG,FAIL
84,3,54,55,49.0,196.0,49.0,C,FAIL
65,66,37,78,61.5,246.0,61.5,B,PASS
27,45,27,65,41.0,164.0,41.0,C,FAIL
96,72,69,27,66.0,264.0,66.0,B,FAIL
72,89,10,53,56.0,224.0,56.0,C+,FAIL
64,55,65,29,53.25,213.0,53.25,C+,FAIL
77,57,67,50,62.75,251.0,62.75,B,PASS
46,55,86,33,55.0,220.0,55.0,C+,FAIL
30,69,7,21,31.75,127.0,31.75,NG,FAIL
58,0,87,73,54.5,218.0,54.5,C+,FAIL
55,29,54,2,35.0,140.0,35.0,C,FAIL
11,58,18,32,29.75,119.0,29.75,NG,FAIL
8,6,75,86,43.75,175.0,43.75,C,FAIL
70,92,44,12,54.5,218.0,54.5,C+,FAIL
85,99,68,98,87.5,350.0,87.5,A,PASS
38,24,45,87,48.5,194.0,48.5,C,FAIL
99,81,71,97,87.0,348.0,87.0,A,PASS
68,8,12,83,42.75,171.0,42.75,C,FAIL
23,12,12,88,33.75,135.0,33.75,NG,FAIL
93,99,63,41,74.0,296.0,74.0,B+,PASS
24,36,84,65,52.25,209.0,52.25,C+,FAIL
6,69,64,77,54.0,216.0,54.0,C+,FAIL
32,35,95,88,62.5,250.0,62.5,B,FAIL
92,73,57,9,57.75,231.0,57.75,C+,FAIL
28,60,35,53,44.0,176.0,44.0,C,FAIL
97,82,66,12,64.25,257.0,64.25,B,FAIL
28,86,12,39,41.25,165.0,41.25,C,FAIL
46,36,31,86,49.75,199.0,49.75,C,FAIL
29,12,48,89,44.5,178.0,44.5,C,FAIL
68,19,25,70,45.5,182.0,45.5,C,FAIL
99,36,54,79,67.0,268.0,67.0,B,PASS
89,21,4,14,32.0,128.0,32.0,NG,FAIL
43,75,55,43,54.0,216.0,54.0,C+,PASS
89,83,58,94,81.0,324.0,81.0,A,PASS
50,13,36,32,32.75,131.0,32.75,NG,FAIL
9,64,74,83,57.5,230.0,57.5,C+,FAIL
42,90,38,91,65.25,261.0,65.25,B,PASS
1,68,75,89,58.25,233.0,58.25,C+,FAIL
28,16,26,7,19.25,77.0,19.25,NG,FAIL
30,81,77,56,61.0,244.0,61.0,B,FAIL
90,60,66,49,66.25,265.0,66.25,B,PASS
26,88,73,22,52.25,209.0,52.25,C+,FAIL
68,18,30,8,31.0,124.0,31.0,NG,FAIL
17,52,74,35,44.5,178.0,44.5,C,FAIL
32,98,90,13,58.25,233.0,58.25,C+,FAIL
10,13,81,80,46.0,184.0,46.0,C,FAIL
63,85,12,17,44.25,177.0,44.25,C,FAIL
18,0,63,88,42.25,169.0,42.25,C,FAIL
36,49,30,52,41.75,167.0,41.75,C,FAIL
62,25,70,22,44.75,179.0,44.75,C,FAIL
74,77,84,46,70.25,281.0,70.25,B+,PASS
99,68,96,62,81.25,325.0,81.25,A,PASS
46,72,43,66,56.75,227.0,56.75,C+,PASS
80,19,57,78,58.5,234.0,58.5,C+,FAIL
41,92,4,13,37.5,150.0,37.5,C,FAIL
19,46,94,33,48.0,192.0,48.0,C,FAIL
29,49,86,6,42.5,170.0,42.5,C,FAIL
62,40,20,64,46.5,186.0,46.5,C,FAIL
81,27,60,48,54.0,216.0,54.0,C+,FAIL
2,30,96,76,51.0,204.0,51.0,C+,FAIL
23,9,69,2,25.75,103.0,25.75,NG,FAIL
26,75,48,22,42.75,171.0,42.75,C,FAIL
96,42,24,47,52.25,209.0,52.25,C+,FAIL
12,37,0,81,32.5,130.0,32.5,NG,FAIL
48,78,30,14,42.5,170.0,42.5,C,FAIL
33,1,52,14,25.0,100.0,25.0,NG,FAIL
63,3,67,36,42.25,169.0,42.25,C,FAIL
16,99,11,50,44.0,176.0,44.0,C,FAIL
22,76,43,76,54.25,217.0,54.25,C+,FAIL
86,78,65,79,77.0,308.0,77.0,B+,PASS
22,11,56,68,39.25,157.0,39.25,C,FAIL
30,3,83,14,32.5,130.0,32.5,NG,FAIL
9,89,1,71,42.5,170.0,42.5,C,FAIL
64,99,32,56,62.75,251.0,62.75,B,FAIL
77,84,25,40,56.5,226.0,56.5,C+,FAIL
35,59,71,87,63.0,252.0,63.0,B,PASS
9,72,72,76,57.25,229.0,57.25,C+,FAIL
34,11,90,41,44.0,176.0,44.0,C,FAIL
45,91,16,63,53.75,215.0,53.75,C+,FAIL
75,6,19,4,26.0,104.0,26.0,NG,FAIL
14,29,52,92,46.75,187.0,46.75,C,FAIL
17,54,31,77,44.75,179.0,44.75,C,FAIL
16,40,59,32,36.75,147.0,36.75,C,FAIL
50,86,86,3,56.25,225.0,56.25,C+,FAIL
52,10,89,50,50.25,201.0,50.25,C+,FAIL
54,96,97,57,76.0,304.0,76.0,B+,PASS
29,63,72,92,64.0,256.0,64.0,B,FAIL
35,96,84,66,70.25,281.0,70.25,B+,PASS
39,19,72,59,47.25,189.0,47.25,C,FAIL
43,13,23,25,26.0,104.0,26.0,NG,FAIL
52,2,24,71,37.25,149.0,37.25,C,FAIL
8,88,40,22,39.5,158.0,39.5,C,FAIL
68,38,68,98,68.0,272.0,68.0,B,PASS
1,30,42,64,34.25,137.0,34.25,NG,FAIL
8,11,39,17,18.75,75.0,18.75,NG,FAIL
4,76,90,41,52.75,211.0,52.75,C+,FAIL
84,81,7,52,56.0,224.0,56.0,C+,FAIL
74,22,19,84,49.75,199.0,49.75,C,FAIL
32,23,2,71,32.0,128.0,32.0,NG,FAIL
53,52,14,73,48.0,192.0,48.0,C,FAIL
91,32,95,63,70.25,281.0,70.25,B+,FAIL
23,93,72,8,49.0,196.0,49.0,C,FAIL
11,68,37,32,37.0,148.0,37.0,C,FAIL
74,32,88,72,66.5,266.0,66.5,B,FAIL
53,56,4,86,49.75,199.0,49.75,C,FAIL
93,38,78,51,65.0,260.0,65.0,B,PASS
62,64,12,82,55.0,220.0,55.0,C+,FAIL
13,77,84,80,63.5,254.0,63.5,B,FAIL
42,1,22,40,26.25,105.0,26.25,NG,FAIL
24,11,13,63,27.75,111.0,27.75,NG,FAIL
67,48,75,31,55.25,221.0,55.25,C+,FAIL
57,75,61,6,49.75,199.0,49.75,C,FAIL
81,4,9,12,26.5,106.0,26.5,NG,FAIL
39,15,15,67,34.0,136.0,34.0,NG,FAIL
36,24,52,64,44.0,176.0,44.0,C,FAIL
69,14,95,78,64.0,256.0,64.0,B,FAIL
3,76,10,55,36.0,144.0,36.0,C,FAIL
63,67,0,69,49.75,199.0,49.75,C,FAIL
42,37,52,80,52.75,211.0,52.75,C+,PASS
75,44,87,71,69.25,277.0,69.25,B,PASS
87,43,21,14,41.25,165.0,41.25,C,FAIL
61,21,56,92,57.5,230.0,57.5,C+,FAIL
1,99,56,71,56.75,227.0,56.75,C+,FAIL
55,95,87,44,70.25,281.0,70.25,B+,PASS
92,61,32,71,64.0,256.0,64.0,B,FAIL
27,19,43,79,42.0,168.0,42.0,C,FAIL
94,61,24,24,50.75,203.0,50.75,C+,FAIL
26,59,0,20,26.25,105.0,26.25,NG,FAIL
52,13,1,15,20.25,81.0,20.25,NG,FAIL
46,46,71,83,61.5,246.0,61.5,B,PASS
67,20,0,70,39.25,157.0,39.25,C,FAIL
75,33,81,66,63.75,255.0,63.75,B,FAIL
87,17,23,83,52.5,210.0,52.5,C+,FAIL
10,41,99,94,61.0,244.0,61.0,B,FAIL
51,39,17,90,49.25,197.0,49.25,C,FAIL
96,82,0,16,48.5,194.0,48.5,C,FAIL
96,81,21,84,70.5,282.0,70.5,B+,FAIL
50,79,27,83,59.75,239.0,59.75,C+,FAIL
60,40,20,7,31.75,127.0,31.75,NG,FAIL
15,93,40,66,53.5,214.0,53.5,C+,FAIL
65,61,7,52,46.25,185.0,46.25,C,FAIL
35,51,82,63,57.75,231.0,57.75,C+,PASS
44,66,22,25,39.25,157.0,39.25,C,FAIL
78,39,12,98,56.75,227.0,56.75,C+,FAIL
67,37,78,74,64.0,256.0,64.0,B,PASS
7,0,19,72,24.5,98.0,24.5,NG,FAIL
86,31,30,79,56.5,226.0,56.5,C+,FAIL
47,26,11,95,44.75,179.0,44.75,C,FAIL
84,21,51,9,41.25,165.0,41.25,C,FAIL
6,65,21,97,47.25,189.0,47.25,C,FAIL
32,73,40,4,37.25,149.0,37.25,C,FAIL
77,12,57,1,36.75,147.0,36.75,C,FAIL
23,58,44,93,54.5,218.0,54.5,C+,FAIL
59,90,59,20,57.0,228.0,57.0,C+,FAIL
25,35,53,34,36.75,147.0,36.75,C,FAIL
85,50,82,95,78.0,312.0,78.0,B+,PASS
76,62,30,66,58.5,234.0,58.5,C+,FAIL
8,86,80,92,66.5,266.0,66.5,B,FAIL
81,48,64,15,52.0,208.0,52.0,C+,FAIL
26,26,0,60,28.0,112.0,28.0,NG,FAIL
76,47,74,87,71.0,284.0,71.0,B+,PASS
67,81,9,94,62.75,251.0,62.75,B,FAIL
61,97,19,13,47.5,190.0,47.5,C,FAIL
9,97,69,79,63.5,254.0,63.5,B,FAIL
90,92,66,60,77.0,308.0,77.0,B+,PASS
69,49,31,30,44.75,179.0,44.75,C,FAIL
24,91,41,7,40.75,163.0,40.75,C,FAIL
9,46,6,7,17.0,68.0,17.0,NG,FAIL
68,87,10,68,58.25,233.0,58.25,C+,FAIL
46,64,81,27,54.5,218.0,54.5,C+,FAIL
11,95,67,7,45.0,180.0,45.0,C,FAIL
19,4,14,2,9.75,39.0,9.75,NG,FAIL
31,26,84,9,37.5,150.0,37.5,C,FAIL
80,18,69,2,42.25,169.0,42.25,C,FAIL
18,59,89,14,45.0,180.0,45.0,C,FAIL
76,91,69,77,78.25,313.0,78.25,B+,PASS
45,65,52,95,64.25,257.0,64.25,B,PASS
53,60,82,44,59.75,239.0,59.75,C+,PASS
63,35,91,82,67.75,271.0,67.75,B,PASS
94,76,53,80,75.75,303.0,75.75,B+,PASS
26,18,59,63,41.5,166.0,41.5,C,FAIL
20,45,29,14,27.0,108.0,27.0,NG,FAIL
87,59,43,60,62.25,249.0,62.25,B,PASS
31,65,23,59,44.5,178.0,44.5,C,FAIL
27,32,1,98,39.5,158.0,39.5,C,FAIL
67,71,57,64,64.75,259.0,64.75,B,PASS
87,91,12,88,69.5,278.0,69.5,B,FAIL
91,48,39,35,53.25,213.0,53.25,C+,PASS
67,53,15,40,43.75,175.0,43.75,C,FAIL
42,67,99,74,70.5,282.0,70.5,B+,PASS
7,91,38,11,36.75,147.0,36.75,C,FAIL
42,0,21,58,30.25,121.0,30.25,NG,FAIL
11,96,38,54,49.75,199.0,49.75,C,FAIL
32,2,72,54,40.0,160.0,40.0,C,FAIL
40,54,92,8,48.5,194.0,48.5,C,FAIL
9,19,55,26,27.25,109.0,27.25,NG,FAIL
65,10,33,68,44.0,176.0,44.0,C,FAIL
70,15,81,22,47.0,188.0,47.0,C,FAIL
65,95,46,34,60.0,240.0,60.0,B,FAIL
59,20,75,37,47.75,191.0,47.75,C,FAIL
70,95,93,34,73.0,292.0,73.0,B+,FAIL
83,56,22,87,62.0,248.0,62.0,B,FAIL
81,22,0,90,48.25,193.0,48.25,C,FAIL
71,61,1,97,57.5,230.0,57.5,C+,FAIL
84,4,15,14,29.25,117.0,29.25,NG,FAIL
42,30,52,38,40.5,162.0,40.5,C,FAIL
82,32,82,18,53.5,214.0,53.5,C+,FAIL
23,86,83,30,55.5,222.0,55.5,C+,FAIL
69,18,57,30,43.5,174.0,43.5,C,FAIL
87,58,36,12,48.25,193.0,48.25,C,FAIL
39,82,35,48,51.0,204.0,51.0,C+,PASS
53,20,47,75,48.75,195.0,48.75,C,FAIL
44,76,94,34,62.0,248.0,62.0,B,FAIL
89,71,42,56,64.5,258.0,64.5,B,PASS
29,51,99,25,51.0,204.0,51.0,C+,FAIL
98,45,9,27,44.75,179.0,44.75,C,FAIL
29,49,4,75,39.25,157.0,39.25,C,FAIL
43,28,33,33,34.25,137.0,34.25,NG,FAIL
94,66,96,5,65.25,261.0,65.25,B,FAIL
37,25,85,42,47.25,189.0,47.25,C,FAIL
57,90,9,37,48.25,193.0,48.25,C,FAIL
83,72,65,79,74.75,299.0,74.75,B+,PASS
60,61,53,31,51.25,205.0,51.25,C+,FAIL
21,48,86,53,52.0,208.0,52.0,C+,FAIL
76,79,9,45,52.25,209.0,52.25,C+,FAIL
64,62,30,53,52.25,209.0,52.25,C+,FAIL
7,84,7,54,38.0,152.0,38.0,C,FAIL
43,17,35,46,35.25,141.0,35.25,C,FAIL
53,46,52,0,37.75,151.0,37.75,C,FAIL
63,37,12,18,32.5,130.0,32.5,NG,FAIL
64,25,19,32,35.0,140.0,35.0,C,FAIL
45,8,5,35,23.25,93.0,23.25,NG,FAIL
60,17,86,25,47.0,188.0,47.0,C,FAIL
50,45,85,74,63.5,254.0,63.5,B,PASS
52,97,12,8,42.25,169.0,42.25,C,FAIL
15,53,14,98,45.0,180.0,45.0,C,FAIL
93,89,87,61,82.5,330.0,82.5,A,PASS
82,23,31,1,34.25,137.0,34.25,NG,FAIL
27,21,95,81,56.0,224.0,56.0,C+,FAIL
74,22,5,19,30.0,120.0,30.0,NG,FAIL
47,85,96,47,68.75,275.0,68.75,B,PASS
89,36,78,79,70.5,282.0,70.5,B+,PASS
28,57,29,72,46.5,186.0,46.5,C,FAIL
69,77,89,25,65.0,260.0,65.0,B,FAIL
65,5,53,58,45.25,181.0,45.25,C,FAIL
72,28,33,11,36.0,144.0,36.0,C,FAIL
39,40,23,67,42.25,169.0,42.25,C,FAIL
18,23,39,58,34.5,138.0,34.5,NG,FAIL
69,41,36,79,56.25,225.0,56.25,C+,PASS
18,91,45,55,52.25,209.0,52.25,C+,FAIL
67,15,97,98,69.25,277.0,69.25,B,FAIL
58,50,40,54,50.5,202.0,50.5,C+,PASS
40,98,83,47,67.0,268.0,67.0,B,PASS
68,61,20,13,40.5,162.0,40.5,C,FAIL
96,20,27,81,56.0,224.0,56.0,C+,FAIL
47,80,83,22,58.0,232.0,58.0,C+,FAIL
94,63,37,49,60.75,243.0,60.75,B,PASS
66,29,59,5,39.75,159.0,39.75,C,FAIL
64,1,57,56,44.5,178.0,44.5,C,FAIL
43,56,3,95,49.25,197.0,49.25,C,FAIL
62,67,99,44,68.0,272.0,68.0,B,PASS
13,48,1,43,26.25,105.0,26.25,NG,FAIL
97,90,69,39,73.75,295.0,73.75,B+,PASS
28,62,82,98,67.5,270.0,67.5,B,FAIL
82,36,8,8,33.5,134.0,33.5,NG,FAIL
44,79,24,62,52.25,209.0,52.25,C+,FAIL
81,28,76,15,50.0,200.0,50.0,C+,FAIL
19,44,6,1,17.5,70.0,17.5,NG,FAIL
4,71,45,16,34.0,136.0,34.0,NG,FAIL
15,5,95,80,48.75,195.0,48.75,C,FAIL
1,39,52,83,43.75,175.0,43.75,C,FAIL
53,29,24,64,42.5,170.0,42.5,C,FAIL
49,84,66,96,73.75,295.0,73.75,B+,PASS
59,26,50,40,43.75,175.0,43.75,C,FAIL
15,27,77,48,41.75,167.0,41.75,C,FAIL
72,49,46,27,48.5,194.0,48.5,C,FAIL
48,90,77,65,70.0,280.0,70.0,B+,PASS
73,91,62,24,62.5,250.0,62.5,B,FAIL
94,0,98,55,61.75,247.0,61.75,B,FAIL
96,48,97,25,66.5,266.0,66.5,B,FAIL
17,6,42,94,39.75,159.0,39.75,C,FAIL
9,17,31,50,26.75,107.0,26.75,NG,FAIL
87,18,29,48,45.5,182.0,45.5,C,FAIL
14,96,7,34,37.75,151.0,37.75,C,FAIL
66,15,70,82,58.25,233.0,58.25,C+,FAIL
50,1,19,31,25.25,101.0,25.25,NG,FAIL
59,42,38,88,56.75,227.0,56.75,C+,PASS
94,65,22,39,55.0,220.0,55.0,C+,FAIL
41,38,59,67,51.25,205.0,51.25,C+,PASS
48,47,33,53,45.25,181.0,45.25,C,FAIL
29,9,71,81,47.5,190.0,47.5,C,FAIL
45,82,12,4,35.75,143.0,35.75,C,FAIL
65,90,31,77,65.75,263.0,65.75,B,FAIL
61,40,82,5,47.0,188.0,47.0,C,FAIL
32,77,31,29,42.25,169.0,42.25,C,FAIL
1,27,96,85,52.25,209.0,52.25,C+,FAIL
51,42,53,20,41.5,166.0,41.5,C,FAIL
57,78,53,95,70.75,283.0,70.75,B+,PASS
86,15,77,21,49.75,199.0,49.75,C,FAIL
40,19,3,54,29.0,116.0,29.0,NG,FAIL
80,79,95,9,65.75,263.0,65.75,B,FAIL
40,21,53,94,52.0,208.0,52.0,C+,FAIL
11,19,7,27,16.0,64.0,16.0,NG,FAIL
24,68,84,55,57.75,231.0,57.75,C+,FAIL
58,84,88,97,81.75,327.0,81.75,A,PASS
92,67,50,3,53.0,212.0,53.0,C+,FAIL
92,21,77,96,71.5,286.0,71.5,B+,FAIL
79,31,75,82,66.75,267.0,66.75,B,FAIL
25,9,17,54,26.25,105.0,26.25,NG,FAIL
24,38,28,72,40.5,162.0,40.5,C,FAIL
16,51,34,13,28.5,114.0,28.5,NG,FAIL
34,45,21,32,33.0,132.0,33.0,NG,FAIL
74,61,68,34,59.25,237.0,59.25,C+,FAIL
6,31,32,17,21.5,86.0,21.5,NG,FAIL
0,35,25,81,35.25,141.0,35.25,C,FAIL
29,6,46,36,29.25,117.0,29.25,NG,FAIL
40,65,47,35,46.75,187.0,46.75,C,PASS
76,3,74,43,49.0,196.0,49.0,C,FAIL
65,18,34,61,44.5,178.0,44.5,C,FAIL
95,80,54,55,71.0,284.0,71.0,B+,PASS
92,56,91,83,80.5,322.0,80.5,A,PASS
47,69,45,25,46.5,186.0,46.5,C,FAIL
97,13,68,75,63.25,253.0,63.25,B,FAIL
72,6,95,6,44.75,179.0,44.75,C,FAIL
26,13,73,5,29.25,117.0,29.25,NG,FAIL
45,34,58,78,53.75,215.0,53.75,C+,FAIL
17,87,37,81,55.5,222.0,55.5,C+,FAIL
92,73,75,56,74.0,296.0,74.0,B+,PASS
43,63,87,46,59.75,239.0,59.75,C+,PASS
58,49,15,34,39.0,156.0,39.0,C,FAIL
96,46,96,42,70.0,280.0,70.0,B+,PASS
79,89,38,78,71.0,284.0,71.0,B+,PASS
84,60,23,89,64.0,256.0,64.0,B,FAIL
27,56,20,60,40.75,163.0,40.75,C,FAIL
48,98,96,64,76.5,306.0,76.5,B+,PASS
25,22,10,16,18.25,73.0,18.25,NG,FAIL
27,66,91,55,59.75,239.0,59.75,C+,FAIL
91,28,4,95,54.5,218.0,54.5,C+,FAIL
88,64,64,37,63.25,253.0,63.25,B,PASS
3,77,55,75,52.5,210.0,52.5,C+,FAIL
79,24,71,22,49.0,196.0,49.0,C,FAIL
16,24,36,41,29.25,117.0,29.25,NG,FAIL
29,90,90,26,58.75,235.0,58.75,C+,FAIL
17,81,85,45,57.0,228.0,57.0,C+,FAIL
82,69,12,0,40.75,163.0,40.75,C,FAIL
72,22,66,10,42.5,170.0,42.5,C,FAIL
43,85,23,23,43.5,174.0,43.5,C,FAIL
10,17,77,24,32.0,128.0,32.0,NG,FAIL
45,91,11,22,42.25,169.0,42.25,C,FAIL
64,6,43,66,44.75,179.0,44.75,C,FAIL
49,7,37,92,46.25,185.0,46.25,C,FAIL
1,87,64,97,62.25,249.0,62.25,B,FAIL
43,23,92,35,48.25,193.0,48.25,C,FAIL
3,37,32,37,27.25,109.0,27.25,NG,FAIL
69,25,11,54,39.75,159.0,39.75,C,FAIL
76,32,73,13,48.5,194.0,48.5,C,FAIL
52,68,4,59,45.75,183.0,45.75,C,FAIL
95,24,37,31,46.75,187.0,46.75,C,FAIL
1,39,23,64,31.75,127.0,31.75,NG,FAIL
19,88,98,96,75.25,301.0,75.25,B+,FAIL
70,88,80,8,61.5,246.0,61.5,B,FAIL
74,63,64,89,72.5,290.0,72.5,B+,PASS
27,89,37,41,48.5,194.0,48.5,C,FAIL
24,18,93,97,58.0,232.0,58.0,C+,FAIL
90,11,28,4,33.25,133.0,33.25,NG,FAIL
69,41,52,5,41.75,167.0,41.75,C,FAIL
31,25,99,15,42.5,170.0,42.5,C,FAIL
28,61,32,58,44.75,179.0,44.75,C,FAIL
47,26,88,65,56.5,226.0,56.5,C+,FAIL
25,66,84,58,58.25,233.0,58.25,C+,FAIL
91,57,98,71,79.25,317.0,79.25,B+,PASS
32,51,82,12,44.25,177.0,44.25,C,FAIL
91,31,21,25,42.0,168.0,42.0,C,FAIL
30,59,52,10,37.75,151.0,37.75,C,FAIL
15,28,88,68,49.75,199.0,49.75,C,FAIL
43,93,85,66,71.75,287.0,71.75,B+,PASS
33,22,68,2,31.25,125.0,31.25,NG,FAIL
79,55,40,70,61.0,244.0,61.0,B,PASS
40,2,97,49,47.0,188.0,47.0,C,FAIL
5,15,67,64,37.75,151.0,37.75,C,FAIL
59,61,49,82,62.75,251.0,62.75,B,PASS
96,69,79,0,61.0,244.0,61.0,B,FAIL
19,91,8,54,43.0,172.0,43.0,C,FAIL
45,18,78,84,56.25,225.0,56.25,C+,FAIL
33,15,16,40,26.0,104.0,26.0,NG,FAIL
97,28,4,78,51.75,207.0,51.75,C+,FAIL
56,42,98,13,52.25,209.0,52.25,C+,FAIL
93,40,27,41,50.25,201.0,50.25,C+,FAIL
33,2,35,66,34.0,136.0,34.0,NG,FAIL
36,38,94,75,60.75,243.0,60.75,B,PASS
29,51,9,32,30.25,121.0,30.25,NG,FAIL
63,94,44,67,67.0,268.0,67.0,B,PASS
76,52,55,52,58.75,235.0,58.75,C+,PASS
69,17,4,49,34.75,139.0,34.75,NG,FAIL
57,30,43,8,34.5,138.0,34.5,NG,FAIL
17,83,75,39,53.5,214.0,53.5,C+,FAIL
28,91,41,64,56.0,224.0,56.0,C+,FAIL
79,68,5,57,52.25,209.0,52.25,C+,FAIL
97,58,34,12,50.25,201.0,50.25,C+,FAIL
50,83,0,60,48.25,193.0,48.25,C,FAIL
77,49,77,56,64.75,259.0,64.75,B,PASS
59,85,82,33,64.75,259.0,64.75,B,FAIL
72,19,25,0,29.0,116.0,29.0,NG,FAIL
69,6,11,43,32.25,129.0,32.25,NG,FAIL
25,57,13,37,33.0,132.0,33.0,NG,FAIL
48,72,5,1,31.5,126.0,31.5,NG,FAIL
93,31,85,1,52.5,210.0,52.5,C+,FAIL
88,63,40,87,69.5,278.0,69.5,B,PASS
98,74,83,46,75.25,301.0,75.25,B+,PASS
82,47,25,19,43.25,173.0,43.25,C,FAIL
54,1,15,3,18.25,73.0,18.25,NG,FAIL
91,59,23,20,48.25,193.0,48.25,C,FAIL
78,96,89,37,75.0,300.0,75.0,B+,PASS
12,66,73,84,58.75,235.0,58.75,C+,FAIL
58,1,7,88,38.5,154.0,38.5,C,FAIL
68,71,10,44,48.25,193.0,48.25,C,FAIL
16,11,46,20,23.25,93.0,23.25,NG,FAIL
1,62,39,24,31.5,126.0,31.5,NG,FAIL
2,18,97,58,43.75,175.0,43.75,C,FAIL
86,60,73,84,75.75,303.0,75.75,B+,PASS
51,98,75,37,65.25,261.0,65.25,B,PASS
34,9,92,5,35.0,140.0,35.0,C,FAIL
31,39,38,87,48.75,195.0,48.75,C,FAIL
51,42,34,55,45.5,182.0,45.5,C,FAIL
25,14,17,4,15.0,60.0,15.0,NG,FAIL
64,92,38,97,72.75,291.0,72.75,B+,PASS
46,37,36,90,52.25,209.0,52.25,C+,PASS
90,89,27,36,60.5,242.0,60.5,B,FAIL
23,22,68,84,49.25,197.0,49.25,C,FAIL
58,52,88,21,54.75,219.0,54.75,C+,FAIL
39,79,44,58,55.0,220.0,55.0,C+,PASS
8,24,82,72,46.5,186.0,46.5,C,FAIL
68,22,93,26,52.25,209.0,52.25,C+,FAIL
68,15,72,42,49.25,197.0,49.25,C,FAIL
80,45,32,36,48.25,193.0,48.25,C,FAIL
17,89,88,73,66.75,267.0,66.75,B,FAIL
54,68,77,49,62.0,248.0,62.0,B,PASS
83,18,68,22,47.75,191.0,47.75,C,FAIL
48,34,55,65,50.5,202.0,50.5,C+,FAIL
19,44,95,78,59.0,236.0,59.0,C+,FAIL
13,28,97,56,48.5,194.0,48.5,C,FAIL
46,64,18,86,53.5,214.0,53.5,C+,FAIL
90,7,12,22,32.75,131.0,32.75,NG,FAIL
54,14,3,51,30.5,122.0,30.5,NG,FAIL
18,38,55,28,34.75,139.0,34.75,NG,FAIL
12,6,70,93,45.25,181.0,45.25,C,FAIL
60,84,50,68,65.5,262.0,65.5,B,PASS
22,45,28,73,42.0,168.0,42.0,C,FAIL
52,38,54,63,51.75,207.0,51.75,C+,PASS
41,14,32,27,28.5,114.0,28.5,NG,FAIL
21,85,71,87,66.0,264.0,66.0,B,FAIL
67,73,98,87,81.25,325.0,81.25,A,PASS
85,74,84,41,71.0,284.0,71.0,B+,PASS
56,34,46,7,35.75,143.0,35.75,C,FAIL
82,70,80,44,69.0,276.0,69.0,B,PASS
75,82,88,10,63.75,255.0,63.75,B,FAIL
59,22,92,12,46.25,185.0,46.25,C,FAIL
65,29,26,76,49.0,196.0,49.0,C,FAIL
5,16,38,15,18.5,74.0,18.5,NG,FAIL
12,8,33,7,15.0,60.0,15.0,NG,FAIL
90,91,83,36,75.0,300.0,75.0,B+,PASS
36,19,44,20,29.75,119.0,29.75,NG,FAIL
10,41,67,63,45.25,181.0,45.25,C,FAIL
46,19,45,15,31.25,125.0,31.25,NG,FAIL
20,64,83,68,58.75,235.0,58.75,C+,FAIL
20,81,49,55,51.25,205.0,51.25,C+,FAIL
69,15,55,2,35.25,141.0,35.25,C,FAIL
2,11,88,65,41.5,166.0,41.5,C,FAIL
33,4,80,97,53.5,214.0,53.5,C+,FAIL
29,42,37,63,42.75,171.0,42.75,C,FAIL
92,5,77,4,44.5,178.0,44.5,C,FAIL
61,47,96,49,63.25,253.0,63.25,B,PASS
54,51,85,27,54.25,217.0,54.25,C+,FAIL
63,32,46,48,47.25,189.0,47.25,C,FAIL
40,26,78,12,39.0,156.0,39.0,C,FAIL
81,53,72,85,72.75,291.0,72.75,B+,PASS
95,67,75,14,62.75,251.0,62.75,B,FAIL
10,97,57,10,43.5,174.0,43.5,C,FAIL
94,53,62,61,67.5,270.0,67.5,B,PASS
47,98,9,7,40.25,161.0,40.25,C,FAIL
91,22,99,40,63.0,252.0,63.0,B,FAIL
21,40,45,85,47.75,191.0,47.75,C,FAIL
48,48,16,71,45.75,183.0,45.75,C,FAIL
90,85,7,23,51.25,205.0,51.25,C+,FAIL
6,76,92,25,49.75,199.0,49.75,C,FAIL
50,55,42,92,59.75,239.0,59.75,C+,PASS
46,76,99,87,77.0,308.0,77.0,B+,PASS
9,75,58,6,37.0,148.0,37.0,C,FAIL
22,51,79,21,43.25,173.0,43.25,C,FAIL
81,38,90,32,60.25,241.0,60.25,B,FAIL
3,75,18,16,28.0,112.0,28.0,NG,FAIL
87,60,22,25,48.5,194.0,48.5,C,FAIL
51,50,41,3,36.25,145.0,36.25,C,FAIL
31,30,37,79,44.25,177.0,44.25,C,FAIL
72,61,23,70,56.5,226.0,56.5,C+,FAIL
82,69,86,79,79.0,316.0,79.0,B+,PASS
36,14,19,10,19.75,79.0,19.75,NG,FAIL
68,44,72,49,58.25,233.0,58.25,C+,PASS
55,76,35,90,64.0,256.0,64.0,B,PASS
2,23,55,83,40.75,163.0,40.75,C,FAIL
46,39,81,77,60.75,243.0,60.75,B,PASS
28,54,6,88,44.0,176.0,44.0,C,FAIL
49,46,89,54,59.5,238.0,59.5,C+,PASS
5,29,11,86,32.75,131.0,32.75,NG,FAIL
30,99,84,81,73.5,294.0,73.5,B+,FAIL
85,68,71,20,61.0,244.0,61.0,B,FAIL
86,32,69,96,70.75,283.0,70.75,B+,FAIL
58,55,65,56,58.5,234.0,58.5,C+,PASS
34,21,72,10,34.25,137.0,34.25,NG,FAIL
82,53,20,58,53.25,213.0,53.25,C+,FAIL
36,70,71,63,60.0,240.0,60.0,B,PASS
7,7,7,14,8.75,35.0,8.75,NG,FAIL
47,64,66,98,68.75,275.0,68.75,B,PASS
32,36,31,65,41.0,164.0,41.0,C,FAIL
22,82,68,60,58.0,232.0,58.0,C+,FAIL
15,64,90,0,42.25,169.0,42.25,C,FAIL
89,29,83,19,55.0,220.0,55.0,C+,FAIL
79,32,29,70,52.5,210.0,52.5,C+,FAIL
54,39,78,97,67.0,268.0,67.0,B,PASS
27,90,86,24,56.75,227.0,56.75,C+,FAIL
13,5,57,29,26.0,104.0,26.0,NG,FAIL
15,51,66,19,37.75,151.0,37.75,C,FAIL
72,18,46,93,57.25,229.0,57.25,C+,FAIL
29,31,52,49,40.25,161.0,40.25,C,FAIL
40,21,16,57,33.5,134.0,33.5,NG,FAIL
97,74,63,90,81.0,324.0,81.0,A,PASS
46,19,23,37,31.25,125.0,31.25,NG,FAIL
95,93,29,52,67.25,269.0,67.25,B,FAIL
63,10,46,38,39.25,157.0,39.25,C,FAIL
62,78,65,22,56.75,227.0,56.75,C+,FAIL
99,79,51,22,62.75,251.0,62.75,B,FAIL
12,96,76,84,67.0,268.0,67.0,B,FAIL
62,26,65,78,57.75,231.0,57.75,C+,FAIL
77,68,44,33,55.5,222.0,55.5,C+,FAIL
97,18,8,12,33.75,135.0,33.75,NG,FAIL
99,97,99,66,90.25,361.0,90.25,A+,PASS
21,31,80,11,35.75,143.0,35.75,C,FAIL
56,66,59,97,69.5,278.0,69.5,B,PASS
66,93,92,20,67.75,271.0,67.75,B,FAIL
91,1,30,57,44.75,179.0,44.75,C,FAIL
71,16,77,38,50.5,202.0,50.5,C+,FAIL
45,9,86,17,39.25,157.0,39.25,C,FAIL
59,41,52,23,43.75,175.0,43.75,C,FAIL
40,69,18,14,35.25,141.0,35.25,C,FAIL
68,54,97,47,66.5,266.0,66.5,B,PASS
54,28,70,1,38.25,153.0,38.25,C,FAIL
10,41,3,30,21.0,84.0,21.0,NG,FAIL
0,3,7,25,8.75,35.0,8.75,NG,FAIL
75,22,83,6,46.5,186.0,46.5,C,FAIL
93,88,12,12,51.25,205.0,51.25,C+,FAIL
91,70,1,86,62.0,248.0,62.0,B,FAIL
66,60,84,59,67.25,269.0,67.25,B,PASS
21,19,8,35,20.75,83.0,20.75,NG,FAIL
49,45,24,39,39.25,157.0,39.25,C,FAIL
62,53,72,94,70.25,281.0,70.25,B+,PASS
91,26,83,61,65.25,261.0,65.25,B,FAIL
98,82,27,76,70.75,283.0,70.75,B+,FAIL
35,61,72,11,44.75,179.0,44.75,C,FAIL
70,3,47,22,35.5,142.0,35.5,C,FAIL
61,99,27,77,66.0,264.0,66.0,B,FAIL
86,79,8,19,48.0,192.0,48.0,C,FAIL
97,86,91,74,87.0,348.0,87.0,A,PASS
36,29,32,62,39.75,159.0,39.75,C,FAIL
27,28,9,31,23.75,95.0,23.75,NG,FAIL
99,55,57,39,62.5,250.0,62.5,B,PASS
82,23,81,12,49.5,198.0,49.5,C,FAIL
49,40,44,94,56.75,227.0,56.75,C+,PASS
51,85,16,6,39.5,158.0,39.5,C,FAIL
94,83,28,70,68.75,275.0,68.75,B,FAIL
86,69,5,72,58.0,232.0,58.0,C+,FAIL
89,97,5,60,62.75,251.0,62.75,B,FAIL
47,26,53,63,47.25,189.0,47.25,C,FAIL
97,15,67,92,67.75,271.0,67.75,B,FAIL
32,43,59,56,47.5,190.0,47.5,C,FAIL
43,7,70,87,51.75,207.0,51.75,C+,FAIL
89,22,94,10,53.75,215.0,53.75,C+,FAIL
17,91,1,65,43.5,174.0,43.5,C,FAIL
8,98,14,26,36.5,146.0,36.5,C,FAIL
17,45,14,13,22.25,89.0,22.25,NG,FAIL
46,57,89,15,51.75,207.0,51.75,C+,FAIL
88,51,62,43,61.0,244.0,61.0,B,PASS
54,20,32,44,37.5,150.0,37.5,C,FAIL
82,77,32,9,50.0,200.0,50.0,C+,FAIL
78,26,31,8,35.75,143.0,35.75,C,FAIL
8,95,23,11,34.25,137.0,34.25,NG,FAIL
98,57,12,39,51.5,206.0,51.5,C+,FAIL
24,16,75,64,44.75,179.0,44.75,C,FAIL
93,71,83,18,66.25,265.0,66.25,B,FAIL
96,82,85,7,67.5,270.0,67.5,B,FAIL
38,22,41,91,48.0,192.0,48.0,C,FAIL
88,44,51,57,60.0,240.0,60.0,B,PASS
18,28,97,23,41.5,166.0,41.5,C,FAIL
83,40,65,34,55.5,222.0,55.5,C+,FAIL
8,45,92,55,50.0,200.0,50.0,C+,FAIL
47,77,38,57,54.75,219.0,54.75,C+,PASS
48,39,89,55,57.75,231.0,57.75,C+,PASS
63,9,50,67,47.25,189.0,47.25,C,FAIL
24,74,66,9,43.25,173.0,43.25,C,FAIL
41,67,77,47,58.0,232.0,58.0,C+,PASS
88,69,96,29,70.5,282.0,70.5,B+,FAIL
40,83,92,3,54.5,218.0,54.5,C+,FAIL
37,56,58,53,51.0,204.0,51.0,C+,PASS
5,96,42,4,36.75,147.0,36.75,C,FAIL
57,80,31,13,45.25,181.0,45.25,C,FAIL
43,48,16,64,42.75,171.0,42.75,C,FAIL
31,0,7,47,21.25,85.0,21.25,NG,FAIL
32,97,58,60,61.75,247.0,61.75,B,FAIL
83,44,10,90,56.75,227.0,56.75,C+,FAIL
79,95,91,23,72.0,288.0,72.0,B+,FAIL
2,8,98,39,36.75,147.0,36.75,C,FAIL
80,78,64,46,67.0,268.0,67.0,B,PASS
55,7,19,80,40.25,161.0,40.25,C,FAIL
27,11,40,74,38.0,152.0,38.0,C,FAIL
27,23,28,38,29.0,116.0,29.0,NG,FAIL
97,17,43,80,59.25,237.0,59.25,C+,FAIL
3,17,21,28,17.25,69.0,17.25,NG,FAIL
3,35,2,93,33.25,133.0,33.25,NG,FAIL
42,16,63,57,44.5,178.0,44.5,C,FAIL
99,10,81,99,72.25,289.0,72.25,B+,FAIL
63,1,76,10,37.5,150.0,37.5,C,FAIL
62,50,21,12,36.25,145.0,36.25,C,FAIL
91,77,25,48,60.25,241.0,60.25,B,FAIL
47,36,35,40,39.5,158.0,39.5,C,PASS
69,45,67,33,53.5,214.0,53.5,C+,FAIL
29,3,90,22,36.0,144.0,36.0,C,FAIL
73,61,0,10,36.0,144.0,36.0,C,FAIL
40,58,55,87,60.0,240.0,60.0,B,PASS
49,5,13,34,25.25,101.0,25.25,NG,FAIL
42,13,16,53,31.0,124.0,31.0,NG,FAIL
27,75,41,34,44.25,177.0,44.25,C,FAIL
96,92,53,29,67.5,270.0,67.5,B,FAIL
45,87,98,48,69.5,278.0,69.5,B,PASS
10,76,31,49,41.5,166.0,41.5,C,FAIL
90,46,21,36,48.25,193.0,48.25,C,FAIL
62,14,20,77,43.25,173.0,43.25,C,FAIL
38,32,23,16,27.25,109.0,27.25,NG,FAIL
96,14,43,37,47.5,190.0,47.5,C,FAIL
53,14,30,66,40.75,163.0,40.75,C,FAIL
78,89,92,0,64.75,259.0,64.75,B,FAIL
88,79,72,91,82.5,330.0,82.5,A,PASS
96,29,72,73,67.5,270.0,67.5,B,FAIL
99,11,19,68,49.25,197.0,49.25,C,FAIL
68,68,84,62,70.5,282.0,70.5,B+,PASS
76,61,13,30,45.0,180.0,45.0,C,FAIL
16,16,96,61,47.25,189.0,47.25,C,FAIL
72,0,59,0,32.75,131.0,32.75,NG,FAIL
45,57,9,96,51.75,207.0,51.75,C+,FAIL
87,76,61,79,75.75,303.0,75.75,B+,PASS
86,6,62,71,56.25,225.0,56.25,C+,FAIL
40,61,6,7,28.5,114.0,28.5,NG,FAIL
41,98,43,23,51.25,205.0,51.25,C+,FAIL
61,19,77,80,59.25,237.0,59.25,C+,FAIL
25,60,33,72,47.5,190.0,47.5,C,FAIL
4,4,45,90,35.75,143.0,35.75,C,FAIL
28,51,73,60,53.0,212.0,53.0,C+,FAIL
56,15,53,26,37.5,150.0,37.5,C,FAIL
19,87,47,92,61.25,245.0,61.25,B,FAIL
27,73,15,57,43.0,172.0,43.0,C,FAIL
55,52,37,60,51.0,204.0,51.0,C+,PASS
32,57,39,86,53.5,214.0,53.5,C+,FAIL
11,2,55,74,35.5,142.0,35.5,C,FAIL
15,0,67,32,28.5,114.0,28.5,NG,FAIL
71,4,44,37,39.0,156.0,39.0,C,FAIL
50,88,57,22,54.25,217.0,54.25,C+,FAIL
14,77,28,82,50.25,201.0,50.25,C+,FAIL
79,59,41,79,64.5,258.0,64.5,B,PASS
24,21,17,41,25.75,103.0,25.75,NG,FAIL
3,51,75,33,40.5,162.0,40.5,C,FAIL
32,25,30,74,40.25,161.0,40.25,C,FAIL
19,3,42,11,18.75,75.0,18.75,NG,FAIL
0,24,98,8,32.5,130.0,32.5,NG,FAIL
39,9,92,26,41.5,166.0,41.5,C,FAIL
1,86,41,89,54.25,217.0,54.25,C+,FAIL
93,79,42,99,78.25,313.0,78.25,B+,PASS
47,20,26,85,44.5,178.0,44.5,C,FAIL
12,19,63,13,26.75,107.0,26.75,NG,FAIL
66,78,77,22,60.75,243.0,60.75,B,FAIL
66,72,2,71,52.75,211.0,52.75,C+,FAIL
67,51,68,88,68.5,274.0,68.5,B,PASS
73,7,13,81,43.5,174.0,43.5,C,FAIL
46,34,8,65,38.25,153.0,38.25,C,FAIL
66,21,83,13,45.75,183.0,45.75,C,FAIL
53,28,46,2,32.25,129.0,32.25,NG,FAIL
80,37,33,1,37.75,151.0,37.75,C,FAIL
47,98,12,19,44.0,176.0,44.0,C,FAIL
69,23,91,60,60.75,243.0,60.75,B,FAIL
97,81,82,30,72.5,290.0,72.5,B+,FAIL
65,62,42,66,58.75,235.0,58.75,C+,PASS
18,39,65,71,48.25,193.0,48.25,C,FAIL
99,48,56,20,55.75,223.0,55.75,C+,FAIL
19,27,86,29,40.25,161.0,40.25,C,FAIL
16,64,82,97,64.75,259.0,64.75,B,FAIL
7,54,47,82,47.5,190.0,47.5,C,FAIL
79,62,52,48,60.25,241.0,60.25,B,PASS
69,66,71,72,69.5,278.0,69.5,B,PASS
42,41,40,38,40.25,161.0,40.25,C,PASS
50,30,93,35,52.0,208.0,52.0,C+,FAIL
35,42,16,49,35.5,142.0,35.5,C,FAIL
63,20,64,41,47.0,188.0,47.0,C,FAIL
32,64,2,94,48.0,192.0,48.0,C,FAIL
76,44,21,23,41.0,164.0,41.0,C,FAIL
56,74,47,39,54.0,216.0,54.0,C+,PASS
24,9,5,47,21.25,85.0,21.25,NG,FAIL
35,53,70,41,49.75,199.0,49.75,C,PASS
42,9,59,8,29.5,118.0,29.5,NG,FAIL
44,16,61,74,48.75,195.0,48.75,C,FAIL
8,52,53,47,40.0,160.0,40.0,C,FAIL
76,52,11,74,53.25,213.0,53.25,C+,FAIL
82,50,25,53,52.5,210.0,52.5,C+,FAIL
86,43,85,39,63.25,253.0,63.25,B,PASS
82,53,51,4,47.5,190.0,47.5,C,FAIL
11,20,96,71,49.5,198.0,49.5,C,FAIL
69,40,16,89,53.5,214.0,53.5,C+,FAIL
65,1,4,78,37.0,148.0,37.0,C,FAIL
82,89,2,69,60.5,242.0,60.5,B,FAIL
4,77,44,15,35.0,140.0,35.0,C,FAIL
14,55,91,80,60.0,240.0,60.0,B,FAIL
43,53,45,41,45.5,182.0,45.5,C,PASS
24,65,45,79,53.25,213.0,53.25,C+,FAIL
0,43,9,96,37.0,148.0,37.0,C,FAIL
47,59,62,84,63.0,252.0,63.0,B,PASS
44,76,17,7,36.0,144.0,36.0,C,FAIL
97,78,87,11,68.25,273.0,68.25,B,FAIL
67,26,84,72,62.25,249.0,62.25,B,FAIL
94,93,24,97,77.0,308.0,77.0,B+,FAIL
19,75,80,78,63.0,252.0,63.0,B,FAIL
79,97,63,84,80.75,323.0,80.75,A,PASS
36,36,56,21,37.25,149.0,37.25,C,FAIL
3,21,93,18,33.75,135.0,33.75,NG,FAIL
71,12,62,0,36.25,145.0,36.25,C,FAIL
18,84,72,22,49.0,196.0,49.0,C,FAIL
91,82,51,17,60.25,241.0,60.25,B,FAIL
68,75,18,63,56.0,224.0,56.0,C+,FAIL
93,93,9,96,72.75,291.0,72.75,B+,FAIL
90,31,53,39,53.25,213.0,53.25,C+,FAIL
19,49,41,46,38.75,155.0,38.75,C,FAIL
19,86,0,83,47.0,188.0,47.0,C,FAIL
41,58,88,47,58.5,234.0,58.5,C+,PASS
54,86,86,55,70.25,281.0,70.25,B+,PASS
17,45,27,31,30.0,120.0,30.0,NG,FAIL
19,40,44,97,50.0,200.0,50.0,C+,FAIL
42,71,87,71,67.75,271.0,67.75,B,PASS
71,79,45,79,68.5,274.0,68.5,B,PASS
33,26,33,96,47.0,188.0,47.0,C,FAIL
17,84,38,32,42.75,171.0,42.75,C,FAIL
41,71,34,58,51.0,204.0,51.0,C+,FAIL
10,21,82,21,33.5,134.0,33.5,NG,FAIL
49,46,23,75,48.25,193.0,48.25,C,FAIL
27,63,34,66,47.5,190.0,47.5,C,FAIL
87,81,21,78,66.75,267.0,66.75,B,FAIL
91,37,68,11,51.75,207.0,51.75,C+,FAIL
15,21,62,33,32.75,131.0,32.75,NG,FAIL
91,53,84,98,81.5,326.0,81.5,A,PASS
22,80,13,70,46.25,185.0,46.25,C,FAIL
81,55,16,27,44.75,179.0,44.75,C,FAIL
97,22,62,86,66.75,267.0,66.75,B,FAIL
77,5,51,96,57.25,229.0,57.25,C+,FAIL
1,20,26,20,16.75,67.0,16.75,NG,FAIL
13,63,67,90,58.25,233.0,58.25,C+,FAIL
99,6,9,52,41.5,166.0,41.5,C,FAIL
22,22,18,45,26.75,107.0,26.75,NG,FAIL
10,74,22,50,39.0,156.0,39.0,C,FAIL
17,3,8,82,27.5,110.0,27.5,NG,FAIL
8,42,27,98,43.75,175.0,43.75,C,FAIL
68,11,8,76,40.75,163.0,40.75,C,FAIL
45,94,89,70,74.5,298.0,74.5,B+,PASS
77,21,59,32,47.25,189.0,47.25,C,FAIL
46,34,64,42,46.5,186.0,46.5,C,FAIL
27,36,66,76,51.25,205.0,51.25,C+,FAIL
99,79,2,30,52.5,210.0,52.5,C+,FAIL
64,27,90,40,55.25,221.0,55.25,C+,FAIL
98,45,34,62,59.75,239.0,59.75,C+,FAIL
85,28,84,38,58.75,235.0,58.75,C+,FAIL
85,96,19,86,71.5,286.0,71.5,B+,FAIL
83,3,55,53,48.5,194.0,48.5,C,FAIL
45,68,62,35,52.5,210.0,52.5,C+,PASS
5,49,14,61,32.25,129.0,32.25,NG,FAIL
5,80,44,92,55.25,221.0,55.25,C+,FAIL
1,31,36,82,37.5,150.0,37.5,C,FAIL
68,26,15,3,28.0,112.0,28.0,NG,FAIL
70,85,90,80,81.25,325.0,81.25,A,PASS
69,95,63,22,62.25,249.0,62.25,B,FAIL
96,51,52,83,70.5,282.0,70.5,B+,PASS
87,13,77,44,55.25,221.0,55.25,C+,FAIL
95,28,7,72,50.5,202.0,50.5,C+,FAIL
61,60,57,72,62.5,250.0,62.5,B,PASS
41,23,29,77,42.5,170.0,42.5,C,FAIL
54,59,76,62,62.75,251.0,62.75,B,PASS
9,26,57,2,23.5,94.0,23.5,NG,FAIL
10,57,15,47,32.25,129.0,32.25,NG,FAIL
97,20,79,70,66.5,266.0,66.5,B,FAIL
60,97,0,52,52.25,209.0,52.25,C+,FAIL
85,78,21,10,48.5,194.0,48.5,C,FAIL
38,75,3,98,53.5,214.0,53.5,C+,FAIL
34,91,81,57,65.75,263.0,65.75,B,FAIL
2,25,62,40,32.25,129.0,32.25,NG,FAIL
53,12,46,5,29.0,116.0,29.0,NG,FAIL
74,39,18,24,38.75,155.0,38.75,C,FAIL
77,19,17,27,35.0,140.0,35.0,C,FAIL
7,93,56,14,42.5,170.0,42.5,C,FAIL
78,89,29,34,57.5,230.0,57.5,C+,FAIL
36,7,23,50,29.0,116.0,29.0,NG,FAIL
55,77,59,27,54.5,218.0,54.5,C+,FAIL
15,46,38,96,48.75,195.0,48.75,C,FAIL
6,2,46,49,25.75,103.0,25.75,NG,FAIL
31,84,79,12,51.5,206.0,51.5,C+,FAIL
92,8,95,3,49.5,198.0,49.5,C,FAIL
3,18,86,61,42.0,168.0,42.0,C,FAIL
26,10,89,18,35.75,143.0,35.75,C,FAIL
57,7,75,69,52.0,208.0,52.0,C+,FAIL
88,10,88,38,56.0,224.0,56.0,C+,FAIL
1,20,58,2,20.25,81.0,20.25,NG,FAIL
79,74,5,26,46.0,184.0,46.0,C,FAIL
7,24,81,9,30.25,121.0,30.25,NG,FAIL
99,63,16,15,48.25,193.0,48.25,C,FAIL
50,76,27,74,56.75,227.0,56.75,C+,FAIL
92,69,88,9,64.5,258.0,64.5,B,FAIL
74,7,31,8,30.0,120.0,30.0,NG,FAIL
30,31,47,80,47.0,188.0,47.0,C,FAIL
61,33,13,35,35.5,142.0,35.5,C,FAIL
37,8,38,19,25.5,102.0,25.5,NG,FAIL
24,55,56,76,52.75,211.0,52.75,C+,FAIL
81,46,20,69,54.0,216.0,54.0,C+,FAIL
7,21,99,35,40.5,162.0,40.5,C,FAIL
60,16,56,62,48.5,194.0,48.5,C,FAIL
24,85,23,52,46.0,184.0,46.0,C,FAIL
60,99,54,83,74.0,296.0,74.0,B+,PASS
18,12,40,58,32.0,128.0,32.0,NG,FAIL
67,70,31,44,53.0,212.0,53.0,C+,FAIL
6,74,84,82,61.5,246.0,61.5,B,FAIL
7,83,70,26,46.5,186.0,46.5,C,FAIL
36,28,5,77,36.5,146.0,36.5,C,FAIL
14,36,71,91,53.0,212.0,53.0,C+,FAIL
86,32,71,93,70.5,282.0,70.5,B+,FAIL
79,88,63,49,69.75,279.0,69.75,B,PASS
56,69,20,85,57.5,230.0,57.5,C+,FAIL
78,55,0,29,40.5,162.0,40.5,C,FAIL
33,33,18,17,25.25,101.0,25.25,NG,FAIL
19,79,2,74,43.5,174.0,43.5,C,FAIL
70,40,16,0,31.5,126.0,31.5,NG,FAIL
1,21,44,83,37.25,149.0,37.25,C,FAIL
71,29,6,59,41.25,165.0,41.25,C,FAIL
91,50,20,20,45.25,181.0,45.25,C,FAIL
9,88,73,24,48.5,194.0,48.5,C,FAIL
39,65,65,41,52.5,210.0,52.5,C+,PASS
77,29,95,77,69.5,278.0,69.5,B,FAIL
79,90,40,10,54.75,219.0,54.75,C+,FAIL
96,3,89,91,69.75,279.0,69.75,B,FAIL
72,63,27,68,57.5,230.0,57.5,C+,FAIL
94,7,57,69,56.75,227.0,56.75,C+,FAIL
68,82,71,81,75.5,302.0,75.5,B+,PASS
81,56,14,64,53.75,215.0,53.75,C+,FAIL
94,69,41,6,52.5,210.0,52.5,C+,FAIL
19,75,93,9,49.0,196.0,49.0,C,FAIL
74,92,22,2,47.5,190.0,47.5,C,FAIL
47,44,9,18,29.5,118.0,29.5,NG,FAIL
26,17,28,54,31.25,125.0,31.25,NG,FAIL
16,66,53,76,52.75,211.0,52.75,C+,FAIL
35,89,62,44,57.5,230.0,57.5,C+,PASS
16,61,20,42,34.75,139.0,34.75,NG,FAIL
27,24,57,16,31.0,124.0,31.0,NG,FAIL
51,75,61,39,56.5,226.0,56.5,C+,PASS
49,74,31,87,60.25,241.0,60.25,B,FAIL
92,90,89,7,69.5,278.0,69.5,B,FAIL
69,69,0,92,57.5,230.0,57.5,C+,FAIL
94,43,72,74,70.75,283.0,70.75,B+,PASS
97,66,4,79,61.5,246.0,61.5,B,FAIL
95,42,31,87,63.75,255.0,63.75,B,FAIL
15,15,31,4,16.25,65.0,16.25,NG,FAIL
52,44,42,77,53.75,215.0,53.75,C+,PASS
73,89,16,28,51.5,206.0,51.5,C+,FAIL
80,30,94,96,75.0,300.0,75.0,B+,FAIL
62,59,43,31,48.75,195.0,48.75,C,FAIL
56,44,68,1,42.25,169.0,42.25,C,FAIL
14,5,43,58,30.0,120.0,30.0,NG,FAIL
34,37,70,9,37.5,150.0,37.5,C,FAIL
10,30,51,15,26.5,106.0,26.5,NG,FAIL
74,37,24,18,38.25,153.0,38.25,C,FAIL
19,63,21,4,26.75,107.0,26.75,NG,FAIL
45,57,73,95,67.5,270.0,67.5,B,PASS
8,53,20,29,27.5,110.0,27.5,NG,FAIL
14,49,57,35,38.75,155.0,38.75,C,FAIL
99,43,48,16,51.5,206.0,51.5,C+,FAIL
25,71,27,51,43.5,174.0,43.5,C,FAIL
28,15,54,10,26.75,107.0,26.75,NG,FAIL
20,48,27,94,47.25,189.0,47.25,C,FAIL
77,10,19,7,28.25,113.0,28.25,NG,FAIL
0,9,33,59,25.25,101.0,25.25,NG,FAIL
29,30,83,26,42.0,168.0,42.0,C,FAIL
40,3,82,47,43.0,172.0,43.0,C,FAIL
45,58,81,26,52.5,210.0,52.5,C+,FAIL
39,32,84,68,55.75,223.0,55.75,C+,FAIL
82,21,60,72,58.75,235.0,58.75,C+,FAIL
83,99,28,59,67.25,269.0,67.25,B,FAIL
2,34,19,44,24.75,99.0,24.75,NG,FAIL
80,93,58,34,66.25,265.0,66.25,B,FAIL
82,9,68,53,53.0,212.0,53.0,C+,FAIL
49,46,10,86,47.75,191.0,47.75,C,FAIL
60,37,39,15,37.75,151.0,37.75,C,FAIL
22,12,69,16,29.75,119.0,29.75,NG,FAIL
13,42,37,51,35.75,143.0,35.75,C,FAIL
17,46,58,15,34.0,136.0,34.0,NG,FAIL
61,40,55,82,59.5,238.0,59.5,C+,PASS
35,31,91,88,61.25,245.0,61.25,B,FAIL
78,23,36,43,45.0,180.0,45.0,C,FAIL
60,83,54,72,67.25,269.0,67.25,B,PASS
54,62,23,98,59.25,237.0,59.25,C+,FAIL
58,90,48,17,53.25,213.0,53.25,C+,FAIL
50,78,28,82,59.5,238.0,59.5,C+,FAIL
72,79,90,15,64.0,256.0,64.0,B,FAIL
97,69,42,89,74.25,297.0,74.25,B+,PASS
0,75,91,20,46.5,186.0,46.5,C,FAIL
76,10,15,86,46.75,187.0,46.75,C,FAIL
48,47,62,75,58.0,232.0,58.0,C+,PASS
73,25,83,85,66.5,266.0,66.5,B,FAIL
27,61,99,30,54.25,217.0,54.25,C+,FAIL
11,5,97,38,37.75,151.0,37.75,C,FAIL
68,88,43,18,54.25,217.0,54.25,C+,FAIL
56,53,45,38,48.0,192.0,48.0,C,PASS
9,84,0,87,45.0,180.0,45.0,C,FAIL
6,74,97,68,61.25,245.0,61.25,B,FAIL
3,97,30,24,38.5,154.0,38.5,C,FAIL
41,35,59,56,47.75,191.0,47.75,C,PASS
72,77,83,35,66.75,267.0,66.75,B,PASS
86,58,45,49,59.5,238.0,59.5,C+,PASS
68,84,6,79,59.25,237.0,59.25,C+,FAIL
44,80,44,19,46.75,187.0,46.75,C,FAIL
97,58,30,27,53.0,212.0,53.0,C+,FAIL
59,28,53,92,58.0,232.0,58.0,C+,FAIL
85,54,71,80,72.5,290.0,72.5,B+,PASS
99,11,56,7,43.25,173.0,43.25,C,FAIL
27,67,32,8,33.5,134.0,33.5,NG,FAIL
50,26,9,98,45.75,183.0,45.75,C,FAIL
23,15,90,89,54.25,217.0,54.25,C+,FAIL
29,77,3,68,44.25,177.0,44.25,C,FAIL
61,93,47,49,62.5,250.0,62.5,B,PASS
37,34,29,65,41.25,165.0,41.25,C,FAIL
64,98,18,93,68.25,273.0,68.25,B,FAIL
36,68,92,37,58.25,233.0,58.25,C+,PASS
81,86,58,18,60.75,243.0,60.75,B,FAIL
42,57,68,89,64.0,256.0,64.0,B,PASS
95,85,7,95,70.5,282.0,70.5,B+,FAIL
51,28,5,34,29.5,118.0,29.5,NG,FAIL
38,9,31,97,43.75,175.0,43.75,C,FAIL
81,32,29,39,45.25,181.0,45.25,C,FAIL
49,70,97,75,72.75,291.0,72.75,B+,PASS
86,20,45,89,60.0,240.0,60.0,B,FAIL
21,33,45,73,43.0,172.0,43.0,C,FAIL
71,21,8,69,42.25,169.0,42.25,C,FAIL
9,87,21,29,36.5,146.0,36.5,C,FAIL
99,91,66,50,76.5,306.0,76.5,B+,PASS
15,81,62,91,62.25,249.0,62.25,B,FAIL
63,14,46,97,55.0,220.0,55.0,C+,FAIL
22,50,34,98,51.0,204.0,51.0,C+,FAIL
99,80,85,88,88.0,352.0,88.0,A,PASS
92,36,7,17,38.0,152.0,38.0,C,FAIL
55,33,22,25,33.75,135.0,33.75,NG,FAIL
79,54,84,82,74.75,299.0,74.75,B+,PASS
4,21,20,4,12.25,49.0,12.25,NG,FAIL
60,37,95,12,51.0,204.0,51.0,C+,FAIL
23,87,43,80,58.25,233.0,58.25,C+,FAIL
9,62,63,5,34.75,139.0,34.75,NG,FAIL
73,6,0,81,40.0,160.0,40.0,C,FAIL
10,69,76,34,47.25,189.0,47.25,C,FAIL
81,56,86,59,70.5,282.0,70.5,B+,PASS
87,69,68,46,67.5,270.0,67.5,B,PASS
17,11,9,41,19.5,78.0,19.5,NG,FAIL
75,49,73,64,65.25,261.0,65.25,B,PASS
49,3,90,53,48.75,195.0,48.75,C,FAIL
24,5,54,95,44.5,178.0,44.5,C,FAIL
53,97,32,73,63.75,255.0,63.75,B,FAIL
49,87,94,99,82.25,329.0,82.25,A,PASS
25,92,39,8,41.0,164.0,41.0,C,FAIL
97,2,81,59,59.75,239.0,59.75,C+,FAIL
40,80,4,96,55.0,220.0,55.0,C+,FAIL
92,86,74,74,81.5,326.0,81.5,A,PASS
77,93,16,1,46.75,187.0,46.75,C,FAIL
44,50,47,39,45.0,180.0,45.0,C,PASS
85,79,35,35,58.5,234.0,58.5,C+,PASS
26,33,36,20,28.75,115.0,28.75,NG,FAIL
83,25,55,10,43.25,173.0,43.25,C,FAIL
14,67,33,71,46.25,185.0,46.25,C,FAIL
15,16,73,6,27.5,110.0,27.5,NG,FAIL
74,93,9,30,51.5,206.0,51.5,C+,FAIL
17,82,76,87,65.5,262.0,65.5,B,FAIL
84,98,71,50,75.75,303.0,75.75,B+,PASS
86,81,63,6,59.0,236.0,59.0,C+,FAIL
5,27,70,37,34.75,139.0,34.75,NG,FAIL
93,15,79,93,70.0,280.0,70.0,B+,FAIL
26,37,81,54,49.5,198.0,49.5,C,FAIL
71,22,26,84,50.75,203.0,50.75,C+,FAIL
32,30,76,62,50.0,200.0,50.0,C+,FAIL
17,88,83,55,60.75,243.0,60.75,B,FAIL
10,96,10,52,42.0,168.0,42.0,C,FAIL
7,59,96,10,43.0,172.0,43.0,C,FAIL
14,69,60,30,43.25,173.0,43.25,C,FAIL
53,37,64,86,60.0,240.0,60.0,B,PASS
58,65,15,91,57.25,229.0,57.25,C+,FAIL
57,15,17,47,34.0,136.0,34.0,NG,FAIL
14,18,91,9,33.0,132.0,33.0,NG,FAIL
25,83,4,98,52.5,210.0,52.5,C+,FAIL
11,4,3,9,6.75,27.0,6.75,NG,FAIL
85,31,53,43,53.0,212.0,53.0,C+,FAIL
47,74,73,4,49.5,198.0,49.5,C,FAIL
37,52,16,40,36.25,145.0,36.25,C,FAIL
61,8,95,46,52.5,210.0,52.5,C+,FAIL
78,92,70,47,71.75,287.0,71.75,B+,PASS
99,15,12,38,41.0,164.0,41.0,C,FAIL
3,5,92,9,27.25,109.0,27.25,NG,FAIL
21,66,39,64,47.5,190.0,47.5,C,FAIL
56,6,68,22,38.0,152.0,38.0,C,FAIL
89,88,71,40,72.0,288.0,72.0,B+,PASS
33,79,47,58,54.25,217.0,54.25,C+,FAIL
33,32,3,38,26.5,106.0,26.5,NG,FAIL
99,97,33,18,61.75,247.0,61.75,B,FAIL
84,12,7,17,30.0,120.0,30.0,NG,FAIL
92,41,73,26,58.0,232.0,58.0,C+,FAIL
30,36,11,27,26.0,104.0,26.0,NG,FAIL
54,61,40,75,57.5,230.0,57.5,C+,PASS
77,55,11,22,41.25,165.0,41.25,C,FAIL
20,88,70,47,56.25,225.0,56.25,C+,FAIL
76,39,64,56,58.75,235.0,58.75,C+,PASS
82,60,18,59,54.75,219.0,54.75,C+,FAIL
74,37,57,46,53.5,214.0,53.5,C+,PASS
29,18,37,70,38.5,154.0,38.5,C,FAIL
95,89,63,45,73.0,292.0,73.0,B+,PASS
85,96,89,54,81.0,324.0,81.0,A,PASS
62,61,48,72,60.75,243.0,60.75,B,PASS
84,59,88,71,75.5,302.0,75.5,B+,PASS
60,8,90,0,39.5,158.0,39.5,C,FAIL
31,10,88,30,39.75,159.0,39.75,C,FAIL
97,91,54,43,71.25,285.0,71.25,B+,PASS
37,63,68,5,43.25,173.0,43.25,C,FAIL
6,12,28,70,29.0,116.0,29.0,NG,FAIL
98,90,44,79,77.75,311.0,77.75,B+,PASS
81,15,18,39,38.25,153.0,38.25,C,FAIL
13,73,58,89,58.25,233.0,58.25,C+,FAIL
61,17,81,97,64.0,256.0,64.0,B,FAIL
4,82,95,55,59.0,236.0,59.0,C+,FAIL
97,77,79,70,80.75,323.0,80.75,A,PASS
13,81,18,37,37.25,149.0,37.25,C,FAIL
85,69,44,13,52.75,211.0,52.75,C+,FAIL
86,70,91,27,68.5,274.0,68.5,B,FAIL
29,65,61,48,50.75,203.0,50.75,C+,FAIL
97,14,1,2,28.5,114.0,28.5,NG,FAIL
80,10,70,74,58.5,234.0,58.5,C+,FAIL
30,74,36,99,59.75,239.0,59.75,C+,FAIL
94,99,22,29,61.0,244.0,61.0,B,FAIL
20,57,80,8,41.25,165.0,41.25,C,FAIL
9,39,42,73,40.75,163.0,40.75,C,FAIL
17,4,5,51,19.25,77.0,19.25,NG,FAIL
2,70,5,21,24.5,98.0,24.5,NG,FAIL
42,52,96,27,54.25,217.0,54.25,C+,FAIL
34,0,45,40,29.75,119.0,29.75,NG,FAIL
75,83,63,3,56.0,224.0,56.0,C+,FAIL
74,10,24,75,45.75,183.0,45.75,C,FAIL
36,68,98,41,60.75,243.0,60.75,B,PASS
81,26,26,39,43.0,172.0,43.0,C,FAIL
80,71,91,32,68.5,274.0,68.5,B,FAIL
17,83,62,92,63.5,254.0,63.5,B,FAIL
97,25,74,80,69.0,276.0,69.0,B,FAIL
12,34,34,54,33.5,134.0,33.5,NG,FAIL
60,85,23,33,50.25,201.0,50.25,C+,FAIL
84,11,49,4,37.0,148.0,37.0,C,FAIL
94,51,24,7,44.0,176.0,44.0,C,FAIL
45,12,95,29,45.25,181.0,45.25,C,FAIL
93,95,81,16,71.25,285.0,71.25,B+,FAIL
99,86,46,55,71.5,286.0,71.5,B+,PASS
80,70,94,81,81.25,325.0,81.25,A,PASS
73,11,83,1,42.0,168.0,42.0,C,FAIL
87,16,61,29,48.25,193.0,48.25,C,FAIL
21,28,36,10,23.75,95.0,23.75,NG,FAIL
29,26,62,4,30.25,121.0,30.25,NG,FAIL
73,62,58,3,49.0,196.0,49.0,C,FAIL
16,41,26,36,29.75,119.0,29.75,NG,FAIL
42,27,55,3,31.75,127.0,31.75,NG,FAIL
60,74,61,17,53.0,212.0,53.0,C+,FAIL
10,59,44,67,45.0,180.0,45.0,C,FAIL
21,96,15,19,37.75,151.0,37.75,C,FAIL
49,46,46,49,47.5,190.0,47.5,C,PASS
93,40,34,11,44.5,178.0,44.5,C,FAIL
53,24,3,32,28.0,112.0,28.0,NG,FAIL
49,64,72,32,54.25,217.0,54.25,C+,FAIL
60,90,89,47,71.5,286.0,71.5,B+,PASS
17,50,95,57,54.75,219.0,54.75,C+,FAIL
92,77,53,5,56.75,227.0,56.75,C+,FAIL
0,78,94,19,47.75,191.0,47.75,C,FAIL
76,12,58,4,37.5,150.0,37.5,C,FAIL
78,99,67,90,83.5,334.0,83.5,A,PASS
54,45,53,5,39.25,157.0,39.25,C,FAIL
65,48,55,69,59.25,237.0,59.25,C+,PASS
3,56,68,5,33.0,132.0,33.0,NG,FAIL
70,40,2,70,45.5,182.0,45.5,C,FAIL
89,72,35,30,56.5,226.0,56.5,C+,FAIL
72,92,92,2,64.5,258.0,64.5,B,FAIL
56,45,79,14,48.5,194.0,48.5,C,FAIL
22,2,94,87,51.25,205.0,51.25,C+,FAIL
32,39,27,98,49.0,196.0,49.0,C,FAIL
2,73,90,22,46.75,187.0,46.75,C,FAIL
79,32,73,2,46.5,186.0,46.5,C,FAIL
57,20,28,68,43.25,173.0,43.25,C,FAIL
11,91,34,62,49.5,198.0,49.5,C,FAIL
91,6,58,85,60.0,240.0,60.0,B,FAIL
94,89,61,76,80.0,320.0,80.0,A,PASS
85,78,80,29,68.0,272.0,68.0,B,FAIL
23,29,10,36,24.5,98.0,24.5,NG,FAIL
36,29,61,48,43.5,174.0,43.5,C,FAIL
66,77,11,33,46.75,187.0,46.75,C,FAIL
6,92,66,74,59.5,238.0,59.5,C+,FAIL
24,43,29,46,35.5,142.0,35.5,C,FAIL
92,14,67,5,44.5,178.0,44.5,C,FAIL
57,72,83,79,72.75,291.0,72.75,B+,PASS
55,33,82,87,64.25,257.0,64.25,B,FAIL
78,2,61,80,55.25,221.0,55.25,C+,FAIL
18,74,98,60,62.5,250.0,62.5,B,FAIL
11,58,66,36,42.75,171.0,42.75,C,FAIL
97,11,7,70,46.25,185.0,46.25,C,FAIL
81,72,13,8,43.5,174.0,43.5,C,FAIL
31,87,11,38,41.75,167.0,41.75,C,FAIL
96,69,83,33,70.25,281.0,70.25,B+,FAIL
75,24,68,64,57.75,231.0,57.75,C+,FAIL
24,2,67,6,24.75,99.0,24.75,NG,FAIL
47,22,55,28,38.0,152.0,38.0,C,FAIL
31,54,56,57,49.5,198.0,49.5,C,FAIL
21,72,25,7,31.25,125.0,31.25,NG,FAIL
97,15,81,74,66.75,267.0,66.75,B,FAIL
39,85,72,92,72.0,288.0,72.0,B+,PASS
40,43,24,19,31.5,126.0,31.5,NG,FAIL
22,59,69,34,46.0,184.0,46.0,C,FAIL
71,10,7,97,46.25,185.0,46.25,C,FAIL
22,24,88,16,37.5,150.0,37.5,C,FAIL
39,78,81,89,71.75,287.0,71.75,B+,PASS
53,96,59,31,59.75,239.0,59.75,C+,FAIL
56,48,40,46,47.5,190.0,47.5,C,PASS
96,20,15,5,34.0,136.0,34.0,NG,FAIL
3,34,25,6,17.0,68.0,17.0,NG,FAIL
69,9,48,24,37.5,150.0,37.5,C,FAIL
46,28,71,94,59.75,239.0,59.75,C+,FAIL
90,67,97,22,69.0,276.0,69.0,B,FAIL
33,88,10,13,36.0,144.0,36.0,C,FAIL
19,11,98,54,45.5,182.0,45.5,C,FAIL
95,15,6,38,38.5,154.0,38.5,C,FAIL
4,14,56,1,18.75,75.0,18.75,NG,FAIL
45,5,31,97,44.5,178.0,44.5,C,FAIL
63,61,49,89,65.5,262.0,65.5,B,PASS
32,41,4,94,42.75,171.0,42.75,C,FAIL
20,57,50,20,36.75,147.0,36.75,C,FAIL
44,18,42,43,36.75,147.0,36.75,C,FAIL
7,15,47,66,33.75,135.0,33.75,NG,FAIL
90,39,85,6,55.0,220.0,55.0,C+,FAIL
15,51,70,32,42.0,168.0,42.0,C,FAIL
20,78,55,42,48.75,195.0,48.75,C,FAIL
0,61,57,62,45.0,180.0,45.0,C,FAIL
64,80,52,33,57.25,229.0,57.25,C+,FAIL
34,81,37,69,55.25,221.0,55.25,C+,FAIL
84,87,72,4,61.75,247.0,61.75,B,FAIL
57,95,59,83,73.5,294.0,73.5,B+,PASS
74,32,4,38,37.0,148.0,37.0,C,FAIL
99,66,53,19,59.25,237.0,59.25,C+,FAIL
23,6,74,8,27.75,111.0,27.75,NG,FAIL
39,2,41,25,26.75,107.0,26.75,NG,FAIL
14,70,76,49,52.25,209.0,52.25,C+,FAIL
98,39,8,59,51.0,204.0,51.0,C+,FAIL
74,50,41,21,46.5,186.0,46.5,C,FAIL
47,46,51,92,59.0,236.0,59.0,C+,PASS
12,81,93,84,67.5,270.0,67.5,B,FAIL
89,52,87,40,67.0,268.0,67.0,B,PASS
30,18,60,67,43.75,175.0,43.75,C,FAIL
19,59,86,62,56.5,226.0,56.5,C+,FAIL
60,34,53,94,60.25,241.0,60.25,B,FAIL
60,85,95,12,63.0,252.0,63.0,B,FAIL
51,74,51,63,59.75,239.0,59.75,C+,PASS
67,36,24,41,42.0,168.0,42.0,C,FAIL
62,21,46,38,41.75,167.0,41.75,C,FAIL
31,24,43,12,27.5,110.0,27.5,NG,FAIL
49,45,81,84,64.75,259.0,64.75,B,PASS
85,61,94,67,76.75,307.0,76.75,B+,PASS
55,26,67,23,42.75,171.0,42.75,C,FAIL
94,81,58,27,65.0,260.0,65.0,B,FAIL
51,98,11,18,44.5,178.0,44.5,C,FAIL
17,69,29,74,47.25,189.0,47.25,C,FAIL
78,13,42,2,33.75,135.0,33.75,NG,FAIL
48,47,79,91,66.25,265.0,66.25,B,PASS
29,96,89,46,65.0,260.0,65.0,B,FAIL
65,10,72,8,38.75,155.0,38.75,C,FAIL
80,18,2,39,34.75,139.0,34.75,NG,FAIL
85,37,64,94,70.0,280.0,70.0,B+,PASS
22,82,98,46,62.0,248.0,62.0,B,FAIL
73,95,22,83,68.25,273.0,68.25,B,FAIL
49,53,17,94,53.25,213.0,53.25,C+,FAIL
33,40,57,11,35.25,141.0,35.25,C,FAIL
18,24,98,24,41.0,164.0,41.0,C,FAIL
82,87,5,1,43.75,175.0,43.75,C,FAIL
81,68,18,91,64.5,258.0,64.5,B,FAIL
3,47,58,40,37.0,148.0,37.0,C,FAIL
2,15,6,3,6.5,26.0,6.5,NG,FAIL
28,16,16,71,32.75,131.0,32.75,NG,FAIL
85,85,72,81,80.75,323.0,80.75,A,PASS
1,26,34,64,31.25,125.0,31.25,NG,FAIL
45,32,17,5,24.75,99.0,24.75,NG,FAIL
11,28,83,96,54.5,218.0,54.5,C+,FAIL
84,77,27,23,52.75,211.0,52.75,C+,FAIL
31,84,49,50,53.5,214.0,53.5,C+,FAIL
95,53,92,75,78.75,315.0,78.75,B+,PASS
76,98,60,71,76.25,305.0,76.25,B+,PASS
31,45,34,21,32.75,131.0,32.75,NG,FAIL
10,22,69,65,41.5,166.0,41.5,C,FAIL
98,45,76,97,79.0,316.0,79.0,B+,PASS
47,69,47,41,51.0,204.0,51.0,C+,PASS
79,41,28,16,41.0,164.0,41.0,C,FAIL
44,38,54,85,55.25,221.0,55.25,C+,PASS
97,52,30,15,48.5,194.0,48.5,C,FAIL
52,29,2,11,23.5,94.0,23.5,NG,FAIL
23,18,39,61,35.25,141.0,35.25,C,FAIL
19,92,93,97,75.25,301.0,75.25,B+,FAIL
50,26,55,75,51.5,206.0,51.5,C+,FAIL
23,62,29,95,52.25,209.0,52.25,C+,FAIL
78,84,93,77,83.0,332.0,83.0,A,PASS
83,94,13,27,54.25,217.0,54.25,C+,FAIL
3,82,66,9,40.0,160.0,40.0,C,FAIL
59,12,39,43,38.25,153.0,38.25,C,FAIL
24,41,12,58,33.75,135.0,33.75,NG,FAIL
51,33,5,29,29.5,118.0,29.5,NG,FAIL
77,54,87,31,62.25,249.0,62.25,B,FAIL
3,78,70,73,56.0,224.0,56.0,C+,FAIL
83,10,76,33,50.5,202.0,50.5,C+,FAIL
49,80,83,50,65.5,262.0,65.5,B,PASS
92,31,35,72,57.5,230.0,57.5,C+,FAIL
10,31,36,40,29.25,117.0,29.25,NG,FAIL
77,20,84,15,49.0,196.0,49.0,C,FAIL
43,9,85,93,57.5,230.0,57.5,C+,FAIL
85,52,75,4,54.0,216.0,54.0,C+,FAIL
3,29,26,67,31.25,125.0,31.25,NG,FAIL
99,45,83,9,59.0,236.0,59.0,C+,FAIL
99,14,55,98,66.5,266.0,66.5,B,FAIL
87,94,86,88,88.75,355.0,88.75,A,PASS
37,55,40,32,41.0,164.0,41.0,C,FAIL
68,33,99,68,67.0,268.0,67.0,B,FAIL
97,30,57,61,61.25,245.0,61.25,B,FAIL
23,93,28,33,44.25,177.0,44.25,C,FAIL
0,27,85,6,29.5,118.0,29.5,NG,FAIL
94,41,65,77,69.25,277.0,69.25,B,PASS
80,94,51,15,60.0,240.0,60.0,B,FAIL
97,87,6,98,72.0,288.0,72.0,B+,FAIL
0,56,2,10,17.0,68.0,17.0,NG,FAIL
13,7,44,50,28.5,114.0,28.5,NG,FAIL
31,46,68,98,60.75,243.0,60.75,B,FAIL
24,2,99,87,53.0,212.0,53.0,C+,FAIL
0,88,79,18,46.25,185.0,46.25,C,FAIL
96,84,73,59,78.0,312.0,78.0,B+,PASS
31,9,22,86,37.0,148.0,37.0,C,FAIL
75,48,68,91,70.5,282.0,70.5,B+,PASS
13,33,37,83,41.5,166.0,41.5,C,FAIL
95,77,31,45,62.0,248.0,62.0,B,FAIL
18,87,21,60,46.5,186.0,46.5,C,FAIL
58,77,30,54,54.75,219.0,54.75,C+,FAIL
76,70,28,50,56.0,224.0,56.0,C+,FAIL
83,81,32,68,66.0,264.0,66.0,B,FAIL
33,24,85,50,48.0,192.0,48.0,C,FAIL
82,79,51,11,55.75,223.0,55.75,C+,FAIL
68,29,9,52,39.5,158.0,39.5,C,FAIL
29,43,43,13,32.0,128.0,32.0,NG,FAIL
94,52,81,12,59.75,239.0,59.75,C+,FAIL
11,37,77,64,47.25,189.0,47.25,C,FAIL
88,40,53,17,49.5,198.0,49.5,C,FAIL
58,84,53,85,70.0,280.0,70.0,B+,PASS
17,24,23,67,32.75,131.0,32.75,NG,FAIL
78,87,44,33,60.5,242.0,60.5,B,FAIL
26,78,24,70,49.5,198.0,49.5,C,FAIL
5,94,94,3,49.0,196.0,49.0,C,FAIL
47,58,82,70,64.25,257.0,64.25,B,PASS
73,64,75,88,75.0,300.0,75.0,B+,PASS
16,51,8,72,36.75,147.0,36.75,C,FAIL
61,20,30,35,36.5,146.0,36.5,C,FAIL
45,25,85,28,45.75,183.0,45.75,C,FAIL
81,76,17,65,59.75,239.0,59.75,C+,FAIL
15,54,59,33,40.25,161.0,40.25,C,FAIL
97,37,4,49,46.75,187.0,46.75,C,FAIL
14,32,70,63,44.75,179.0,44.75,C,FAIL
99,55,41,76,67.75,271.0,67.75,B,PASS
20,17,18,64,29.75,119.0,29.75,NG,FAIL
40,58,87,63,62.0,248.0,62.0,B,PASS
81,28,75,74,64.5,258.0,64.5,B,FAIL
24,97,99,14,58.5,234.0,58.5,C+,FAIL
83,26,18,76,50.75,203.0,50.75,C+,FAIL
47,36,33,56,43.0,172.0,43.0,C,FAIL
7,80,7,83,44.25,177.0,44.25,C,FAIL
55,17,57,0,32.25,129.0,32.25,NG,FAIL
46,58,17,33,38.5,154.0,38.5,C,FAIL
38,53,32,6,32.25,129.0,32.25,NG,FAIL
61,4,47,38,37.5,150.0,37.5,C,FAIL
20,91,9,40,40.0,160.0,40.0,C,FAIL
1,48,50,65,41.0,164.0,41.0,C,FAIL
97,73,73,54,74.25,297.0,74.25,B+,PASS
31,32,67,95,56.25,225.0,56.25,C+,FAIL
43,26,0,25,23.5,94.0,23.5,NG,FAIL
68,90,53,53,66.0,264.0,66.0,B,PASS
23,67,4,90,46.0,184.0,46.0,C,FAIL
94,32,30,69,56.25,225.0,56.25,C+,FAIL
90,67,4,57,54.5,218.0,54.5,C+,FAIL
51,78,62,51,60.5,242.0,60.5,B,PASS
97,50,95,16,64.5,258.0,64.5,B,FAIL
1,39,61,36,34.25,137.0,34.25,NG,FAIL
63,50,91,53,64.25,257.0,64.25,B,PASS
20,82,2,58,40.5,162.0,40.5,C,FAIL
2,83,49,20,38.5,154.0,38.5,C,FAIL
4,73,84,83,61.0,244.0,61.0,B,FAIL
89,16,64,92,65.25,261.0,65.25,B,FAIL
65,45,14,6,32.5,130.0,32.5,NG,FAIL
70,80,82,56,72.0,288.0,72.0,B+,PASS
74,59,96,31,65.0,260.0,65.0,B,FAIL
32,93,58,95,69.5,278.0,69.5,B,FAIL
62,65,64,93,71.0,284.0,71.0,B+,PASS
6,92,42,82,55.5,222.0,55.5,C+,FAIL
54,64,51,40,52.25,209.0,52.25,C+,PASS
83,32,9,36,40.0,160.0,40.0,C,FAIL
65,1,95,15,44.0,176.0,44.0,C,FAIL
33,7,44,20,26.0,104.0,26.0,NG,FAIL
67,89,10,30,49.0,196.0,49.0,C,FAIL
86,21,96,25,57.0,228.0,57.0,C+,FAIL
74,91,40,55,65.0,260.0,65.0,B,PASS
87,93,68,72,80.0,320.0,80.0,A,PASS
53,73,72,30,57.0,228.0,57.0,C+,FAIL
66,7,17,89,44.75,179.0,44.75,C,FAIL
40,48,87,26,50.25,201.0,50.25,C+,FAIL
43,33,86,10,43.0,172.0,43.0,C,FAIL
50,66,21,47,46.0,184.0,46.0,C,FAIL
78,88,13,86,66.25,265.0,66.25,B,FAIL
51,8,44,29,33.0,132.0,33.0,NG,FAIL
52,50,79,60,60.25,241.0,60.25,B,PASS
63,55,93,94,76.25,305.0,76.25,B+,PASS
42,99,16,46,50.75,203.0,50.75,C+,FAIL
56,86,50,53,61.25,245.0,61.25,B,PASS
58,80,23,93,63.5,254.0,63.5,B,FAIL
52,30,86,11,44.75,179.0,44.75,C,FAIL
78,61,14,35,47.0,188.0,47.0,C,FAIL
5,19,65,78,41.75,167.0,41.75,C,FAIL
92,20,74,78,66.0,264.0,66.0,B,FAIL
31,7,55,12,26.25,105.0,26.25,NG,FAIL
50,96,51,27,56.0,224.0,56.0,C+,FAIL
7,86,35,19,36.75,147.0,36.75,C,FAIL
19,9,40,78,36.5,146.0,36.5,C,FAIL
15,79,19,32,36.25,145.0,36.25,C,FAIL
60,75,36,96,66.75,267.0,66.75,B,PASS
64,22,75,71,58.0,232.0,58.0,C+,FAIL
87,76,85,20,67.0,268.0,67.0,B,FAIL
84,63,75,32,63.5,254.0,63.5,B,FAIL
28,50,76,43,49.25,197.0,49.25,C,FAIL
7,68,31,9,28.75,115.0,28.75,NG,FAIL
71,75,13,63,55.5,222.0,55.5,C+,FAIL
53,66,17,64,50.0,200.0,50.0,C+,FAIL
70,6,44,41,40.25,161.0,40.25,C,FAIL
46,79,74,8,51.75,207.0,51.75,C+,FAIL
48,3,80,77,52.0,208.0,52.0,C+,FAIL
21,53,14,65,38.25,153.0,38.25,C,FAIL
15,38,56,68,44.25,177.0,44.25,C,FAIL
89,73,19,67,62.0,248.0,62.0,B,FAIL
76,65,15,84,60.0,240.0,60.0,B,FAIL
40,2,43,48,33.25,133.0,33.25,NG,FAIL
91,47,22,53,53.25,213.0,53.25,C+,FAIL
28,31,41,36,34.0,136.0,34.0,NG,FAIL
84,32,46,86,62.0,248.0,62.0,B,FAIL
4,83,80,72,59.75,239.0,59.75,C+,FAIL
99,93,56,5,63.25,253.0,63.25,B,FAIL
94,23,7,66,47.5,190.0,47.5,C,FAIL
28,28,65,68,47.25,189.0,47.25,C,FAIL
47,58,78,81,66.0,264.0,66.0,B,PASS
43,34,58,60,48.75,195.0,48.75,C,FAIL
57,28,91,75,62.75,251.0,62.75,B,FAIL
57,37,35,83,53.0,212.0,53.0,C+,PASS
73,75,30,23,50.25,201.0,50.25,C+,FAIL
97,65,34,66,65.5,262.0,65.5,B,FAIL
74,94,20,46,58.5,234.0,58.5,C+,FAIL
85,15,74,2,44.0,176.0,44.0,C,FAIL
37,96,1,36,42.5,170.0,42.5,C,FAIL
68,12,17,65,40.5,162.0,40.5,C,FAIL
39,83,86,23,57.75,231.0,57.75,C+,FAIL
89,81,55,86,77.75,311.0,77.75,B+,PASS
16,4,62,30,28.0,112.0,28.0,NG,FAIL
49,57,43,7,39.0,156.0,39.0,C,FAIL
83,40,33,39,48.75,195.0,48.75,C,FAIL
18,88,99,44,62.25,249.0,62.25,B,FAIL
18,39,54,18,32.25,129.0,32.25,NG,FAIL
18,48,0,74,35.0,140.0,35.0,C,FAIL
74,32,54,11,42.75,171.0,42.75,C,FAIL
40,1,0,89,32.5,130.0,32.5,NG,FAIL
46,10,57,16,32.25,129.0,32.25,NG,FAIL
6,36,15,63,30.0,120.0,30.0,NG,FAIL
12,5,80,59,39.0,156.0,39.0,C,FAIL
90,81,18,48,59.25,237.0,59.25,C+,FAIL
91,54,19,77,60.25,241.0,60.25,B,FAIL
32,28,28,75,40.75,163.0,40.75,C,FAIL
73,73,74,48,67.0,268.0,67.0,B,PASS
1,88,19,73,45.25,181.0,45.25,C,FAIL
65,72,59,91,71.75,287.0,71.75,B+,PASS
44,83,83,97,76.75,307.0,76.75,B+,PASS
6,71,71,57,51.25,205.0,51.25,C+,FAIL
26,80,40,64,52.5,210.0,52.5,C+,FAIL
84,78,34,26,55.5,222.0,55.5,C+,FAIL
54,76,60,62,63.0,252.0,63.0,B,PASS
33,40,47,32,38.0,152.0,38.0,C,FAIL
87,91,54,84,79.0,316.0,79.0,B+,PASS
47,22,89,49,51.75,207.0,51.75,C+,FAIL
70,63,72,87,73.0,292.0,73.0,B+,PASS
10,37,70,87,51.0,204.0,51.0,C+,FAIL
77,55,90,52,68.5,274.0,68.5,B,PASS
85,89,23,88,71.25,285.0,71.25,B+,FAIL
83,82,42,64,67.75,271.0,67.75,B,PASS
71,44,74,12,50.25,201.0,50.25,C+,FAIL
82,82,21,46,57.75,231.0,57.75,C+,FAIL
50,86,16,83,58.75,235.0,58.75,C+,FAIL
38,59,80,55,58.0,232.0,58.0,C+,PASS
54,21,67,68,52.5,210.0,52.5,C+,FAIL
48,2,83,90,55.75,223.0,55.75,C+,FAIL
97,91,38,38,66.0,264.0,66.0,B,PASS
98,50,60,18,56.5,226.0,56.5,C+,FAIL
55,56,95,84,72.5,290.0,72.5,B+,PASS
42,75,11,16,36.0,144.0,36.0,C,FAIL
47,19,12,72,37.5,150.0,37.5,C,FAIL
48,30,71,36,46.25,185.0,46.25,C,FAIL
71,75,10,17,43.25,173.0,43.25,C,FAIL
46,27,16,50,34.75,139.0,34.75,NG,FAIL
66,77,2,79,56.0,224.0,56.0,C+,FAIL
10,15,1,55,20.25,81.0,20.25,NG,FAIL
87,41,66,87,70.25,281.0,70.25,B+,PASS
55,96,13,77,60.25,241.0,60.25,B,FAIL
5,11,67,88,42.75,171.0,42.75,C,FAIL
89,49,0,49,46.75,187.0,46.75,C,FAIL
96,94,2,19,52.75,211.0,52.75,C+,FAIL
7,90,92,10,49.75,199.0,49.75,C,FAIL
31,44,36,45,39.0,156.0,39.0,C,FAIL
90,96,77,21,71.0,284.0,71.0,B+,FAIL
74,62,20,72,57.0,228.0,57.0,C+,FAIL
58,41,59,46,51.0,204.0,51.0,C+,PASS
70,33,98,10,52.75,211.0,52.75,C+,FAIL
9,55,40,87,47.75,191.0,47.75,C,FAIL
27,19,13,2,15.25,61.0,15.25,NG,FAIL
49,31,74,4,39.5,158.0,39.5,C,FAIL
2,81,16,20,29.75,119.0,29.75,NG,FAIL
1,71,21,2,23.75,95.0,23.75,NG,FAIL
7,12,29,0,12.0,48.0,12.0,NG,FAIL
39,35,60,43,44.25,177.0,44.25,C,PASS
23,58,79,67,56.75,227.0,56.75,C+,FAIL
51,70,84,87,73.0,292.0,73.0,B+,PASS
40,20,70,87,54.25,217.0,54.25,C+,FAIL
90,76,25,9,50.0,200.0,50.0,C+,FAIL
81,23,43,58,51.25,205.0,51.25,C+,FAIL
31,37,34,81,45.75,183.0,45.75,C,FAIL
6,5,72,54,34.25,137.0,34.25,NG,FAIL
95,29,22,18,41.0,164.0,41.0,C,FAIL
21,31,81,58,47.75,191.0,47.75,C,FAIL
57,64,26,73,55.0,220.0,55.0,C+,FAIL
22,5,36,17,20.0,80.0,20.0,NG,FAIL
78,30,93,31,58.0,232.0,58.0,C+,FAIL
67,99,27,89,70.5,282.0,70.5,B+,FAIL
88,69,24,73,63.5,254.0,63.5,B,FAIL
47,32,50,34,40.75,163.0,40.75,C,FAIL
9,44,64,7,31.0,124.0,31.0,NG,FAIL
13,27,56,87,45.75,183.0,45.75,C,FAIL
58,15,99,72,61.0,244.0,61.0,B,FAIL
90,60,19,49,54.5,218.0,54.5,C+,FAIL
70,80,52,73,68.75,275.0,68.75,B,PASS
57,84,51,72,66.0,264.0,66.0,B,PASS
33,3,87,92,53.75,215.0,53.75,C+,FAIL
38,72,30,58,49.5,198.0,49.5,C,FAIL
48,77,69,32,56.5,226.0,56.5,C+,FAIL
26,34,59,10,32.25,129.0,32.25,NG,FAIL
18,48,85,24,43.75,175.0,43.75,C,FAIL
61,9,94,77,60.25,241.0,60.25,B,FAIL
18,52,13,7,22.5,90.0,22.5,NG,FAIL
35,37,97,0,42.25,169.0,42.25,C,FAIL
16,15,67,89,46.75,187.0,46.75,C,FAIL
36,7,71,23,34.25,137.0,34.25,NG,FAIL
68,77,50,94,72.25,289.0,72.25,B+,PASS
63,94,94,88,84.75,339.0,84.75,A,PASS
59,47,84,45,58.75,235.0,58.75,C+,PASS
14,67,21,0,25.5,102.0,25.5,NG,FAIL
80,39,3,0,30.5,122.0,30.5,NG,FAIL
89,80,46,0,53.75,215.0,53.75,C+,FAIL
20,66,28,35,37.25,149.0,37.25,C,FAIL
47,97,47,2,48.25,193.0,48.25,C,FAIL
56,87,26,42,52.75,211.0,52.75,C+,FAIL
50,62,76,45,58.25,233.0,58.25,C+,PASS
10,56,60,17,35.75,143.0,35.75,C,FAIL
84,76,70,18,62.0,248.0,62.0,B,FAIL
30,34,0,91,38.75,155.0,38.75,C,FAIL
71,30,96,22,54.75,219.0,54.75,C+,FAIL
65,33,35,83,54.0,216.0,54.0,C+,FAIL
78,28,16,27,37.25,149.0,37.25,C,FAIL
0,61,6,5,18.0,72.0,18.0,NG,FAIL
38,74,16,29,39.25,157.0,39.25,C,FAIL
44,29,97,18,47.0,188.0,47.0,C,FAIL
30,36,60,2,32.0,128.0,32.0,NG,FAIL
43,33,60,58,48.5,194.0,48.5,C,FAIL
34,34,16,91,43.75,175.0,43.75,C,FAIL
13,8,27,74,30.5,122.0,30.5,NG,FAIL
20,44,88,92,61.0,244.0,61.0,B,FAIL
72,31,94,91,72.0,288.0,72.0,B+,FAIL
98,45,51,31,56.25,225.0,56.25,C+,FAIL
98,0,96,85,69.75,279.0,69.75,B,FAIL
37,55,8,13,28.25,113.0,28.25,NG,FAIL
11,6,54,73,36.0,144.0,36.0,C,FAIL
88,8,18,68,45.5,182.0,45.5,C,FAIL
93,62,86,42,70.75,283.0,70.75,B+,PASS
94,76,0,52,55.5,222.0,55.5,C+,FAIL
67,64,43,80,63.5,254.0,63.5,B,PASS
85,52,56,71,66.0,264.0,66.0,B,PASS
43,29,98,26,49.0,196.0,49.0,C,FAIL
12,1,10,63,21.5,86.0,21.5,NG,FAIL
61,14,0,71,36.5,146.0,36.5,C,FAIL
79,40,91,48,64.5,258.0,64.5,B,PASS
41,41,6,25,28.25,113.0,28.25,NG,FAIL
49,28,24,15,29.0,116.0,29.0,NG,FAIL
71,48,65,99,70.75,283.0,70.75,B+,PASS
90,55,63,11,54.75,219.0,54.75,C+,FAIL
22,84,23,9,34.5,138.0,34.5,NG,FAIL
94,32,12,28,41.5,166.0,41.5,C,FAIL
67,17,34,88,51.5,206.0,51.5,C+,FAIL
74,4,85,79,60.5,242.0,60.5,B,FAIL
98,49,70,12,57.25,229.0,57.25,C+,FAIL
58,59,7,47,42.75,171.0,42.75,C,FAIL
69,53,65,96,70.75,283.0,70.75,B+,PASS
60,28,16,8,28.0,112.0,28.0,NG,FAIL
75,3,51,78,51.75,207.0,51.75,C+,FAIL
0,61,42,73,44.0,176.0,44.0,C,FAIL
12,85,9,78,46.0,184.0,46.0,C,FAIL
94,64,38,63,64.75,259.0,64.75,B,PASS
84,6,64,77,57.75,231.0,57.75,C+,FAIL
91,24,90,18,55.75,223.0,55.75,C+,FAIL
63,77,39,6,46.25,185.0,46.25,C,FAIL
65,36,30,11,35.5,142.0,35.5,C,FAIL
77,97,9,21,51.0,204.0,51.0,C+,FAIL
81,64,39,17,50.25,201.0,50.25,C+,FAIL
95,15,72,23,51.25,205.0,51.25,C+,FAIL
56,48,95,37,59.0,236.0,59.0,C+,PASS
27,66,92,93,69.5,278.0,69.5,B,FAIL
87,8,37,30,40.5,162.0,40.5,C,FAIL
47,77,8,41,43.25,173.0,43.25,C,FAIL
53,36,73,1,40.75,163.0,40.75,C,FAIL
77,93,0,68,59.5,238.0,59.5,C+,FAIL
45,72,65,46,57.0,228.0,57.0,C+,PASS
57,31,68,80,59.0,236.0,59.0,C+,FAIL
74,64,66,4,52.0,208.0,52.0,C+,FAIL
52,26,19,43,35.0,140.0,35.0,C,FAIL
6,86,25,62,44.75,179.0,44.75,C,FAIL
61,67,20,86,58.5,234.0,58.5,C+,FAIL
69,99,35,61,66.0,264.0,66.0,B,PASS
22,80,76,81,64.75,259.0,64.75,B,FAIL
76,18,71,48,53.25,213.0,53.25,C+,FAIL
57,38,33,10,34.5,138.0,34.5,NG,FAIL
96,96,82,47,80.25,321.0,80.25,A,PASS
59,28,0,0,21.75,87.0,21.75,NG,FAIL
34,36,27,32,32.25,129.0,32.25,NG,FAIL
3,81,18,45,36.75,147.0,36.75,C,FAIL
34,11,34,92,42.75,171.0,42.75,C,FAIL
57,20,12,67,39.0,156.0,39.0,C,FAIL
87,52,85,70,73.5,294.0,73.5,B+,PASS
88,82,76,51,74.25,297.0,74.25,B+,PASS
58,36,75,85,63.5,254.0,63.5,B,PASS
96,19,32,14,40.25,161.0,40.25,C,FAIL
79,23,47,45,48.5,194.0,48.5,C,FAIL
67,49,67,91,68.5,274.0,68.5,B,PASS
87,1,65,16,42.25,169.0,42.25,C,FAIL
69,93,22,88,68.0,272.0,68.0,B,FAIL
1,93,86,96,69.0,276.0,69.0,B,FAIL
88,94,82,15,69.75,279.0,69.75,B,FAIL
16,43,75,72,51.5,206.0,51.5,C+,FAIL
0,76,16,78,42.5,170.0,42.5,C,FAIL
50,82,19,13,41.0,164.0,41.0,C,FAIL
95,83,24,98,75.0,300.0,75.0,B+,FAIL
2,90,20,68,45.0,180.0,45.0,C,FAIL
80,83,35,70,67.0,268.0,67.0,B,PASS
87,44,98,90,79.75,319.0,79.75,B+,PASS
65,35,48,26,43.5,174.0,43.5,C,FAIL
61,72,76,24,58.25,233.0,58.25,C+,FAIL
38,53,55,75,55.25,221.0,55.25,C+,PASS
62,33,6,18,29.75,119.0,29.75,NG,FAIL
19,31,82,42,43.5,174.0,43.5,C,FAIL
68,23,11,40,35.5,142.0,35.5,C,FAIL
48,86,59,97,72.5,290.0,72.5,B+,PASS
49,61,47,19,44.0,176.0,44.0,C,FAIL
53,30,54,60,49.25,197.0,49.25,C,FAIL
46,94,22,53,53.75,215.0,53.75,C+,FAIL
21,42,22,12,24.25,97.0,24.25,NG,FAIL
69,97,28,22,54.0,216.0,54.0,C+,FAIL
93,30,72,69,66.0,264.0,66.0,B,FAIL
80,37,56,9,45.5,182.0,45.5,C,FAIL
16,32,97,9,38.5,154.0,38.5,C,FAIL
50,32,14,43,34.75,139.0,34.75,NG,FAIL
5,31,86,23,36.25,145.0,36.25,C,FAIL
99,28,54,52,58.25,233.0,58.25,C+,FAIL
19,43,79,34,43.75,175.0,43.75,C,FAIL
61,34,2,6,25.75,103.0,25.75,NG,FAIL
56,1,38,98,48.25,193.0,48.25,C,FAIL
0,10,2,84,24.0,96.0,24.0,NG,FAIL
80,45,24,95,61.0,244.0,61.0,B,FAIL
75,55,40,93,65.75,263.0,65.75,B,PASS
80,68,85,86,79.75,319.0,79.75,B+,PASS
3,33,12,37,21.25,85.0,21.25,NG,FAIL
28,46,21,59,38.5,154.0,38.5,C,FAIL
73,91,99,17,70.0,280.0,70.0,B+,FAIL
27,13,77,38,38.75,155.0,38.75,C,FAIL
63,74,37,64,59.5,238.0,59.5,C+,PASS
42,7,0,43,23.0,92.0,23.0,NG,FAIL
70,66,28,49,53.25,213.0,53.25,C+,FAIL
99,85,43,87,78.5,314.0,78.5,B+,PASS
58,6,97,87,62.0,248.0,62.0,B,FAIL
3,40,43,18,26.0,104.0,26.0,NG,FAIL
96,12,42,16,41.5,166.0,41.5,C,FAIL
15,0,71,35,30.25,121.0,30.25,NG,FAIL
81,64,11,49,51.25,205.0,51.25,C+,FAIL
96,7,95,50,62.0,248.0,62.0,B,FAIL
12,11,52,72,36.75,147.0,36.75,C,FAIL
87,1,82,41,52.75,211.0,52.75,C+,FAIL
87,10,31,0,32.0,128.0,32.0,NG,FAIL
52,48,63,85,62.0,248.0,62.0,B,PASS
1,2,65,0,17.0,68.0,17.0,NG,FAIL
5,11,58,6,20.0,80.0,20.0,NG,FAIL
63,98,2,85,62.0,248.0,62.0,B,FAIL
70,23,23,18,33.5,134.0,33.5,NG,FAIL
32,10,46,30,29.5,118.0,29.5,NG,FAIL
57,87,42,35,55.25,221.0,55.25,C+,PASS
37,64,51,12,41.0,164.0,41.0,C,FAIL
64,22,25,1,28.0,112.0,28.0,NG,FAIL
19,54,25,19,29.25,117.0,29.25,NG,FAIL
8,81,40,62,47.75,191.0,47.75,C,FAIL
64,61,96,62,70.75,283.0,70.75,B+,PASS
99,88,22,17,56.5,226.0,56.5,C+,FAIL
71,59,94,79,75.75,303.0,75.75,B+,PASS
69,10,3,7,22.25,89.0,22.25,NG,FAIL
54,64,62,3,45.75,183.0,45.75,C,FAIL
73,52,79,46,62.5,250.0,62.5,B,PASS
3,40,44,87,43.5,174.0,43.5,C,FAIL
24,89,10,93,54.0,216.0,54.0,C+,FAIL
22,46,25,83,44.0,176.0,44.0,C,FAIL
42,55,89,36,55.5,222.0,55.5,C+,PASS
82,90,77,89,84.5,338.0,84.5,A,PASS
75,11,3,71,40.0,160.0,40.0,C,FAIL
69,79,37,60,61.25,245.0,61.25,B,PASS
74,94,10,44,55.5,222.0,55.5,C+,FAIL
3,65,0,72,35.0,140.0,35.0,C,FAIL
76,13,96,98,70.75,283.0,70.75,B+,FAIL
56,86,55,3,50.0,200.0,50.0,C+,FAIL
92,23,51,89,63.75,255.0,63.75,B,FAIL
23,69,90,33,53.75,215.0,53.75,C+,FAIL
19,37,49,64,42.25,169.0,42.25,C,FAIL
90,53,20,30,48.25,193.0,48.25,C,FAIL
3,80,74,58,53.75,215.0,53.75,C+,FAIL
60,64,96,97,79.25,317.0,79.25,B+,PASS
18,13,76,70,44.25,177.0,44.25,C,FAIL
33,9,79,46,41.75,167.0,41.75,C,FAIL
41,67,31,76,53.75,215.0,53.75,C+,FAIL
17,91,8,46,40.5,162.0,40.5,C,FAIL
66,63,68,31,57.0,228.0,57.0,C+,FAIL
28,20,74,66,47.0,188.0,47.0,C,FAIL
67,25,9,32,33.25,133.0,33.25,NG,FAIL
49,10,52,7,29.5,118.0,29.5,NG,FAIL
42,5,42,57,36.5,146.0,36.5,C,FAIL
60,92,16,71,59.75,239.0,59.75,C+,FAIL
94,68,12,56,57.5,230.0,57.5,C+,FAIL
60,13,39,63,43.75,175.0,43.75,C,FAIL
29,9,83,9,32.5,130.0,32.5,NG,FAIL
74,57,88,15,58.5,234.0,58.5,C+,FAIL
89,75,31,43,59.5,238.0,59.5,C+,FAIL
8,8,60,31,26.75,107.0,26.75,NG,FAIL
28,37,94,44,50.75,203.0,50.75,C+,FAIL
69,9,30,75,45.75,183.0,45.75,C,FAIL
80,34,13,95,55.5,222.0,55.5,C+,FAIL
0,41,39,91,42.75,171.0,42.75,C,FAIL
74,12,79,73,59.5,238.0,59.5,C+,FAIL
52,80,26,77,58.75,235.0,58.75,C+,FAIL
46,37,72,80,58.75,235.0,58.75,C+,PASS
82,96,95,34,76.75,307.0,76.75,B+,FAIL
22,1,70,87,45.0,180.0,45.0,C,FAIL
36,30,50,96,53.0,212.0,53.0,C+,FAIL
47,21,36,80,46.0,184.0,46.0,C,FAIL
56,41,7,14,29.5,118.0,29.5,NG,FAIL
72,43,32,90,59.25,237.0,59.25,C+,FAIL
57,46,1,60,41.0,164.0,41.0,C,FAIL
96,66,59,82,75.75,303.0,75.75,B+,PASS
70,2,43,53,42.0,168.0,42.0,C,FAIL
38,48,68,57,52.75,211.0,52.75,C+,PASS
38,52,36,86,53.0,212.0,53.0,C+,PASS
94,17,59,76,61.5,246.0,61.5,B,FAIL
96,61,47,60,66.0,264.0,66.0,B,PASS
34,70,60,89,63.25,253.0,63.25,B,FAIL
19,84,14,76,48.25,193.0,48.25,C,FAIL
20,80,4,7,27.75,111.0,27.75,NG,FAIL
29,85,3,18,33.75,135.0,33.75,NG,FAIL
16,62,39,3,30.0,120.0,30.0,NG,FAIL
44,18,53,91,51.5,206.0,51.5,C+,FAIL
78,74,98,91,85.25,341.0,85.25,A,PASS
10,64,11,88,43.25,173.0,43.25,C,FAIL
40,42,3,98,45.75,183.0,45.75,C,FAIL
0,55,93,28,44.0,176.0,44.0,C,FAIL
65,90,35,65,63.75,255.0,63.75,B,PASS
93,19,31,14,39.25,157.0,39.25,C,FAIL
0,17,77,39,33.25,133.0,33.25,NG,FAIL
10,6,15,10,10.25,41.0,10.25,NG,FAIL
98,88,72,72,82.5,330.0,82.5,A,PASS
98,19,7,31,38.75,155.0,38.75,C,FAIL
8,50,35,8,25.25,101.0,25.25,NG,FAIL
22,22,18,57,29.75,119.0,29.75,NG,FAIL
60,86,43,4,48.25,193.0,48.25,C,FAIL
13,56,9,8,21.5,86.0,21.5,NG,FAIL
58,83,62,33,59.0,236.0,59.0,C+,FAIL
30,68,67,80,61.25,245.0,61.25,B,FAIL
42,69,19,83,53.25,213.0,53.25,C+,FAIL
59,97,11,1,42.0,168.0,42.0,C,FAIL
36,88,35,76,58.75,235.0,58.75,C+,PASS
0,55,16,91,40.5,162.0,40.5,C,FAIL
45,59,66,72,60.5,242.0,60.5,B,PASS
81,85,44,72,70.5,282.0,70.5,B+,PASS
68,20,97,11,49.0,196.0,49.0,C,FAIL
72,19,20,31,35.5,142.0,35.5,C,FAIL
22,37,55,72,46.5,186.0,46.5,C,FAIL
42,74,12,80,52.0,208.0,52.0,C+,FAIL
40,38,9,36,30.75,123.0,30.75,NG,FAIL
35,8,37,27,26.75,107.0,26.75,NG,FAIL
6,2,26,79,28.25,113.0,28.25,NG,FAIL
96,40,2,19,39.25,157.0,39.25,C,FAIL
70,59,71,37,59.25,237.0,59.25,C+,PASS
74,37,44,66,55.25,221.0,55.25,C+,PASS
34,80,89,7,52.5,210.0,52.5,C+,FAIL
89,29,70,9,49.25,197.0,49.25,C,FAIL
26,91,35,0,38.0,152.0,38.0,C,FAIL
68,20,41,96,56.25,225.0,56.25,C+,FAIL
79,84,4,60,56.75,227.0,56.75,C+,FAIL
98,14,12,75,49.75,199.0,49.75,C,FAIL
25,99,90,2,54.0,216.0,54.0,C+,FAIL
94,78,59,59,72.5,290.0,72.5,B+,PASS
81,31,87,93,73.0,292.0,73.0,B+,FAIL
7,24,92,66,47.25,189.0,47.25,C,FAIL
67,49,17,50,45.75,183.0,45.75,C,FAIL
2,0,56,0,14.5,58.0,14.5,NG,FAIL
60,49,83,5,49.25,197.0,49.25,C,FAIL
50,43,74,8,43.75,175.0,43.75,C,FAIL
14,75,95,41,56.25,225.0,56.25,C+,FAIL
19,58,1,45,30.75,123.0,30.75,NG,FAIL
96,47,23,23,47.25,189.0,47.25,C,FAIL
33,65,52,85,58.75,235.0,58.75,C+,FAIL
37,27,59,21,36.0,144.0,36.0,C,FAIL
32,85,47,46,52.5,210.0,52.5,C+,FAIL
78,26,75,61,60.0,240.0,60.0,B,FAIL
70,81,72,77,75.0,300.0,75.0,B+,PASS
65,46,69,51,57.75,231.0,57.75,C+,PASS
49,79,96,40,66.0,264.0,66.0,B,PASS
88,16,23,12,34.75,139.0,34.75,NG,FAIL
87,18,40,63,52.0,208.0,52.0,C+,FAIL
53,73,32,20,44.5,178.0,44.5,C,FAIL
10,48,86,83,56.75,227.0,56.75,C+,FAIL
25,29,47,37,34.5,138.0,34.5,NG,FAIL
55,29,6,93,45.75,183.0,45.75,C,FAIL
2,2,13,62,19.75,79.0,19.75,NG,FAIL
61,16,70,19,41.5,166.0,41.5,C,FAIL
93,79,28,67,66.75,267.0,66.75,B,FAIL
79,4,28,39,37.5,150.0,37.5,C,FAIL
80,8,0,67,38.75,155.0,38.75,C,FAIL
82,78,77,3,60.0,240.0,60.0,B,FAIL
34,87,7,86,53.5,214.0,53.5,C+,FAIL
13,85,2,16,29.0,116.0,29.0,NG,FAIL
46,63,36,77,55.5,222.0,55.5,C+,PASS
87,4,91,63,61.25,245.0,61.25,B,FAIL
40,19,16,64,34.75,139.0,34.75,NG,FAIL
22,3,39,58,30.5,122.0,30.5,NG,FAIL
47,20,22,27,29.0,116.0,29.0,NG,FAIL
20,23,23,16,20.5,82.0,20.5,NG,FAIL
92,38,10,37,44.25,177.0,44.25,C,FAIL
5,65,6,54,32.5,130.0,32.5,NG,FAIL
21,10,45,52,32.0,128.0,32.0,NG,FAIL
92,94,1,46,58.25,233.0,58.25,C+,FAIL
83,36,58,71,62.0,248.0,62.0,B,PASS
0,94,75,32,50.25,201.0,50.25,C+,FAIL
37,51,22,53,40.75,163.0,40.75,C,FAIL
64,87,6,64,55.25,221.0,55.25,C+,FAIL
47,25,15,54,35.25,141.0,35.25,C,FAIL
7,13,43,7,17.5,70.0,17.5,NG,FAIL
42,82,40,55,54.75,219.0,54.75,C+,PASS
81,76,74,31,65.5,262.0,65.5,B,FAIL
65,98,96,64,80.75,323.0,80.75,A,PASS
34,26,18,42,30.0,120.0,30.0,NG,FAIL
98,36,5,85,56.0,224.0,56.0,C+,FAIL
63,8,38,18,31.75,127.0,31.75,NG,FAIL
62,24,48,10,36.0,144.0,36.0,C,FAIL
82,53,8,23,41.5,166.0,41.5,C,FAIL
92,3,71,17,45.75,183.0,45.75,C,FAIL
6,91,42,74,53.25,213.0,53.25,C+,FAIL
87,39,56,9,47.75,191.0,47.75,C,FAIL
27,99,46,53,56.25,225.0,56.25,C+,FAIL
91,16,12,54,43.25,173.0,43.25,C,FAIL
97,38,42,98,68.75,275.0,68.75,B,PASS
73,7,68,61,52.25,209.0,52.25,C+,FAIL
96,56,87,75,78.5,314.0,78.5,B+,PASS
33,85,81,69,67.0,268.0,67.0,B,FAIL
26,87,14,80,51.75,207.0,51.75,C+,FAIL
42,96,52,21,52.75,211.0,52.75,C+,FAIL
58,52,64,57,57.75,231.0,57.75,C+,PASS
91,26,76,17,52.5,210.0,52.5,C+,FAIL
95,55,41,57,62.0,248.0,62.0,B,PASS
64,6,4,5,19.75,79.0,19.75,NG,FAIL
99,21,73,99,73.0,292.0,73.0,B+,FAIL
87,36,27,96,61.5,246.0,61.5,B,FAIL
34,2,49,76,40.25,161.0,40.25,C,FAIL
49,28,35,9,30.25,121.0,30.25,NG,FAIL
68,10,25,97,50.0,200.0,50.0,C+,FAIL
63,71,89,82,76.25,305.0,76.25,B+,PASS
46,6,96,42,47.5,190.0,47.5,C,FAIL
57,94,74,85,77.5,310.0,77.5,B+,PASS
96,25,19,83,55.75,223.0,55.75,C+,FAIL
34,29,73,19,38.75,155.0,38.75,C,FAIL
67,83,26,4,45.0,180.0,45.0,C,FAIL
9,84,49,74,54.0,216.0,54.0,C+,FAIL
60,82,72,33,61.75,247.0,61.75,B,FAIL
84,2,63,97,61.5,246.0,61.5,B,FAIL
3,71,32,40,36.5,146.0,36.5,C,FAIL
44,76,79,89,72.0,288.0,72.0,B+,PASS
57,80,54,19,52.5,210.0,52.5,C+,FAIL
66,96,67,33,65.5,262.0,65.5,B,FAIL
57,20,20,32,32.25,129.0,32.25,NG,FAIL
21,50,42,14,31.75,127.0,31.75,NG,FAIL
32,31,55,80,49.5,198.0,49.5,C,FAIL
79,64,66,91,75.0,300.0,75.0,B+,PASS
70,56,78,16,55.0,220.0,55.0,C+,FAIL
74,11,43,17,36.25,145.0,36.25,C,FAIL
36,8,57,55,39.0,156.0,39.0,C,FAIL
13,84,18,88,50.75,203.0,50.75,C+,FAIL
47,93,38,22,50.0,200.0,50.0,C+,FAIL
4,22,92,31,37.25,149.0,37.25,C,FAIL
44,67,39,65,53.75,215.0,53.75,C+,PASS
75,34,50,3,40.5,162.0,40.5,C,FAIL
31,72,63,4,42.5,170.0,42.5,C,FAIL
78,81,12,59,57.5,230.0,57.5,C+,FAIL
58,35,24,1,29.5,118.0,29.5,NG,FAIL
94,43,10,6,38.25,153.0,38.25,C,FAIL
19,69,47,97,58.0,232.0,58.0,C+,FAIL
61,72,80,9,55.5,222.0,55.5,C+,FAIL
74,66,24,83,61.75,247.0,61.75,B,FAIL
45,59,34,12,37.5,150.0,37.5,C,FAIL
20,9,33,71,33.25,133.0,33.25,NG,FAIL
44,30,18,5,24.25,97.0,24.25,NG,FAIL
37,58,93,30,54.5,218.0,54.5,C+,FAIL
87,47,14,75,55.75,223.0,55.75,C+,FAIL
99,88,4,57,62.0,248.0,62.0,B,FAIL
92,5,22,20,34.75,139.0,34.75,NG,FAIL
19,7,58,5,22.25,89.0,22.25,NG,FAIL
9,35,88,90,55.5,222.0,55.5,C+,FAIL
8,4,66,65,35.75,143.0,35.75,C,FAIL
4,51,66,73,48.5,194.0,48.5,C,FAIL
57,24,29,15,31.25,125.0,31.25,NG,FAIL
4,72,12,85,43.25,173.0,43.25,C,FAIL
3,48,81,77,52.25,209.0,52.25,C+,FAIL
34,91,99,99,80.75,323.0,80.75,A,FAIL
57,0,36,84,44.25,177.0,44.25,C,FAIL
79,90,57,95,80.25,321.0,80.25,A,PASS
23,70,36,41,42.5,170.0,42.5,C,FAIL
50,94,91,45,70.0,280.0,70.0,B+,PASS
67,40,67,27,50.25,201.0,50.25,C+,FAIL
57,99,49,10,53.75,215.0,53.75,C+,FAIL
98,45,22,6,42.75,171.0,42.75,C,FAIL
86,7,10,94,49.25,197.0,49.25,C,FAIL
95,15,71,19,50.0,200.0,50.0,C+,FAIL
14,78,4,17,28.25,113.0,28.25,NG,FAIL
69,2,48,13,33.0,132.0,33.0,NG,FAIL
90,75,93,60,79.5,318.0,79.5,B+,PASS
40,1,46,5,23.0,92.0,23.0,NG,FAIL
97,28,62,81,67.0,268.0,67.0,B,FAIL
63,48,95,84,72.5,290.0,72.5,B+,PASS
67,90,16,62,58.75,235.0,58.75,C+,FAIL
89,15,89,66,64.75,259.0,64.75,B,FAIL
62,81,25,75,60.75,243.0,60.75,B,FAIL
92,29,54,46,55.25,221.0,55.25,C+,FAIL
28,67,4,88,46.75,187.0,46.75,C,FAIL
37,3,95,21,39.0,156.0,39.0,C,FAIL
31,79,76,86,68.0,272.0,68.0,B,FAIL
81,86,50,36,63.25,253.0,63.25,B,PASS
12,98,46,88,61.0,244.0,61.0,B,FAIL
72,26,28,31,39.25,157.0,39.25,C,FAIL
24,32,3,4,15.75,63.0,15.75,NG,FAIL
84,52,26,85,61.75,247.0,61.75,B,FAIL
7,55,37,3,25.5,102.0,25.5,NG,FAIL
65,45,62,80,63.0,252.0,63.0,B,PASS
87,23,53,65,57.0,228.0,57.0,C+,FAIL
56,4,90,6,39.0,156.0,39.0,C,FAIL
30,52,83,19,46.0,184.0,46.0,C,FAIL
81,64,33,4,45.5,182.0,45.5,C,FAIL
70,87,9,12,44.5,178.0,44.5,C,FAIL
15,44,91,51,50.25,201.0,50.25,C+,FAIL
68,16,84,69,59.25,237.0,59.25,C+,FAIL
66,29,65,25,46.25,185.0,46.25,C,FAIL
25,14,67,18,31.0,124.0,31.0,NG,FAIL
80,95,55,54,71.0,284.0,71.0,B+,PASS
55,99,80,62,74.0,296.0,74.0,B+,PASS
57,35,92,5,47.25,189.0,47.25,C,FAIL
14,12,59,41,31.5,126.0,31.5,NG,FAIL
22,63,42,73,50.0,200.0,50.0,C+,FAIL
62,23,34,15,33.5,134.0,33.5,NG,FAIL
19,60,58,71,52.0,208.0,52.0,C+,FAIL
87,0,89,35,52.75,211.0,52.75,C+,FAIL
43,40,95,86,66.0,264.0,66.0,B,PASS
43,6,17,51,29.25,117.0,29.25,NG,FAIL
20,25,58,26,32.25,129.0,32.25,NG,FAIL
90,0,6,64,40.0,160.0,40.0,C,FAIL
10,88,27,0,31.25,125.0,31.25,NG,FAIL
33,46,89,42,52.5,210.0,52.5,C+,FAIL
40,20,2,84,36.5,146.0,36.5,C,FAIL
81,18,63,56,54.5,218.0,54.5,C+,FAIL
26,12,98,87,55.75,223.0,55.75,C+,FAIL
66,90,83,51,72.5,290.0,72.5,B+,PASS
85,56,27,48,54.0,216.0,54.0,C+,FAIL
30,72,49,15,41.5,166.0,41.5,C,FAIL
59,16,66,3,36.0,144.0,36.0,C,FAIL
96,33,48,30,51.75,207.0,51.75,C+,FAIL
58,55,16,64,48.25,193.0,48.25,C,FAIL
29,32,42,69,43.0,172.0,43.0,C,FAIL
20,67,89,22,49.5,198.0,49.5,C,FAIL
10,39,68,99,54.0,216.0,54.0,C+,FAIL
56,87,65,29,59.25,237.0,59.25,C+,FAIL
66,95,2,9,43.0,172.0,43.0,C,FAIL
69,36,72,60,59.25,237.0,59.25,C+,PASS
1,97,29,18,36.25,145.0,36.25,C,FAIL
99,82,9,92,70.5,282.0,70.5,B+,FAIL
85,1,71,13,42.5,170.0,42.5,C,FAIL
21,25,77,73,49.0,196.0,49.0,C,FAIL
56,66,0,86,52.0,208.0,52.0,C+,FAIL
76,24,54,56,52.5,210.0,52.5,C+,FAIL
18,70,36,1,31.25,125.0,31.25,NG,FAIL
48,47,6,42,35.75,143.0,35.75,C,FAIL
83,36,52,19,47.5,190.0,47.5,C,FAIL
29,29,11,60,32.25,129.0,32.25,NG,FAIL
39,1,78,6,31.0,124.0,31.0,NG,FAIL
74,30,53,37,48.5,194.0,48.5,C,FAIL
75,59,98,84,79.0,316.0,79.0,B+,PASS
43,59,17,61,45.0,180.0,45.0,C,FAIL
68,64,13,27,43.0,172.0,43.0,C,FAIL
69,79,17,79,61.0,244.0,61.0,B,FAIL
64,18,57,36,43.75,175.0,43.75,C,FAIL
61,23,82,11,44.25,177.0,44.25,C,FAIL
60,82,3,71,54.0,216.0,54.0,C+,FAIL
81,40,82,41,61.0,244.0,61.0,B,PASS
88,94,5,21,52.0,208.0,52.0,C+,FAIL
94,26,39,70,57.25,229.0,57.25,C+,FAIL
54,80,88,58,70.0,280.0,70.0,B+,PASS
77,90,3,3,43.25,173.0,43.25,C,FAIL
22,20,61,51,38.5,154.0,38.5,C,FAIL
36,86,37,72,57.75,231.0,57.75,C+,PASS
71,82,87,99,84.75,339.0,84.75,A,PASS
2,38,93,64,49.25,197.0,49.25,C,FAIL
40,8,2,71,30.25,121.0,30.25,NG,FAIL
54,47,47,79,56.75,227.0,56.75,C+,PASS
45,16,69,74,51.0,204.0,51.0,C+,FAIL
54,31,51,41,44.25,177.0,44.25,C,FAIL
88,29,63,97,69.25,277.0,69.25,B,FAIL
58,13,27,68,41.5,166.0,41.5,C,FAIL
62,25,70,77,58.5,234.0,58.5,C+,FAIL
69,30,23,73,48.75,195.0,48.75,C,FAIL
16,85,13,1,28.75,115.0,28.75,NG,FAIL
61,96,61,59,69.25,277.0,69.25,B,PASS
50,62,12,10,33.5,134.0,33.5,NG,FAIL
11,20,36,66,33.25,133.0,33.25,NG,FAIL
5,44,65,48,40.5,162.0,40.5,C,FAIL
97,60,2,41,50.0,200.0,50.0,C+,FAIL
72,65,98,43,69.5,278.0,69.5,B,PASS
89,94,59,92,83.5,334.0,83.5,A,PASS
22,70,79,6,44.25,177.0,44.25,C,FAIL
1,68,56,67,48.0,192.0,48.0,C,FAIL
10,70,15,84,44.75,179.0,44.75,C,FAIL
67,86,70,32,63.75,255.0,63.75,B,FAIL
92,2,84,0,44.5,178.0,44.5,C,FAIL
81,46,69,76,68.0,272.0,68.0,B,PASS
99,60,82,35,69.0,276.0,69.0,B,PASS
68,11,61,70,52.5,210.0,52.5,C+,FAIL
46,63,32,71,53.0,212.0,53.0,C+,FAIL
53,94,85,17,62.25,249.0,62.25,B,FAIL
17,48,40,8,28.25,113.0,28.25,NG,FAIL
57,63,65,37,55.5,222.0,55.5,C+,PASS
28,41,67,84,55.0,220.0,55.0,C+,FAIL
14,90,84,40,57.0,228.0,57.0,C+,FAIL
93,92,61,8,63.5,254.0,63.5,B,FAIL
18,54,1,65,34.5,138.0,34.5,NG,FAIL
18,67,16,36,34.25,137.0,34.25,NG,FAIL
42,4,92,57,48.75,195.0,48.75,C,FAIL
74,33,84,51,60.5,242.0,60.5,B,FAIL
88,60,80,66,73.5,294.0,73.5,B+,PASS
59,94,5,66,56.0,224.0,56.0,C+,FAIL
45,0,89,91,56.25,225.0,56.25,C+,FAIL
20,37,86,75,54.5,218.0,54.5,C+,FAIL
97,64,53,92,76.5,306.0,76.5,B+,PASS
67,40,90,32,57.25,229.0,57.25,C+,FAIL
31,84,11,2,32.0,128.0,32.0,NG,FAIL
48,92,14,70,56.0,224.0,56.0,C+,FAIL
29,30,72,59,47.5,190.0,47.5,C,FAIL
21,3,68,14,26.5,106.0,26.5,NG,FAIL
42,31,18,1,23.0,92.0,23.0,NG,FAIL
30,16,56,27,32.25,129.0,32.25,NG,FAIL
21,87,77,33,54.5,218.0,54.5,C+,FAIL
4,41,18,74,34.25,137.0,34.25,NG,FAIL
95,81,72,32,70.0,280.0,70.0,B+,FAIL
84,75,18,69,61.5,246.0,61.5,B,FAIL
17,87,65,8,44.25,177.0,44.25,C,FAIL
83,65,59,52,64.75,259.0,64.75,B,PASS
8,62,49,85,51.0,204.0,51.0,C+,FAIL
7,56,14,78,38.75,155.0,38.75,C,FAIL
31,41,12,54,34.5,138.0,34.5,NG,FAIL
85,29,39,57,52.5,210.0,52.5,C+,FAIL
16,18,70,80,46.0,184.0,46.0,C,FAIL
13,93,48,27,45.25,181.0,45.25,C,FAIL
11,33,74,2,30.0,120.0,30.0,NG,FAIL
14,88,91,94,71.75,287.0,71.75,B+,FAIL
90,28,91,28,59.25,237.0,59.25,C+,FAIL
38,88,0,95,55.25,221.0,55.25,C+,FAIL
13,41,61,49,41.0,164.0,41.0,C,FAIL
10,66,44,76,49.0,196.0,49.0,C,FAIL
77,6,78,40,50.25,201.0,50.25,C+,FAIL
7,93,58,76,58.5,234.0,58.5,C+,FAIL
20,4,78,80,45.5,182.0,45.5,C,FAIL
84,65,56,19,56.0,224.0,56.0,C+,FAIL
51,76,20,77,56.0,224.0,56.0,C+,FAIL
88,47,76,15,56.5,226.0,56.5,C+,FAIL
1,41,69,90,50.25,201.0,50.25,C+,FAIL
59,93,63,97,78.0,312.0,78.0,B+,PASS
96,12,10,34,38.0,152.0,38.0,C,FAIL
9,15,65,33,30.5,122.0,30.5,NG,FAIL
71,50,55,24,50.0,200.0,50.0,C+,FAIL
60,53,23,27,40.75,163.0,40.75,C,FAIL
92,57,6,18,43.25,173.0,43.25,C,FAIL
13,99,96,71,69.75,279.0,69.75,B,FAIL
39,89,55,53,59.0,236.0,59.0,C+,PASS
71,54,84,63,68.0,272.0,68.0,B,PASS
40,10,89,26,41.25,165.0,41.25,C,FAIL
23,98,17,14,38.0,152.0,38.0,C,FAIL
15,65,98,71,62.25,249.0,62.25,B,FAIL
33,98,74,1,51.5,206.0,51.5,C+,FAIL
71,65,75,51,65.5,262.0,65.5,B,PASS
58,14,22,18,28.0,112.0,28.0,NG,FAIL
81,29,50,95,63.75,255.0,63.75,B,FAIL
66,54,82,59,65.25,261.0,65.25,B,PASS
29,48,81,47,51.25,205.0,51.25,C+,FAIL
49,39,62,42,48.0,192.0,48.0,C,PASS
42,1,77,22,35.5,142.0,35.5,C,FAIL
20,74,48,5,36.75,147.0,36.75,C,FAIL
14,27,5,37,20.75,83.0,20.75,NG,FAIL
0,95,11,43,37.25,149.0,37.25,C,FAIL
21,99,10,12,35.5,142.0,35.5,C,FAIL
42,68,38,44,48.0,192.0,48.0,C,PASS
78,30,56,25,47.25,189.0,47.25,C,FAIL
9,22,50,21,25.5,102.0,25.5,NG,FAIL
22,96,13,32,40.75,163.0,40.75,C,FAIL
95,49,98,58,75.0,300.0,75.0,B+,PASS
19,14,10,32,18.75,75.0,18.75,NG,FAIL
51,26,32,15,31.0,124.0,31.0,NG,FAIL
42,96,54,98,72.5,290.0,72.5,B+,PASS
50,29,74,32,46.25,185.0,46.25,C,FAIL
7,69,48,3,31.75,127.0,31.75,NG,FAIL
66,91,8,56,55.25,221.0,55.25,C+,FAIL
31,53,28,67,44.75,179.0,44.75,C,FAIL
2,1,78,47,32.0,128.0,32.0,NG,FAIL
55,33,23,32,35.75,143.0,35.75,C,FAIL
36,38,98,77,62.25,249.0,62.25,B,PASS
50,15,0,24,22.25,89.0,22.25,NG,FAIL
2,67,63,42,43.5,174.0,43.5,C,FAIL
82,94,37,62,68.75,275.0,68.75,B,PASS
66,67,90,11,58.5,234.0,58.5,C+,FAIL
87,39,59,75,65.0,260.0,65.0,B,PASS
28,48,43,29,37.0,148.0,37.0,C,FAIL
38,15,99,80,58.0,232.0,58.0,C+,FAIL
30,79,33,53,48.75,195.0,48.75,C,FAIL
67,29,84,85,66.25,265.0,66.25,B,FAIL
20,75,98,1,48.5,194.0,48.5,C,FAIL
42,39,97,49,56.75,227.0,56.75,C+,PASS
58,93,84,17,63.0,252.0,63.0,B,FAIL
18,79,59,13,42.25,169.0,42.25,C,FAIL
56,71,92,65,71.0,284.0,71.0,B+,PASS
0,22,77,72,42.75,171.0,42.75,C,FAIL
59,43,46,29,44.25,177.0,44.25,C,FAIL
83,23,40,61,51.75,207.0,51.75,C+,FAIL
13,99,71,1,46.0,184.0,46.0,C,FAIL
25,8,10,15,14.5,58.0,14.5,NG,FAIL
69,24,53,16,40.5,162.0,40.5,C,FAIL
64,72,84,15,58.75,235.0,58.75,C+,FAIL
48,39,80,27,48.5,194.0,48.5,C,FAIL
74,55,70,1,50.0,200.0,50.0,C+,FAIL
70,44,80,14,52.0,208.0,52.0,C+,FAIL
26,79,7,15,31.75,127.0,31.75,NG,FAIL
91,99,72,1,65.75,263.0,65.75,B,FAIL
51,95,14,97,64.25,257.0,64.25,B,FAIL
22,56,24,92,48.5,194.0,48.5,C,FAIL
36,48,2,49,33.75,135.0,33.75,NG,FAIL
27,40,1,2,17.5,70.0,17.5,NG,FAIL
47,79,21,38,46.25,185.0,46.25,C,FAIL
45,67,91,30,58.25,233.0,58.25,C+,FAIL
14,52,10,38,28.5,114.0,28.5,NG,FAIL
66,79,21,17,45.75,183.0,45.75,C,FAIL
40,99,57,0,49.0,196.0,49.0,C,FAIL
21,46,98,3,42.0,168.0,42.0,C,FAIL
37,65,33,23,39.5,158.0,39.5,C,FAIL
35,56,68,60,54.75,219.0,54.75,C+,PASS
41,7,3,18,17.25,69.0,17.25,NG,FAIL
1,13,16,45,18.75,75.0,18.75,NG,FAIL
91,91,29,56,66.75,267.0,66.75,B,FAIL
64,35,86,92,69.25,277.0,69.25,B,PASS
31,2,12,56,25.25,101.0,25.25,NG,FAIL
72,2,31,93,49.5,198.0,49.5,C,FAIL
0,83,59,45,46.75,187.0,46.75,C,FAIL
3,64,73,86,56.5,226.0,56.5,C+,FAIL
50,54,96,75,68.75,275.0,68.75,B,PASS
99,92,73,41,76.25,305.0,76.25,B+,PASS
7,19,40,20,21.5,86.0,21.5,NG,FAIL
12,87,17,36,38.0,152.0,38.0,C,FAIL
66,37,89,2,48.5,194.0,48.5,C,FAIL
91,42,56,19,52.0,208.0,52.0,C+,FAIL
59,78,17,60,53.5,214.0,53.5,C+,FAIL
24,99,13,25,40.25,161.0,40.25,C,FAIL
31,29,54,28,35.5,142.0,35.5,C,FAIL
54,20,36,19,32.25,129.0,32.25,NG,FAIL
70,60,48,80,64.5,258.0,64.5,B,PASS
88,61,56,16,55.25,221.0,55.25,C+,FAIL
99,94,36,41,67.5,270.0,67.5,B,PASS
42,29,47,63,45.25,181.0,45.25,C,FAIL
82,12,58,98,62.5,250.0,62.5,B,FAIL
92,9,61,39,50.25,201.0,50.25,C+,FAIL
30,12,70,17,32.25,129.0,32.25,NG,FAIL
76,95,9,22,50.5,202.0,50.5,C+,FAIL
86,7,13,65,42.75,171.0,42.75,C,FAIL
95,35,21,93,61.0,244.0,61.0,B,FAIL
69,40,7,27,35.75,143.0,35.75,C,FAIL
52,30,82,73,59.25,237.0,59.25,C+,FAIL
99,55,74,43,67.75,271.0,67.75,B,PASS
71,86,37,71,66.25,265.0,66.25,B,PASS
52,49,77,22,50.0,200.0,50.0,C+,FAIL
58,27,32,84,50.25,201.0,50.25,C+,FAIL
68,43,91,57,64.75,259.0,64.75,B,PASS
81,54,91,98,81.0,324.0,81.0,A,PASS
75,31,29,65,50.0,200.0,50.0,C+,FAIL
88,11,84,44,56.75,227.0,56.75,C+,FAIL
81,55,61,55,63.0,252.0,63.0,B,PASS
59,17,15,44,33.75,135.0,33.75,NG,FAIL
64,34,30,10,34.5,138.0,34.5,NG,FAIL
54,96,15,57,55.5,222.0,55.5,C+,FAIL
20,79,68,49,54.0,216.0,54.0,C+,FAIL
30,57,65,8,40.0,160.0,40.0,C,FAIL
61,32,46,98,59.25,237.0,59.25,C+,FAIL
68,41,22,20,37.75,151.0,37.75,C,FAIL
97,1,5,82,46.25,185.0,46.25,C,FAIL
63,2,15,57,34.25,137.0,34.25,NG,FAIL
14,24,21,39,24.5,98.0,24.5,NG,FAIL
73,5,84,91,63.25,253.0,63.25,B,FAIL
18,35,80,54,46.75,187.0,46.75,C,FAIL
17,47,92,94,62.5,250.0,62.5,B,FAIL
59,48,14,46,41.75,167.0,41.75,C,FAIL
41,62,61,26,47.5,190.0,47.5,C,FAIL
51,63,28,45,46.75,187.0,46.75,C,FAIL
70,57,99,40,66.5,266.0,66.5,B,PASS
54,78,68,84,71.0,284.0,71.0,B+,PASS
74,69,39,94,69.0,276.0,69.0,B,PASS
25,96,20,93,58.5,234.0,58.5,C+,FAIL
63,81,15,58,54.25,217.0,54.25,C+,FAIL
78,40,49,22,47.25,189.0,47.25,C,FAIL
78,87,26,69,65.0,260.0,65.0,B,FAIL
69,13,97,75,63.5,254.0,63.5,B,FAIL
94,87,96,63,85.0,340.0,85.0,A,PASS
12,81,79,93,66.25,265.0,66.25,B,FAIL
60,67,34,84,61.25,245.0,61.25,B,FAIL
97,95,53,83,82.0,328.0,82.0,A,PASS
40,74,0,32,36.5,146.0,36.5,C,FAIL
31,58,29,56,43.5,174.0,43.5,C,FAIL
27,92,17,89,56.25,225.0,56.25,C+,FAIL
33,5,21,62,30.25,121.0,30.25,NG,FAIL
31,14,4,0,12.25,49.0,12.25,NG,FAIL
37,28,32,43,35.0,140.0,35.0,C,FAIL
5,27,20,93,36.25,145.0,36.25,C,FAIL
36,70,13,78,49.25,197.0,49.25,C,FAIL
33,23,67,27,37.5,150.0,37.5,C,FAIL
28,64,81,15,47.0,188.0,47.0,C,FAIL
2,28,0,16,11.5,46.0,11.5,NG,FAIL
12,60,74,77,55.75,223.0,55.75,C+,FAIL
95,32,95,40,65.5,262.0,65.5,B,FAIL
97,77,72,30,69.0,276.0,69.0,B,FAIL
52,70,59,49,57.5,230.0,57.5,C+,PASS
41,9,56,39,36.25,145.0,36.25,C,FAIL
81,91,3,67,60.5,242.0,60.5,B,FAIL
43,98,69,11,55.25,221.0,55.25,C+,FAIL
49,29,50,30,39.5,158.0,39.5,C,FAIL
89,49,45,74,64.25,257.0,64.25,B,PASS
68,42,4,54,42.0,168.0,42.0,C,FAIL
30,36,63,16,36.25,145.0,36.25,C,FAIL
16,32,13,23,21.0,84.0,21.0,NG,FAIL
55,84,97,46,70.5,282.0,70.5,B+,PASS
72,79,69,21,60.25,241.0,60.25,B,FAIL
19,2,2,24,11.75,47.0,11.75,NG,FAIL
78,74,87,88,81.75,327.0,81.75,A,PASS
42,35,75,50,50.5,202.0,50.5,C+,PASS
54,16,13,16,24.75,99.0,24.75,NG,FAIL
91,84,0,48,55.75,223.0,55.75,C+,FAIL
1,57,11,20,22.25,89.0,22.25,NG,FAIL
3,97,44,84,57.0,228.0,57.0,C+,FAIL
13,45,84,16,39.5,158.0,39.5,C,FAIL
66,47,32,32,44.25,177.0,44.25,C,FAIL
69,61,19,1,37.5,150.0,37.5,C,FAIL
39,17,32,63,37.75,151.0,37.75,C,FAIL
68,29,8,96,50.25,201.0,50.25,C+,FAIL
11,15,82,94,50.5,202.0,50.5,C+,FAIL
33,58,41,12,36.0,144.0,36.0,C,FAIL
13,28,33,0,18.5,74.0,18.5,NG,FAIL
45,59,87,9,50.0,200.0,50.0,C+,FAIL
36,58,78,77,62.25,249.0,62.25,B,PASS
56,69,14,91,57.5,230.0,57.5,C+,FAIL
63,96,64,24,61.75,247.0,61.75,B,FAIL
50,35,70,12,41.75,167.0,41.75,C,FAIL
31,17,81,55,46.0,184.0,46.0,C,FAIL
39,47,96,91,68.25,273.0,68.25,B,PASS
88,69,23,28,52.0,208.0,52.0,C+,FAIL
47,36,61,87,57.75,231.0,57.75,C+,PASS
75,74,62,38,62.25,249.0,62.25,B,PASS
72,45,30,2,37.25,149.0,37.25,C,FAIL
49,59,93,44,61.25,245.0,61.25,B,PASS
87,5,37,42,42.75,171.0,42.75,C,FAIL
3,96,8,54,40.25,161.0,40.25,C,FAIL
86,17,82,79,66.0,264.0,66.0,B,FAIL
80,57,92,14,60.75,243.0,60.75,B,FAIL
80,70,52,37,59.75,239.0,59.75,C+,PASS
90,32,42,16,45.0,180.0,45.0,C,FAIL
51,47,95,67,65.0,260.0,65.0,B,PASS
13,29,27,37,26.5,106.0,26.5,NG,FAIL
4,76,94,32,51.5,206.0,51.5,C+,FAIL
23,73,12,46,38.5,154.0,38.5,C,FAIL
46,53,68,62,57.25,229.0,57.25,C+,PASS
42,16,21,84,40.75,163.0,40.75,C,FAIL
58,95,64,31,62.0,248.0,62.0,B,FAIL
24,25,58,11,29.5,118.0,29.5,NG,FAIL
41,29,91,21,45.5,182.0,45.5,C,FAIL
59,45,23,76,50.75,203.0,50.75,C+,FAIL
57,46,83,21,51.75,207.0,51.75,C+,FAIL
54,67,94,72,71.75,287.0,71.75,B+,PASS
19,64,93,24,50.0,200.0,50.0,C+,FAIL
95,63,28,57,60.75,243.0,60.75,B,FAIL
15,70,44,47,44.0,176.0,44.0,C,FAIL
40,96,29,5,42.5,170.0,42.5,C,FAIL
42,64,1,58,41.25,165.0,41.25,C,FAIL
76,86,13,86,65.25,261.0,65.25,B,FAIL
2,86,90,32,52.5,210.0,52.5,C+,FAIL
20,50,69,94,58.25,233.0,58.25,C+,FAIL
95,12,41,36,46.0,184.0,46.0,C,FAIL
72,42,30,25,42.25,169.0,42.25,C,FAIL
83,49,74,91,74.25,297.0,74.25,B+,PASS
5,19,51,49,31.0,124.0,31.0,NG,FAIL
97,64,24,34,54.75,219.0,54.75,C+,FAIL
17,30,21,83,37.75,151.0,37.75,C,FAIL
5,79,90,44,54.5,218.0,54.5,C+,FAIL
40,77,31,80,57.0,228.0,57.0,C+,FAIL
50,3,67,40,40.0,160.0,40.0,C,FAIL
29,73,60,44,51.5,206.0,51.5,C+,FAIL
77,13,88,35,53.25,213.0,53.25,C+,FAIL
38,32,23,44,34.25,137.0,34.25,NG,FAIL
33,34,43,52,40.5,162.0,40.5,C,FAIL
39,21,23,49,33.0,132.0,33.0,NG,FAIL
14,34,50,53,37.75,151.0,37.75,C,FAIL
34,94,32,61,55.25,221.0,55.25,C+,FAIL
69,32,31,14,36.5,146.0,36.5,C,FAIL
42,27,66,59,48.5,194.0,48.5,C,FAIL
8,54,4,86,38.0,152.0,38.0,C,FAIL
23,64,82,76,61.25,245.0,61.25,B,FAIL
65,77,45,7,48.5,194.0,48.5,C,FAIL
98,21,32,83,58.5,234.0,58.5,C+,FAIL
14,57,13,84,42.0,168.0,42.0,C,FAIL
35,0,91,42,42.0,168.0,42.0,C,FAIL
7,89,33,77,51.5,206.0,51.5,C+,FAIL
18,79,29,95,55.25,221.0,55.25,C+,FAIL
16,56,59,61,48.0,192.0,48.0,C,FAIL
84,19,17,41,40.25,161.0,40.25,C,FAIL
42,20,1,27,22.5,90.0,22.5,NG,FAIL
73,88,39,61,65.25,261.0,65.25,B,PASS
84,28,81,1,48.5,194.0,48.5,C,FAIL
55,44,63,82,61.0,244.0,61.0,B,PASS
76,19,14,79,47.0,188.0,47.0,C,FAIL
98,89,1,3,47.75,191.0,47.75,C,FAIL
75,30,16,18,34.75,139.0,34.75,NG,FAIL
72,78,91,18,64.75,259.0,64.75,B,FAIL
16,97,0,77,47.5,190.0,47.5,C,FAIL
93,73,38,56,65.0,260.0,65.0,B,PASS
28,55,10,95,47.0,188.0,47.0,C,FAIL
35,91,12,41,44.75,179.0,44.75,C,FAIL
2,91,15,36,36.0,144.0,36.0,C,FAIL
43,67,42,30,45.5,182.0,45.5,C,FAIL
2,13,87,86,47.0,188.0,47.0,C,FAIL
66,18,4,74,40.5,162.0,40.5,C,FAIL
88,21,5,84,49.5,198.0,49.5,C,FAIL
67,42,76,79,66.0,264.0,66.0,B,PASS
81,79,5,90,63.75,255.0,63.75,B,FAIL
25,27,54,41,36.75,147.0,36.75,C,FAIL
29,30,79,37,43.75,175.0,43.75,C,FAIL
72,1,19,54,36.5,146.0,36.5,C,FAIL
84,96,98,73,87.75,351.0,87.75,A,PASS
70,52,51,97,67.5,270.0,67.5,B,PASS
80,97,3,70,62.5,250.0,62.5,B,FAIL
91,52,75,94,78.0,312.0,78.0,B+,PASS
87,96,54,42,69.75,279.0,69.75,B,PASS
99,6,26,27,39.5,158.0,39.5,C,FAIL
75,55,25,43,49.5,198.0,49.5,C,FAIL
31,17,83,60,47.75,191.0,47.75,C,FAIL
15,83,22,60,45.0,180.0,45.0,C,FAIL
89,53,75,19,59.0,236.0,59.0,C+,FAIL
48,94,18,53,53.25,213.0,53.25,C+,FAIL
77,2,24,57,40.0,160.0,40.0,C,FAIL
95,75,14,99,70.75,283.0,70.75,B+,FAIL
23,22,72,98,53.75,215.0,53.75,C+,FAIL
55,85,81,92,78.25,313.0,78.25,B+,PASS
3,25,20,39,21.75,87.0,21.75,NG,FAIL
11,60,54,85,52.5,210.0,52.5,C+,FAIL
73,20,77,87,64.25,257.0,64.25,B,FAIL
96,17,10,89,53.0,212.0,53.0,C+,FAIL
41,12,83,25,40.25,161.0,40.25,C,FAIL
61,56,48,83,62.0,248.0,62.0,B,PASS
88,33,68,46,58.75,235.0,58.75,C+,FAIL
30,75,36,46,46.75,187.0,46.75,C,FAIL
82,63,83,80,77.0,308.0,77.0,B+,PASS
59,5,52,27,35.75,143.0,35.75,C,FAIL
24,32,75,57,47.0,188.0,47.0,C,FAIL
28,24,77,22,37.75,151.0,37.75,C,FAIL
31,31,94,9,41.25,165.0,41.25,C,FAIL
48,74,2,35,39.75,159.0,39.75,C,FAIL
83,25,57,24,47.25,189.0,47.25,C,FAIL
45,83,59,89,69.0,276.0,69.0,B,PASS
47,85,96,44,68.0,272.0,68.0,B,PASS
61,41,77,19,49.5,198.0,49.5,C,FAIL
96,67,79,99,85.25,341.0,85.25,A,PASS
1,44,80,78,50.75,203.0,50.75,C+,FAIL
92,45,27,91,63.75,255.0,63.75,B,FAIL
99,43,84,0,56.5,226.0,56.5,C+,FAIL
4,0,2,64,17.5,70.0,17.5,NG,FAIL
78,73,73,46,67.5,270.0,67.5,B,PASS
55,16,0,0,17.75,71.0,17.75,NG,FAIL
54,69,15,47,46.25,185.0,46.25,C,FAIL
89,27,9,18,35.75,143.0,35.75,C,FAIL
38,73,14,32,39.25,157.0,39.25,C,FAIL
3,15,30,56,26.0,104.0,26.0,NG,FAIL
56,31,71,4,40.5,162.0,40.5,C,FAIL
29,1,81,63,43.5,174.0,43.5,C,FAIL
72,43,27,99,60.25,241.0,60.25,B,FAIL
60,30,95,34,54.75,219.0,54.75,C+,FAIL
46,19,62,23,37.5,150.0,37.5,C,FAIL
70,15,58,32,43.75,175.0,43.75,C,FAIL
99,70,21,22,53.0,212.0,53.0,C+,FAIL
46,5,47,94,48.0,192.0,48.0,C,FAIL
30,95,42,16,45.75,183.0,45.75,C,FAIL
7,40,60,46,38.25,153.0,38.25,C,FAIL
85,67,1,46,49.75,199.0,49.75,C,FAIL
58,31,35,66,47.5,190.0,47.5,C,FAIL
66,30,17,78,47.75,191.0,47.75,C,FAIL
85,85,9,31,52.5,210.0,52.5,C+,FAIL
5,56,21,41,30.75,123.0,30.75,NG,FAIL
39,51,83,39,53.0,212.0,53.0,C+,PASS
55,87,62,87,72.75,291.0,72.75,B+,PASS
72,44,18,71,51.25,205.0,51.25,C+,FAIL
35,4,80,24,35.75,143.0,35.75,C,FAIL
50,78,67,37,58.0,232.0,58.0,C+,PASS
32,66,13,19,32.5,130.0,32.5,NG,FAIL
38,25,65,32,40.0,160.0,40.0,C,FAIL
4,76,92,49,55.25,221.0,55.25,C+,FAIL
86,60,19,29,48.5,194.0,48.5,C,FAIL
78,60,3,71,53.0,212.0,53.0,C+,FAIL
12,30,68,45,38.75,155.0,38.75,C,FAIL
28,20,57,36,35.25,141.0,35.25,C,FAIL
11,99,24,33,41.75,167.0,41.75,C,FAIL
48,9,67,73,49.25,197.0,49.25,C,FAIL
37,47,0,72,39.0,156.0,39.0,C,FAIL
16,76,89,58,59.75,239.0,59.75,C+,FAIL
0,50,20,81,37.75,151.0,37.75,C,FAIL
54,39,57,46,49.0,196.0,49.0,C,PASS
35,56,4,23,29.5,118.0,29.5,NG,FAIL
65,71,9,42,46.75,187.0,46.75,C,FAIL
35,29,23,65,38.0,152.0,38.0,C,FAIL
41,47,7,73,42.0,168.0,42.0,C,FAIL
3,84,90,31,52.0,208.0,52.0,C+,FAIL
69,45,50,39,50.75,203.0,50.75,C+,PASS
96,65,66,83,77.5,310.0,77.5,B+,PASS
65,34,8,24,32.75,131.0,32.75,NG,FAIL
94,17,64,21,49.0,196.0,49.0,C,FAIL
92,36,23,50,50.25,201.0,50.25,C+,FAIL
48,11,83,29,42.75,171.0,42.75,C,FAIL
91,78,22,88,69.75,279.0,69.75,B,FAIL
77,81,37,12,51.75,207.0,51.75,C+,FAIL
38,58,74,48,54.5,218.0,54.5,C+,PASS
11,59,48,98,54.0,216.0,54.0,C+,FAIL
81,49,24,90,61.0,244.0,61.0,B,FAIL
4,45,52,49,37.5,150.0,37.5,C,FAIL
0,7,36,49,23.0,92.0,23.0,NG,FAIL
62,6,99,73,60.0,240.0,60.0,B,FAIL
88,81,1,39,52.25,209.0,52.25,C+,FAIL
72,95,50,48,66.25,265.0,66.25,B,PASS
56,32,87,3,44.5,178.0,44.5,C,FAIL
8,96,11,13,32.0,128.0,32.0,NG,FAIL
84,43,95,5,56.75,227.0,56.75,C+,FAIL
85,52,10,7,38.5,154.0,38.5,C,FAIL
34,96,76,95,75.25,301.0,75.25,B+,FAIL
19,65,14,61,39.75,159.0,39.75,C,FAIL
73,85,37,9,51.0,204.0,51.0,C+,FAIL
17,69,40,54,45.0,180.0,45.0,C,FAIL
73,86,28,16,50.75,203.0,50.75,C+,FAIL
82,71,41,24,54.5,218.0,54.5,C+,FAIL
26,44,0,26,24.0,96.0,24.0,NG,FAIL
28,72,32,8,35.0,140.0,35.0,C,FAIL
23,71,23,1,29.5,118.0,29.5,NG,FAIL
7,14,98,84,50.75,203.0,50.75,C+,FAIL
44,70,48,16,44.5,178.0,44.5,C,FAIL
91,81,7,95,68.5,274.0,68.5,B,FAIL
95,96,14,27,58.0,232.0,58.0,C+,FAIL
5,19,10,25,14.75,59.0,14.75,NG,FAIL
36,94,53,32,53.75,215.0,53.75,C+,FAIL
29,19,74,5,31.75,127.0,31.75,NG,FAIL
7,28,11,97,35.75,143.0,35.75,C,FAIL
53,63,31,22,42.25,169.0,42.25,C,FAIL
22,72,79,27,50.0,200.0,50.0,C+,FAIL
91,44,93,84,78.0,312.0,78.0,B+,PASS
15,29,33,74,37.75,151.0,37.75,C,FAIL
44,26,17,26,28.25,113.0,28.25,NG,FAIL
93,91,4,79,66.75,267.0,66.75,B,FAIL
62,42,42,27,43.25,173.0,43.25,C,FAIL
71,0,27,92,47.5,190.0,47.5,C,FAIL
75,15,64,64,54.5,218.0,54.5,C+,FAIL
78,58,97,30,65.75,263.0,65.75,B,FAIL
63,95,39,7,51.0,204.0,51.0,C+,FAIL
35,48,26,90,49.75,199.0,49.75,C,FAIL
30,64,24,48,41.5,166.0,41.5,C,FAIL
47,76,31,95,62.25,249.0,62.25,B,FAIL
4,68,8,18,24.5,98.0,24.5,NG,FAIL
86,4,66,81,59.25,237.0,59.25,C+,FAIL
32,96,35,13,44.0,176.0,44.0,C,FAIL
78,63,53,29,55.75,223.0,55.75,C+,FAIL
61,31,56,89,59.25,237.0,59.25,C+,FAIL
87,62,84,20,63.25,253.0,63.25,B,FAIL
6,21,82,10,29.75,119.0,29.75,NG,FAIL
88,43,96,19,61.5,246.0,61.5,B,FAIL
31,54,3,30,29.5,118.0,29.5,NG,FAIL
98,95,57,25,68.75,275.0,68.75,B,FAIL
87,79,41,93,75.0,300.0,75.0,B+,PASS
24,40,50,96,52.5,210.0,52.5,C+,FAIL
30,94,41,23,47.0,188.0,47.0,C,FAIL
27,53,38,99,54.25,217.0,54.25,C+,FAIL
45,98,28,30,50.25,201.0,50.25,C+,FAIL
65,45,40,13,40.75,163.0,40.75,C,FAIL
8,48,98,48,50.5,202.0,50.5,C+,FAIL
39,61,33,73,51.5,206.0,51.5,C+,FAIL
78,78,28,47,57.75,231.0,57.75,C+,FAIL
26,71,84,0,45.25,181.0,45.25,C,FAIL
78,83,64,24,62.25,249.0,62.25,B,FAIL
85,80,5,92,65.5,262.0,65.5,B,FAIL
37,35,67,45,46.0,184.0,46.0,C,PASS
76,8,43,42,42.25,169.0,42.25,C,FAIL
37,30,64,75,51.5,206.0,51.5,C+,FAIL
45,10,68,68,47.75,191.0,47.75,C,FAIL
69,75,11,72,56.75,227.0,56.75,C+,FAIL
54,23,21,14,28.0,112.0,28.0,NG,FAIL
37,68,94,98,74.25,297.0,74.25,B+,PASS
13,65,67,68,53.25,213.0,53.25,C+,FAIL
86,17,1,97,50.25,201.0,50.25,C+,FAIL
27,94,10,0,32.75,131.0,32.75,NG,FAIL
98,83,84,41,76.5,306.0,76.5,B+,PASS
27,66,60,78,57.75,231.0,57.75,C+,FAIL
14,45,58,12,32.25,129.0,32.25,NG,FAIL
10,0,25,34,17.25,69.0,17.25,NG,FAIL
76,59,69,7,52.75,211.0,52.75,C+,FAIL
24,61,33,41,39.75,159.0,39.75,C,FAIL
34,38,69,32,43.25,173.0,43.25,C,FAIL
18,95,8,74,48.75,195.0,48.75,C,FAIL
47,89,3,53,48.0,192.0,48.0,C,FAIL
50,82,7,60,49.75,199.0,49.75,C,FAIL
52,98,52,99,75.25,301.0,75.25,B+,PASS
17,74,41,36,42.0,168.0,42.0,C,FAIL
37,58,33,29,39.25,157.0,39.25,C,FAIL
49,37,97,36,54.75,219.0,54.75,C+,PASS
47,94,11,86,59.5,238.0,59.5,C+,FAIL
1,22,63,29,28.75,115.0,28.75,NG,FAIL
2,10,14,40,16.5,66.0,16.5,NG,FAIL
95,79,49,6,57.25,229.0,57.25,C+,FAIL
80,80,79,77,79.0,316.0,79.0,B+,PASS
18,48,51,51,42.0,168.0,42.0,C,FAIL
82,94,64,74,78.5,314.0,78.5,B+,PASS
9,76,31,54,42.5,170.0,42.5,C,FAIL
45,8,26,20,24.75,99.0,24.75,NG,FAIL
64,90,59,5,54.5,218.0,54.5,C+,FAIL
54,28,98,93,68.25,273.0,68.25,B,FAIL
51,99,42,36,57.0,228.0,57.0,C+,PASS
3,39,40,83,41.25,165.0,41.25,C,FAIL
82,79,80,84,81.25,325.0,81.25,A,PASS
23,12,20,67,30.5,122.0,30.5,NG,FAIL
78,17,33,34,40.5,162.0,40.5,C,FAIL
98,0,68,0,41.5,166.0,41.5,C,FAIL
72,97,29,79,69.25,277.0,69.25,B,FAIL
39,40,66,24,42.25,169.0,42.25,C,FAIL
99,28,0,6,33.25,133.0,33.25,NG,FAIL
9,4,18,34,16.25,65.0,16.25,NG,FAIL
19,9,97,40,41.25,165.0,41.25,C,FAIL
95,6,11,40,38.0,152.0,38.0,C,FAIL
73,39,58,88,64.5,258.0,64.5,B,PASS
96,90,64,29,69.75,279.0,69.75,B,FAIL
12,32,35,59,34.5,138.0,34.5,NG,FAIL
35,2,34,24,23.75,95.0,23.75,NG,FAIL
3,40,91,59,48.25,193.0,48.25,C,FAIL
34,91,95,61,70.25,281.0,70.25,B+,FAIL
64,41,75,0,45.0,180.0,45.0,C,FAIL
58,49,22,82,52.75,211.0,52.75,C+,FAIL
38,31,9,65,35.75,143.0,35.75,C,FAIL
84,42,72,2,50.0,200.0,50.0,C+,FAIL
90,38,80,77,71.25,285.0,71.25,B+,PASS
80,86,85,6,64.25,257.0,64.25,B,FAIL
78,96,84,83,85.25,341.0,85.25,A,PASS
20,75,23,72,47.5,190.0,47.5,C,FAIL
20,12,77,24,33.25,133.0,33.25,NG,FAIL
62,61,67,72,65.5,262.0,65.5,B,PASS
52,34,56,8,37.5,150.0,37.5,C,FAIL
0,93,81,36,52.5,210.0,52.5,C+,FAIL
60,41,75,37,53.25,213.0,53.25,C+,PASS
66,63,94,96,79.75,319.0,79.75,B+,PASS
68,1,97,50,54.0,216.0,54.0,C+,FAIL
61,75,76,62,68.5,274.0,68.5,B,PASS
1,53,74,99,56.75,227.0,56.75,C+,FAIL
27,1,4,95,31.75,127.0,31.75,NG,FAIL
84,89,26,77,69.0,276.0,69.0,B,FAIL
87,98,65,85,83.75,335.0,83.75,A,PASS
36,54,88,18,49.0,196.0,49.0,C,FAIL
92,91,23,15,55.25,221.0,55.25,C+,FAIL
25,76,42,59,50.5,202.0,50.5,C+,FAIL
5,30,32,59,31.5,126.0,31.5,NG,FAIL
18,66,17,94,48.75,195.0,48.75,C,FAIL
96,59,90,37,70.5,282.0,70.5,B+,PASS
81,60,53,35,57.25,229.0,57.25,C+,PASS
51,37,66,49,50.75,203.0,50.75,C+,PASS
19,46,62,80,51.75,207.0,51.75,C+,FAIL
17,38,86,74,53.75,215.0,53.75,C+,FAIL
95,35,32,17,44.75,179.0,44.75,C,FAIL
15,16,86,78,48.75,195.0,48.75,C,FAIL
23,54,74,19,42.5,170.0,42.5,C,FAIL
19,59,21,10,27.25,109.0,27.25,NG,FAIL
37,15,11,57,30.0,120.0,30.0,NG,FAIL
0,88,20,68,44.0,176.0,44.0,C,FAIL
10,72,86,24,48.0,192.0,48.0,C,FAIL
1,29,60,83,43.25,173.0,43.25,C,FAIL
38,60,14,84,49.0,196.0,49.0,C,FAIL
89,42,7,69,51.75,207.0,51.75,C+,FAIL
46,38,42,89,53.75,215.0,53.75,C+,PASS
44,60,70,91,66.25,265.0,66.25,B,PASS
46,71,93,96,76.5,306.0,76.5,B+,PASS
33,64,74,69,60.0,240.0,60.0,B,FAIL
81,5,63,81,57.5,230.0,57.5,C+,FAIL
2,95,54,20,42.75,171.0,42.75,C,FAIL
17,63,15,64,39.75,159.0,39.75,C,FAIL
92,51,88,7,59.5,238.0,59.5,C+,FAIL
38,49,20,73,45.0,180.0,45.0,C,FAIL
0,81,77,30,47.0,188.0,47.0,C,FAIL
45,43,61,25,43.5,174.0,43.5,C,FAIL
83,2,76,10,42.75,171.0,42.75,C,FAIL
96,58,54,26,58.5,234.0,58.5,C+,FAIL
83,45,60,32,55.0,220.0,55.0,C+,FAIL
62,69,11,85,56.75,227.0,56.75,C+,FAIL
88,51,16,91,61.5,246.0,61.5,B,FAIL
91,50,34,30,51.25,205.0,51.25,C+,FAIL
65,81,40,29,53.75,215.0,53.75,C+,FAIL
79,70,50,23,55.5,222.0,55.5,C+,FAIL
50,1,97,92,60.0,240.0,60.0,B,FAIL
4,91,59,39,48.25,193.0,48.25,C,FAIL
60,5,74,38,44.25,177.0,44.25,C,FAIL
13,13,45,45,29.0,116.0,29.0,NG,FAIL
96,85,95,42,79.5,318.0,79.5,B+,PASS
47,23,54,32,39.0,156.0,39.0,C,FAIL
41,14,49,98,50.5,202.0,50.5,C+,FAIL
17,78,89,64,62.0,248.0,62.0,B,FAIL
44,99,71,75,72.25,289.0,72.25,B+,PASS
97,38,21,1,39.25,157.0,39.25,C,FAIL
11,43,78,85,54.25,217.0,54.25,C+,FAIL
53,47,49,49,49.5,198.0,49.5,C,PASS
17,76,29,40,40.5,162.0,40.5,C,FAIL
2,45,61,57,41.25,165.0,41.25,C,FAIL
73,62,59,1,48.75,195.0,48.75,C,FAIL
52,49,98,21,55.0,220.0,55.0,C+,FAIL
97,88,62,67,78.5,314.0,78.5,B+,PASS
23,11,27,75,34.0,136.0,34.0,NG,FAIL
95,45,28,94,65.5,262.0,65.5,B,FAIL
79,83,80,67,77.25,309.0,77.25,B+,PASS
26,58,67,27,44.5,178.0,44.5,C,FAIL
93,45,49,64,62.75,251.0,62.75,B,PASS
11,89,44,89,58.25,233.0,58.25,C+,FAIL
98,91,37,84,77.5,310.0,77.5,B+,PASS
94,46,38,84,65.5,262.0,65.5,B,PASS
9,24,75,44,38.0,152.0,38.0,C,FAIL
88,58,84,59,72.25,289.0,72.25,B+,PASS
62,73,57,75,66.75,267.0,66.75,B,PASS
78,47,63,60,62.0,248.0,62.0,B,PASS
65,39,9,8,30.25,121.0,30.25,NG,FAIL
42,77,84,3,51.5,206.0,51.5,C+,FAIL
97,48,15,31,47.75,191.0,47.75,C,FAIL
59,67,39,35,50.0,200.0,50.0,C+,PASS
58,78,66,8,52.5,210.0,52.5,C+,FAIL
53,94,10,43,50.0,200.0,50.0,C+,FAIL
74,90,47,99,77.5,310.0,77.5,B+,PASS
8,63,21,59,37.75,151.0,37.75,C,FAIL
7,68,40,34,37.25,149.0,37.25,C,FAIL
16,66,89,22,48.25,193.0,48.25,C,FAIL
12,8,69,62,37.75,151.0,37.75,C,FAIL
95,68,70,29,65.5,262.0,65.5,B,FAIL
10,13,44,63,32.5,130.0,32.5,NG,FAIL
5,47,19,24,23.75,95.0,23.75,NG,FAIL
16,18,8,65,26.75,107.0,26.75,NG,FAIL
45,64,7,60,44.0,176.0,44.0,C,FAIL
66,53,8,76,50.75,203.0,50.75,C+,FAIL
40,14,87,1,35.5,142.0,35.5,C,FAIL
12,61,36,84,48.25,193.0,48.25,C,FAIL
67,42,93,63,66.25,265.0,66.25,B,PASS
52,77,28,78,58.75,235.0,58.75,C+,FAIL
83,68,86,77,78.5,314.0,78.5,B+,PASS
25,65,15,75,45.0,180.0,45.0,C,FAIL
94,8,83,40,56.25,225.0,56.25,C+,FAIL
19,69,3,45,34.0,136.0,34.0,NG,FAIL
21,33,11,44,27.25,109.0,27.25,NG,FAIL
89,48,56,74,66.75,267.0,66.75,B,PASS
39,89,9,29,41.5,166.0,41.5,C,FAIL
20,6,40,96,40.5,162.0,40.5,C,FAIL
89,46,28,28,47.75,191.0,47.75,C,FAIL
7,20,65,58,37.5,150.0,37.5,C,FAIL
91,9,63,1,41.0,164.0,41.0,C,FAIL
93,87,35,46,65.25,261.0,65.25,B,PASS
6,32,27,64,32.25,129.0,32.25,NG,FAIL
15,26,14,79,33.5,134.0,33.5,NG,FAIL
34,34,20,74,40.5,162.0,40.5,C,FAIL
75,71,94,45,71.25,285.0,71.25,B+,PASS
9,87,27,59,45.5,182.0,45.5,C,FAIL
33,31,66,29,39.75,159.0,39.75,C,FAIL
18,65,64,1,37.0,148.0,37.0,C,FAIL
77,38,61,93,67.25,269.0,67.25,B,PASS
26,24,36,72,39.5,158.0,39.5,C,FAIL
39,43,6,24,28.0,112.0,28.0,NG,FAIL
47,75,19,9,37.5,150.0,37.5,C,FAIL
32,50,27,61,42.5,170.0,42.5,C,FAIL
17,48,26,61,38.0,152.0,38.0,C,FAIL
94,27,2,22,36.25,145.0,36.25,C,FAIL
78,80,28,56,60.5,242.0,60.5,B,FAIL
34,44,83,49,52.5,210.0,52.5,C+,FAIL
25,3,84,99,52.75,211.0,52.75,C+,FAIL
31,6,1,96,33.5,134.0,33.5,NG,FAIL
6,67,16,20,27.25,109.0,27.25,NG,FAIL
0,56,88,65,52.25,209.0,52.25,C+,FAIL
18,45,7,18,22.0,88.0,22.0,NG,FAIL
5,29,67,26,31.75,127.0,31.75,NG,FAIL
50,80,88,60,69.5,278.0,69.5,B,PASS
27,6,7,12,13.0,52.0,13.0,NG,FAIL
42,98,56,64,65.0,260.0,65.0,B,PASS
8,37,56,2,25.75,103.0,25.75,NG,FAIL
14,83,48,20,41.25,165.0,41.25,C,FAIL
74,4,15,4,24.25,97.0,24.25,NG,FAIL
17,73,59,29,44.5,178.0,44.5,C,FAIL
46,98,65,37,61.5,246.0,61.5,B,PASS
26,76,54,26,45.5,182.0,45.5,C,FAIL
68,69,60,30,56.75,227.0,56.75,C+,FAIL
61,8,36,15,30.0,120.0,30.0,NG,FAIL
38,19,58,53,42.0,168.0,42.0,C,FAIL
32,57,90,10,47.25,189.0,47.25,C,FAIL
80,2,34,27,35.75,143.0,35.75,C,FAIL
92,63,89,99,85.75,343.0,85.75,A,PASS
69,27,52,21,42.25,169.0,42.25,C,FAIL
61,53,18,69,50.25,201.0,50.25,C+,FAIL
21,19,35,82,39.25,157.0,39.25,C,FAIL
9,24,32,61,31.5,126.0,31.5,NG,FAIL
99,52,39,82,68.0,272.0,68.0,B,PASS
80,82,3,46,52.75,211.0,52.75,C+,FAIL
90,12,40,86,57.0,228.0,57.0,C+,FAIL
11,70,3,26,27.5,110.0,27.5,NG,FAIL
26,70,49,93,59.5,238.0,59.5,C+,FAIL
24,51,58,4,34.25,137.0,34.25,NG,FAIL
45,7,28,57,34.25,137.0,34.25,NG,FAIL
48,87,93,7,58.75,235.0,58.75,C+,FAIL
75,38,15,68,49.0,196.0,49.0,C,FAIL
19,44,57,90,52.5,210.0,52.5,C+,FAIL
81,30,95,29,58.75,235.0,58.75,C+,FAIL
6,8,81,45,35.0,140.0,35.0,C,FAIL
81,94,84,65,81.0,324.0,81.0,A,PASS
58,84,1,36,44.75,179.0,44.75,C,FAIL
0,36,8,74,29.5,118.0,29.5,NG,FAIL
75,68,16,8,41.75,167.0,41.75,C,FAIL
84,65,65,91,76.25,305.0,76.25,B+,PASS
90,22,1,13,31.5,126.0,31.5,NG,FAIL
5,3,73,35,29.0,116.0,29.0,NG,FAIL
4,7,92,47,37.5,150.0,37.5,C,FAIL
64,95,84,28,67.75,271.0,67.75,B,FAIL
27,60,6,21,28.5,114.0,28.5,NG,FAIL
71,15,76,62,56.0,224.0,56.0,C+,FAIL
59,46,7,55,41.75,167.0,41.75,C,FAIL
49,20,8,52,32.25,129.0,32.25,NG,FAIL
72,92,50,4,54.5,218.0,54.5,C+,FAIL
63,1,64,51,44.75,179.0,44.75,C,FAIL
30,5,84,15,33.5,134.0,33.5,NG,FAIL
38,88,22,46,48.5,194.0,48.5,C,FAIL
75,17,94,52,59.5,238.0,59.5,C+,FAIL
57,24,36,93,52.5,210.0,52.5,C+,FAIL
81,28,95,94,74.5,298.0,74.5,B+,FAIL
39,36,9,13,24.25,97.0,24.25,NG,FAIL
41,2,38,88,42.25,169.0,42.25,C,FAIL
61,49,15,66,47.75,191.0,47.75,C,FAIL
59,53,51,78,60.25,241.0,60.25,B,PASS
11,60,3,12,21.5,86.0,21.5,NG,FAIL
85,8,32,79,51.0,204.0,51.0,C+,FAIL
73,75,19,92,64.75,259.0,64.75,B,FAIL
16,56,80,26,44.5,178.0,44.5,C,FAIL
15,49,40,73,44.25,177.0,44.25,C,FAIL
27,15,75,42,39.75,159.0,39.75,C,FAIL
7,46,20,47,30.0,120.0,30.0,NG,FAIL
63,39,75,29,51.5,206.0,51.5,C+,FAIL
44,85,68,72,67.25,269.0,67.25,B,PASS
9,1,27,72,27.25,109.0,27.25,NG,FAIL
42,72,60,23,49.25,197.0,49.25,C,FAIL
1,4,88,30,30.75,123.0,30.75,NG,FAIL
90,99,33,66,72.0,288.0,72.0,B+,FAIL
93,82,29,51,63.75,255.0,63.75,B,FAIL
70,73,95,9,61.75,247.0,61.75,B,FAIL
51,99,70,12,58.0,232.0,58.0,C+,FAIL
94,13,39,59,51.25,205.0,51.25,C+,FAIL
25,94,36,73,57.0,228.0,57.0,C+,FAIL
30,15,26,44,28.75,115.0,28.75,NG,FAIL
31,1,24,35,22.75,91.0,22.75,NG,FAIL
52,49,63,16,45.0,180.0,45.0,C,FAIL
46,54,48,97,61.25,245.0,61.25,B,PASS
6,46,42,91,46.25,185.0,46.25,C,FAIL
28,16,98,7,37.25,149.0,37.25,C,FAIL
87,29,54,93,65.75,263.0,65.75,B,FAIL
37,0,91,62,47.5,190.0,47.5,C,FAIL
74,0,55,50,44.75,179.0,44.75,C,FAIL
76,16,6,88,46.5,186.0,46.5,C,FAIL
54,0,64,15,33.25,133.0,33.25,NG,FAIL
46,46,91,19,50.5,202.0,50.5,C+,FAIL
50,99,10,64,55.75,223.0,55.75,C+,FAIL
81,9,54,24,42.0,168.0,42.0,C,FAIL
0,51,46,52,37.25,149.0,37.25,C,FAIL
53,51,54,21,44.75,179.0,44.75,C,FAIL
98,16,77,48,59.75,239.0,59.75,C+,FAIL
49,24,85,40,49.5,198.0,49.5,C,FAIL
61,1,14,48,31.0,124.0,31.0,NG,FAIL
79,70,21,94,66.0,264.0,66.0,B,FAIL
95,85,19,35,58.5,234.0,58.5,C+,FAIL
85,33,51,57,56.5,226.0,56.5,C+,FAIL
97,5,20,73,48.75,195.0,48.75,C,FAIL
58,0,8,39,26.25,105.0,26.25,NG,FAIL
42,28,24,56,37.5,150.0,37.5,C,FAIL
79,88,99,31,74.25,297.0,74.25,B+,FAIL
42,29,41,80,48.0,192.0,48.0,C,FAIL
65,75,58,29,56.75,227.0,56.75,C+,FAIL
33,23,59,85,50.0,200.0,50.0,C+,FAIL
21,40,27,75,40.75,163.0,40.75,C,FAIL
63,63,63,98,71.75,287.0,71.75,B+,PASS
45,72,96,51,66.0,264.0,66.0,B,PASS
79,16,74,18,46.75,187.0,46.75,C,FAIL
5,78,36,15,33.5,134.0,33.5,NG,FAIL
57,69,67,79,68.0,272.0,68.0,B,PASS
98,64,4,14,45.0,180.0,45.0,C,FAIL
12,61,92,84,62.25,249.0,62.25,B,FAIL
35,86,21,20,40.5,162.0,40.5,C,FAIL
50,52,35,18,38.75,155.0,38.75,C,FAIL
81,19,61,15,44.0,176.0,44.0,C,FAIL
48,85,79,64,69.0,276.0,69.0,B,PASS
54,3,74,59,47.5,190.0,47.5,C,FAIL
52,43,76,92,65.75,263.0,65.75,B,PASS
90,25,41,92,62.0,248.0,62.0,B,FAIL
13,29,10,79,32.75,131.0,32.75,NG,FAIL
21,84,89,50,61.0,244.0,61.0,B,FAIL
93,69,65,36,65.75,263.0,65.75,B,PASS
65,29,68,24,46.5,186.0,46.5,C,FAIL
77,91,60,9,59.25,237.0,59.25,C+,FAIL
5,26,91,28,37.5,150.0,37.5,C,FAIL
28,50,17,63,39.5,158.0,39.5,C,FAIL
1,75,9,70,38.75,155.0,38.75,C,FAIL
89,30,24,89,58.0,232.0,58.0,C+,FAIL
76,15,58,85,58.5,234.0,58.5,C+,FAIL
92,72,26,20,52.5,210.0,52.5,C+,FAIL
88,47,71,37,60.75,243.0,60.75,B,PASS
92,59,61,5,54.25,217.0,54.25,C+,FAIL
80,73,17,88,64.5,258.0,64.5,B,FAIL
57,4,79,94,58.5,234.0,58.5,C+,FAIL
50,76,37,57,55.0,220.0,55.0,C+,PASS
20,61,71,5,39.25,157.0,39.25,C,FAIL
89,91,72,65,79.25,317.0,79.25,B+,PASS
23,62,14,88,46.75,187.0,46.75,C,FAIL
16,23,55,33,31.75,127.0,31.75,NG,FAIL
42,17,96,49,51.0,204.0,51.0,C+,FAIL
18,5,62,52,34.25,137.0,34.25,NG,FAIL
29,0,68,34,32.75,131.0,32.75,NG,FAIL
9,6,67,39,30.25,121.0,30.25,NG,FAIL
54,55,6,76,47.75,191.0,47.75,C,FAIL
18,55,1,26,25.0,100.0,25.0,NG,FAIL
82,22,83,3,47.5,190.0,47.5,C,FAIL
64,32,66,81,60.75,243.0,60.75,B,FAIL
33,52,77,72,58.5,234.0,58.5,C+,FAIL
97,25,38,62,55.5,222.0,55.5,C+,FAIL
95,54,70,13,58.0,232.0,58.0,C+,FAIL
26,42,92,76,59.0,236.0,59.0,C+,FAIL
65,62,36,84,61.75,247.0,61.75,B,PASS
17,89,14,27,36.75,147.0,36.75,C,FAIL
55,67,18,9,37.25,149.0,37.25,C,FAIL
71,88,1,2,40.5,162.0,40.5,C,FAIL
25,87,51,74,59.25,237.0,59.25,C+,FAIL
37,15,15,79,36.5,146.0,36.5,C,FAIL
74,32,19,66,47.75,191.0,47.75,C,FAIL
51,64,12,55,45.5,182.0,45.5,C,FAIL
85,34,87,15,55.25,221.0,55.25,C+,FAIL
29,17,60,80,46.5,186.0,46.5,C,FAIL
49,82,90,18,59.75,239.0,59.75,C+,FAIL
15,58,25,26,31.0,124.0,31.0,NG,FAIL
73,39,85,50,61.75,247.0,61.75,B,PASS
28,7,89,84,52.0,208.0,52.0,C+,FAIL
54,4,39,79,44.0,176.0,44.0,C,FAIL
91,41,64,26,55.5,222.0,55.5,C+,FAIL
3,89,56,63,52.75,211.0,52.75,C+,FAIL
47,62,6,78,48.25,193.0,48.25,C,FAIL
0,75,10,21,26.5,106.0,26.5,NG,FAIL
79,32,58,11,45.0,180.0,45.0,C,FAIL
64,51,78,54,61.75,247.0,61.75,B,PASS
2,98,15,51,41.5,166.0,41.5,C,FAIL
3,4,51,52,27.5,110.0,27.5,NG,FAIL
69,76,57,95,74.25,297.0,74.25,B+,PASS
96,28,93,86,75.75,303.0,75.75,B+,FAIL
14,52,16,80,40.5,162.0,40.5,C,FAIL
34,76,97,30,59.25,237.0,59.25,C+,FAIL
18,51,79,57,51.25,205.0,51.25,C+,FAIL
87,16,92,95,72.5,290.0,72.5,B+,FAIL
47,18,10,29,26.0,104.0,26.0,NG,FAIL
73,37,31,81,55.5,222.0,55.5,C+,FAIL
66,28,16,54,41.0,164.0,41.0,C,FAIL
42,45,36,82,51.25,205.0,51.25,C+,PASS
47,7,92,10,39.0,156.0,39.0,C,FAIL
78,95,90,31,73.5,294.0,73.5,B+,FAIL
6,65,39,37,36.75,147.0,36.75,C,FAIL
92,82,99,71,86.0,344.0,86.0,A,PASS
32,93,26,66,54.25,217.0,54.25,C+,FAIL
80,7,30,86,50.75,203.0,50.75,C+,FAIL
50,35,16,80,45.25,181.0,45.25,C,FAIL
67,95,72,58,73.0,292.0,73.0,B+,PASS
66,5,30,6,26.75,107.0,26.75,NG,FAIL
80,56,77,38,62.75,251.0,62.75,B,PASS
14,81,99,40,58.5,234.0,58.5,C+,FAIL
61,19,9,83,43.0,172.0,43.0,C,FAIL
37,39,50,61,46.75,187.0,46.75,C,PASS
4,98,11,15,32.0,128.0,32.0,NG,FAIL
6,42,5,12,16.25,65.0,16.25,NG,FAIL
94,26,22,84,56.5,226.0,56.5,C+,FAIL
53,72,57,60,60.5,242.0,60.5,B,PASS
89,25,44,94,63.0,252.0,63.0,B,FAIL
68,88,74,62,73.0,292.0,73.0,B+,PASS
95,34,25,46,50.0,200.0,50.0,C+,FAIL
76,80,91,6,63.25,253.0,63.25,B,FAIL
57,71,39,61,57.0,228.0,57.0,C+,PASS
92,80,77,39,72.0,288.0,72.0,B+,PASS
87,20,2,89,49.5,198.0,49.5,C,FAIL
86,11,58,45,50.0,200.0,50.0,C+,FAIL
64,41,44,75,56.0,224.0,56.0,C+,PASS
92,7,73,10,45.5,182.0,45.5,C,FAIL
65,91,24,82,65.5,262.0,65.5,B,FAIL
20,30,9,74,33.25,133.0,33.25,NG,FAIL
10,7,37,9,15.75,63.0,15.75,NG,FAIL
35,73,75,68,62.75,251.0,62.75,B,PASS
53,78,42,39,53.0,212.0,53.0,C+,PASS
76,0,50,84,52.5,210.0,52.5,C+,FAIL
10,74,4,39,31.75,127.0,31.75,NG,FAIL
37,43,48,88,54.0,216.0,54.0,C+,PASS
51,18,6,65,35.0,140.0,35.0,C,FAIL
6,68,79,77,57.5,230.0,57.5,C+,FAIL
3,18,25,63,27.25,109.0,27.25,NG,FAIL
55,12,5,57,32.25,129.0,32.25,NG,FAIL
74,66,81,29,62.5,250.0,62.5,B,FAIL
52,56,11,91,52.5,210.0,52.5,C+,FAIL
69,16,10,33,32.0,128.0,32.0,NG,FAIL
23,41,61,94,54.75,219.0,54.75,C+,FAIL
15,54,29,63,40.25,161.0,40.25,C,FAIL
97,99,82,3,70.25,281.0,70.25,B+,FAIL
14,27,50,22,28.25,113.0,28.25,NG,FAIL
35,26,92,12,41.25,165.0,41.25,C,FAIL
80,45,49,14,47.0,188.0,47.0,C,FAIL
11,25,93,66,48.75,195.0,48.75,C,FAIL
79,32,67,33,52.75,211.0,52.75,C+,FAIL
84,29,11,62,46.5,186.0,46.5,C,FAIL
36,48,54,47,46.25,185.0,46.25,C,PASS
80,26,65,5,44.0,176.0,44.0,C,FAIL
39,35,41,95,52.5,210.0,52.5,C+,PASS
8,1,28,47,21.0,84.0,21.0,NG,FAIL
71,38,71,44,56.0,224.0,56.0,C+,PASS
81,80,86,96,85.75,343.0,85.75,A,PASS
96,73,73,90,83.0,332.0,83.0,A,PASS
24,37,98,12,42.75,171.0,42.75,C,FAIL
62,17,80,59,54.5,218.0,54.5,C+,FAIL
13,36,79,8,34.0,136.0,34.0,NG,FAIL
24,76,24,7,32.75,131.0,32.75,NG,FAIL
69,18,24,33,36.0,144.0,36.0,C,FAIL
41,39,9,73,40.5,162.0,40.5,C,FAIL
38,21,44,15,29.5,118.0,29.5,NG,FAIL
60,80,35,21,49.0,196.0,49.0,C,FAIL
96,97,8,18,54.75,219.0,54.75,C+,FAIL
76,56,51,59,60.5,242.0,60.5,B,PASS
34,88,5,76,50.75,203.0,50.75,C+,FAIL
30,13,36,66,36.25,145.0,36.25,C,FAIL
22,37,63,19,35.25,141.0,35.25,C,FAIL
48,99,95,36,69.5,278.0,69.5,B,PASS
43,77,8,23,37.75,151.0,37.75,C,FAIL
79,27,18,65,47.25,189.0,47.25,C,FAIL
72,21,54,76,55.75,223.0,55.75,C+,FAIL
7,78,59,6,37.5,150.0,37.5,C,FAIL
75,71,70,36,63.0,252.0,63.0,B,PASS
2,73,74,34,45.75,183.0,45.75,C,FAIL
44,77,77,23,55.25,221.0,55.25,C+,FAIL
44,94,78,82,74.5,298.0,74.5,B+,PASS
24,54,86,72,59.0,236.0,59.0,C+,FAIL
31,24,55,60,42.5,170.0,42.5,C,FAIL
44,99,82,28,63.25,253.0,63.25,B,FAIL
65,86,53,37,60.25,241.0,60.25,B,PASS
11,21,80,90,50.5,202.0,50.5,C+,FAIL
94,58,48,7,51.75,207.0,51.75,C+,FAIL
24,88,22,88,55.5,222.0,55.5,C+,FAIL
45,54,40,6,36.25,145.0,36.25,C,FAIL
19,68,86,9,45.5,182.0,45.5,C,FAIL
46,18,71,99,58.5,234.0,58.5,C+,FAIL
10,84,84,44,55.5,222.0,55.5,C+,FAIL
28,1,49,68,36.5,146.0,36.5,C,FAIL
68,6,26,31,32.75,131.0,32.75,NG,FAIL
17,24,35,77,38.25,153.0,38.25,C,FAIL
46,82,22,10,40.0,160.0,40.0,C,FAIL
76,11,29,95,52.75,211.0,52.75,C+,FAIL
39,14,58,10,30.25,121.0,30.25,NG,FAIL
16,30,31,28,26.25,105.0,26.25,NG,FAIL
38,90,36,97,65.25,261.0,65.25,B,PASS
97,47,8,26,44.5,178.0,44.5,C,FAIL
81,37,65,92,68.75,275.0,68.75,B,PASS
90,77,31,30,57.0,228.0,57.0,C+,FAIL
62,14,55,77,52.0,208.0,52.0,C+,FAIL
0,55,84,32,42.75,171.0,42.75,C,FAIL
57,95,17,62,57.75,231.0,57.75,C+,FAIL
98,33,38,71,60.0,240.0,60.0,B,FAIL
38,6,39,72,38.75,155.0,38.75,C,FAIL
98,54,61,75,72.0,288.0,72.0,B+,PASS
17,67,85,52,55.25,221.0,55.25,C+,FAIL
70,49,38,84,60.25,241.0,60.25,B,PASS
60,85,71,75,72.75,291.0,72.75,B+,PASS
71,74,38,83,66.5,266.0,66.5,B,PASS
35,89,59,5,47.0,188.0,47.0,C,FAIL
14,90,30,7,35.25,141.0,35.25,C,FAIL
93,22,12,33,40.0,160.0,40.0,C,FAIL
34,11,56,91,48.0,192.0,48.0,C,FAIL
92,68,71,32,65.75,263.0,65.75,B,FAIL
24,63,3,3,23.25,93.0,23.25,NG,FAIL
61,18,15,50,36.0,144.0,36.0,C,FAIL
24,5,64,56,37.25,149.0,37.25,C,FAIL
45,28,21,25,29.75,119.0,29.75,NG,FAIL
10,2,52,59,30.75,123.0,30.75,NG,FAIL
0,47,95,35,44.25,177.0,44.25,C,FAIL
86,48,30,88,63.0,252.0,63.0,B,FAIL
70,49,84,92,73.75,295.0,73.75,B+,PASS
41,85,85,25,59.0,236.0,59.0,C+,FAIL
66,41,39,14,40.0,160.0,40.0,C,FAIL
89,62,25,22,49.5,198.0,49.5,C,FAIL
69,8,81,18,44.0,176.0,44.0,C,FAIL
7,98,73,26,51.0,204.0,51.0,C+,FAIL
51,95,5,54,51.25,205.0,51.25,C+,FAIL
43,83,35,80,60.25,241.0,60.25,B,PASS
83,11,82,97,68.25,273.0,68.25,B,FAIL
98,76,51,49,68.5,274.0,68.5,B,PASS
25,31,13,58,31.75,127.0,31.75,NG,FAIL
37,24,69,30,40.0,160.0,40.0,C,FAIL
64,56,81,41,60.5,242.0,60.5,B,PASS
15,8,79,27,32.25,129.0,32.25,NG,FAIL
29,56,26,9,30.0,120.0,30.0,NG,FAIL
6,63,75,24,42.0,168.0,42.0,C,FAIL
66,96,81,99,85.5,342.0,85.5,A,PASS
97,79,53,2,57.75,231.0,57.75,C+,FAIL
62,19,71,44,49.0,196.0,49.0,C,FAIL
96,88,33,70,71.75,287.0,71.75,B+,FAIL
42,89,89,99,79.75,319.0,79.75,B+,PASS
39,21,77,70,51.75,207.0,51.75,C+,FAIL
73,70,65,21,57.25,229.0,57.25,C+,FAIL
12,4,90,74,45.0,180.0,45.0,C,FAIL
97,52,95,24,67.0,268.0,67.0,B,FAIL
1,44,90,88,55.75,223.0,55.75,C+,FAIL
94,5,48,7,38.5,154.0,38.5,C,FAIL
37,0,33,75,36.25,145.0,36.25,C,FAIL
60,48,28,74,52.5,210.0,52.5,C+,FAIL
49,28,32,40,37.25,149.0,37.25,C,FAIL
95,65,64,29,63.25,253.0,63.25,B,FAIL
29,49,82,58,54.5,218.0,54.5,C+,FAIL
79,96,32,63,67.5,270.0,67.5,B,FAIL
39,3,71,4,29.25,117.0,29.25,NG,FAIL
58,52,95,40,61.25,245.0,61.25,B,PASS
81,49,64,8,50.5,202.0,50.5,C+,FAIL
32,32,23,23,27.5,110.0,27.5,NG,FAIL
49,15,82,52,49.5,198.0,49.5,C,FAIL
44,83,32,27,46.5,186.0,46.5,C,FAIL
70,87,59,19,58.75,235.0,58.75,C+,FAIL
89,75,15,91,67.5,270.0,67.5,B,FAIL
37,80,17,67,50.25,201.0,50.25,C+,FAIL
76,37,62,53,57.0,228.0,57.0,C+,PASS
89,2,73,87,62.75,251.0,62.75,B,FAIL
12,49,89,92,60.5,242.0,60.5,B,FAIL
10,74,34,77,48.75,195.0,48.75,C,FAIL
66,31,53,72,55.5,222.0,55.5,C+,FAIL
75,49,20,16,40.0,160.0,40.0,C,FAIL
14,22,40,97,43.25,173.0,43.25,C,FAIL
73,50,32,44,49.75,199.0,49.75,C,FAIL
72,44,64,50,57.5,230.0,57.5,C+,PASS
85,61,84,35,66.25,265.0,66.25,B,PASS
88,97,81,20,71.5,286.0,71.5,B+,FAIL
14,82,28,83,51.75,207.0,51.75,C+,FAIL
1,13,64,84,40.5,162.0,40.5,C,FAIL
72,87,75,21,63.75,255.0,63.75,B,FAIL
91,88,11,49,59.75,239.0,59.75,C+,FAIL
7,52,2,25,21.5,86.0,21.5,NG,FAIL
56,32,49,59,49.0,196.0,49.0,C,FAIL
79,92,55,9,58.75,235.0,58.75,C+,FAIL
50,82,36,22,47.5,190.0,47.5,C,FAIL
15,3,47,22,21.75,87.0,21.75,NG,FAIL
33,36,65,23,39.25,157.0,39.25,C,FAIL
44,21,88,58,52.75,211.0,52.75,C+,FAIL
11,96,29,78,53.5,214.0,53.5,C+,FAIL
0,47,49,17,28.25,113.0,28.25,NG,FAIL
79,14,60,19,43.0,172.0,43.0,C,FAIL
8,23,35,62,32.0,128.0,32.0,NG,FAIL
14,28,36,25,25.75,103.0,25.75,NG,FAIL
10,52,39,80,45.25,181.0,45.25,C,FAIL
86,54,29,13,45.5,182.0,45.5,C,FAIL
70,19,14,63,41.5,166.0,41.5,C,FAIL
24,57,62,79,55.5,222.0,55.5,C+,FAIL
43,13,34,17,26.75,107.0,26.75,NG,FAIL
33,4,9,53,24.75,99.0,24.75,NG,FAIL
49,40,13,84,46.5,186.0,46.5,C,FAIL
25,61,64,2,38.0,152.0,38.0,C,FAIL
2,62,71,70,51.25,205.0,51.25,C+,FAIL
4,72,84,6,41.5,166.0,41.5,C,FAIL
7,78,53,32,42.5,170.0,42.5,C,FAIL
82,58,81,13,58.5,234.0,58.5,C+,FAIL
90,70,86,46,73.0,292.0,73.0,B+,PASS
33,77,3,49,40.5,162.0,40.5,C,FAIL
82,84,57,84,76.75,307.0,76.75,B+,PASS
66,52,29,64,52.75,211.0,52.75,C+,FAIL
83,10,48,27,42.0,168.0,42.0,C,FAIL
26,35,33,73,41.75,167.0,41.75,C,FAIL
53,68,14,67,50.5,202.0,50.5,C+,FAIL
41,72,38,24,43.75,175.0,43.75,C,FAIL
71,44,58,40,53.25,213.0,53.25,C+,PASS
12,72,69,38,47.75,191.0,47.75,C,FAIL
16,23,75,76,47.5,190.0,47.5,C,FAIL
40,80,32,5,39.25,157.0,39.25,C,FAIL
2,73,99,92,66.5,266.0,66.5,B,FAIL
0,85,28,65,44.5,178.0,44.5,C,FAIL
31,44,1,3,19.75,79.0,19.75,NG,FAIL
94,81,77,75,81.75,327.0,81.75,A,PASS
58,54,4,27,35.75,143.0,35.75,C,FAIL
23,91,60,74,62.0,248.0,62.0,B,FAIL
48,46,31,57,45.5,182.0,45.5,C,FAIL
39,11,9,10,17.25,69.0,17.25,NG,FAIL
98,35,52,68,63.25,253.0,63.25,B,PASS
6,84,48,84,55.5,222.0,55.5,C+,FAIL
77,87,56,24,61.0,244.0,61.0,B,FAIL
10,91,12,90,50.75,203.0,50.75,C+,FAIL
14,11,13,44,20.5,82.0,20.5,NG,FAIL
41,62,2,49,38.5,154.0,38.5,C,FAIL
25,56,70,47,49.5,198.0,49.5,C,FAIL
64,15,3,60,35.5,142.0,35.5,C,FAIL
99,57,82,2,60.0,240.0,60.0,B,FAIL
57,41,11,24,33.25,133.0,33.25,NG,FAIL
21,63,64,23,42.75,171.0,42.75,C,FAIL
15,53,16,31,28.75,115.0,28.75,NG,FAIL
49,9,91,44,48.25,193.0,48.25,C,FAIL
6,59,10,42,29.25,117.0,29.25,NG,FAIL
29,70,39,37,43.75,175.0,43.75,C,FAIL
86,23,96,97,75.5,302.0,75.5,B+,FAIL
63,40,36,82,55.25,221.0,55.25,C+,PASS
92,56,82,4,58.5,234.0,58.5,C+,FAIL
80,86,66,5,59.25,237.0,59.25,C+,FAIL
46,27,79,57,52.25,209.0,52.25,C+,FAIL
5,49,20,7,20.25,81.0,20.25,NG,FAIL
28,97,68,68,65.25,261.0,65.25,B,FAIL
78,17,12,49,39.0,156.0,39.0,C,FAIL
23,78,25,39,41.25,165.0,41.25,C,FAIL
39,28,41,92,50.0,200.0,50.0,C+,FAIL
25,18,43,96,45.5,182.0,45.5,C,FAIL
89,50,99,63,75.25,301.0,75.25,B+,PASS
67,69,27,5,42.0,168.0,42.0,C,FAIL
64,84,82,66,74.0,296.0,74.0,B+,PASS
50,9,68,9,34.0,136.0,34.0,NG,FAIL
17,13,58,62,37.5,150.0,37.5,C,FAIL
85,77,21,59,60.5,242.0,60.5,B,FAIL
48,7,62,75,48.0,192.0,48.0,C,FAIL
7,32,12,91,35.5,142.0,35.5,C,FAIL
9,50,45,59,40.75,163.0,40.75,C,FAIL
70,4,92,42,52.0,208.0,52.0,C+,FAIL
5,41,82,39,41.75,167.0,41.75,C,FAIL
95,88,23,21,56.75,227.0,56.75,C+,FAIL
91,13,60,55,54.75,219.0,54.75,C+,FAIL
72,49,4,62,46.75,187.0,46.75,C,FAIL
48,11,88,0,36.75,147.0,36.75,C,FAIL
48,6,8,22,21.0,84.0,21.0,NG,FAIL
32,50,41,27,37.5,150.0,37.5,C,FAIL
19,22,29,71,35.25,141.0,35.25,C,FAIL
50,31,25,60,41.5,166.0,41.5,C,FAIL
54,14,52,4,31.0,124.0,31.0,NG,FAIL
2,21,25,57,26.25,105.0,26.25,NG,FAIL
47,5,8,50,27.5,110.0,27.5,NG,FAIL
7,44,84,51,46.5,186.0,46.5,C,FAIL
31,48,7,17,25.75,103.0,25.75,NG,FAIL
11,88,53,45,49.25,197.0,49.25,C,FAIL
46,41,7,7,25.25,101.0,25.25,NG,FAIL
54,34,25,16,32.25,129.0,32.25,NG,FAIL
11,44,0,16,17.75,71.0,17.75,NG,FAIL
49,99,89,24,65.25,261.0,65.25,B,FAIL
76,70,62,46,63.5,254.0,63.5,B,PASS
51,95,17,76,59.75,239.0,59.75,C+,FAIL
39,76,43,69,56.75,227.0,56.75,C+,PASS
77,93,34,70,68.5,274.0,68.5,B,FAIL
17,80,93,20,52.5,210.0,52.5,C+,FAIL
56,32,81,24,48.25,193.0,48.25,C,FAIL
50,12,12,83,39.25,157.0,39.25,C,FAIL
69,26,97,61,63.25,253.0,63.25,B,FAIL
90,56,81,39,66.5,266.0,66.5,B,PASS
15,92,10,55,43.0,172.0,43.0,C,FAIL
70,45,22,30,41.75,167.0,41.75,C,FAIL
4,96,26,21,36.75,147.0,36.75,C,FAIL
38,12,60,18,32.0,128.0,32.0,NG,FAIL
74,89,36,52,62.75,251.0,62.75,B,PASS
99,52,78,33,65.5,262.0,65.5,B,FAIL
35,47,40,97,54.75,219.0,54.75,C+,PASS
44,1,30,78,38.25,153.0,38.25,C,FAIL
92,13,85,56,61.5,246.0,61.5,B,FAIL
98,40,24,87,62.25,249.0,62.25,B,FAIL
39,6,25,68,34.5,138.0,34.5,NG,FAIL
89,97,92,92,92.5,370.0,92.5,A+,PASS
30,16,90,23,39.75,159.0,39.75,C,FAIL
12,38,19,11,20.0,80.0,20.0,NG,FAIL
91,80,41,54,66.5,266.0,66.5,B,PASS
44,91,79,3,54.25,217.0,54.25,C+,FAIL
42,19,70,46,44.25,177.0,44.25,C,FAIL
29,39,85,83,59.0,236.0,59.0,C+,FAIL
16,96,18,79,52.25,209.0,52.25,C+,FAIL
50,80,88,4,55.5,222.0,55.5,C+,FAIL
79,0,93,54,56.5,226.0,56.5,C+,FAIL
44,7,21,68,35.0,140.0,35.0,C,FAIL
34,22,79,3,34.5,138.0,34.5,NG,FAIL
77,51,38,13,44.75,179.0,44.75,C,FAIL
99,36,66,68,67.25,269.0,67.25,B,PASS
69,20,22,7,29.5,118.0,29.5,NG,FAIL
90,16,61,58,56.25,225.0,56.25,C+,FAIL
85,79,10,61,58.75,235.0,58.75,C+,FAIL
82,32,2,72,47.0,188.0,47.0,C,FAIL
75,75,44,45,59.75,239.0,59.75,C+,PASS
73,96,37,85,72.75,291.0,72.75,B+,PASS
0,32,30,78,35.0,140.0,35.0,C,FAIL
55,46,25,77,50.75,203.0,50.75,C+,FAIL
53,87,93,98,82.75,331.0,82.75,A,PASS
80,14,81,56,57.75,231.0,57.75,C+,FAIL
36,43,59,15,38.25,153.0,38.25,C,FAIL
35,6,89,62,48.0,192.0,48.0,C,FAIL
15,87,45,93,60.0,240.0,60.0,B,FAIL
32,24,17,42,28.75,115.0,28.75,NG,FAIL
58,61,97,93,77.25,309.0,77.25,B+,PASS
65,34,11,39,37.25,149.0,37.25,C,FAIL
85,15,38,9,36.75,147.0,36.75,C,FAIL
27,39,56,21,35.75,143.0,35.75,C,FAIL
7,63,74,27,42.75,171.0,42.75,C,FAIL
81,67,84,22,63.5,254.0,63.5,B,FAIL
95,53,37,23,52.0,208.0,52.0,C+,FAIL
55,60,54,70,59.75,239.0,59.75,C+,PASS
80,46,48,10,46.0,184.0,46.0,C,FAIL
69,53,45,55,55.5,222.0,55.5,C+,PASS
66,20,8,9,25.75,103.0,25.75,NG,FAIL
25,42,68,91,56.5,226.0,56.5,C+,FAIL
62,72,91,85,77.5,310.0,77.5,B+,PASS
85,57,60,70,68.0,272.0,68.0,B,PASS
62,82,72,61,69.25,277.0,69.25,B,PASS
81,16,84,33,53.5,214.0,53.5,C+,FAIL
11,76,80,25,48.0,192.0,48.0,C,FAIL
14,72,43,62,47.75,191.0,47.75,C,FAIL
44,69,6,36,38.75,155.0,38.75,C,FAIL
75,98,11,44,57.0,228.0,57.0,C+,FAIL
78,4,81,7,42.5,170.0,42.5,C,FAIL
64,20,39,50,43.25,173.0,43.25,C,FAIL
25,72,36,75,52.0,208.0,52.0,C+,FAIL
29,43,12,68,38.0,152.0,38.0,C,FAIL
13,23,61,86,45.75,183.0,45.75,C,FAIL
58,23,70,15,41.5,166.0,41.5,C,FAIL
56,24,2,40,30.5,122.0,30.5,NG,FAIL
49,89,55,50,60.75,243.0,60.75,B,PASS
96,69,15,8,47.0,188.0,47.0,C,FAIL
71,93,65,54,70.75,283.0,70.75,B+,PASS
64,37,37,75,53.25,213.0,53.25,C+,PASS
88,24,29,22,40.75,163.0,40.75,C,FAIL
6,77,0,43,31.5,126.0,31.5,NG,FAIL
65,56,20,29,42.5,170.0,42.5,C,FAIL
36,40,15,36,31.75,127.0,31.75,NG,FAIL
49,26,41,6,30.5,122.0,30.5,NG,FAIL
33,73,61,41,52.0,208.0,52.0,C+,FAIL
79,9,86,94,67.0,268.0,67.0,B,FAIL
34,97,28,24,45.75,183.0,45.75,C,FAIL
66,59,38,59,55.5,222.0,55.5,C+,PASS
59,88,31,82,65.0,260.0,65.0,B,FAIL
45,92,32,71,60.0,240.0,60.0,B,FAIL
13,11,7,34,16.25,65.0,16.25,NG,FAIL
56,75,25,9,41.25,165.0,41.25,C,FAIL
62,21,5,56,36.0,144.0,36.0,C,FAIL
47,1,49,64,40.25,161.0,40.25,C,FAIL
28,30,40,15,28.25,113.0,28.25,NG,FAIL
22,11,89,71,48.25,193.0,48.25,C,FAIL
9,19,16,66,27.5,110.0,27.5,NG,FAIL
68,86,91,14,64.75,259.0,64.75,B,FAIL
44,73,85,47,62.25,249.0,62.25,B,PASS
61,23,31,47,40.5,162.0,40.5,C,FAIL
73,37,89,40,59.75,239.0,59.75,C+,PASS
66,3,71,55,48.75,195.0,48.75,C,FAIL
42,67,58,12,44.75,179.0,44.75,C,FAIL
78,74,67,2,55.25,221.0,55.25,C+,FAIL
13,61,76,10,40.0,160.0,40.0,C,FAIL
67,10,22,14,28.25,113.0,28.25,NG,FAIL
28,25,42,38,33.25,133.0,33.25,NG,FAIL
35,16,35,17,25.75,103.0,25.75,NG,FAIL
25,60,81,12,44.5,178.0,44.5,C,FAIL
16,83,70,79,62.0,248.0,62.0,B,FAIL
32,51,34,8,31.25,125.0,31.25,NG,FAIL
93,97,94,55,84.75,339.0,84.75,A,PASS
1,77,82,76,59.0,236.0,59.0,C+,FAIL
37,89,76,81,70.75,283.0,70.75,B+,PASS
71,46,45,81,60.75,243.0,60.75,B,PASS
79,78,28,72,64.25,257.0,64.25,B,FAIL
27,0,95,94,54.0,216.0,54.0,C+,FAIL
99,81,73,25,69.5,278.0,69.5,B,FAIL
45,16,91,90,60.5,242.0,60.5,B,FAIL
46,17,80,19,40.5,162.0,40.5,C,FAIL
28,80,53,34,48.75,195.0,48.75,C,FAIL
77,81,96,35,72.25,289.0,72.25,B+,PASS
61,53,69,76,64.75,259.0,64.75,B,PASS
9,4,44,24,20.25,81.0,20.25,NG,FAIL
90,80,14,96,70.0,280.0,70.0,B+,FAIL
89,0,77,63,57.25,229.0,57.25,C+,FAIL
60,47,65,43,53.75,215.0,53.75,C+,PASS
71,96,76,22,66.25,265.0,66.25,B,FAIL
17,1,44,10,18.0,72.0,18.0,NG,FAIL
47,79,23,75,56.0,224.0,56.0,C+,FAIL
66,1,55,92,53.5,214.0,53.5,C+,FAIL
36,31,94,25,46.5,186.0,46.5,C,FAIL
82,6,35,96,54.75,219.0,54.75,C+,FAIL
28,47,97,47,54.75,219.0,54.75,C+,FAIL
30,41,77,25,43.25,173.0,43.25,C,FAIL
37,38,93,1,42.25,169.0,42.25,C,FAIL
36,2,77,51,41.5,166.0,41.5,C,FAIL
63,0,0,2,16.25,65.0,16.25,NG,FAIL
66,49,76,66,64.25,257.0,64.25,B,PASS
72,28,18,98,54.0,216.0,54.0,C+,FAIL
50,46,94,99,72.25,289.0,72.25,B+,PASS
72,62,7,98,59.75,239.0,59.75,C+,FAIL
25,84,42,73,56.0,224.0,56.0,C+,FAIL
65,15,59,42,45.25,181.0,45.25,C,FAIL
35,33,49,29,36.5,146.0,36.5,C,FAIL
79,17,19,64,44.75,179.0,44.75,C,FAIL
44,18,2,28,23.0,92.0,23.0,NG,FAIL
84,88,4,52,57.0,228.0,57.0,C+,FAIL
38,33,6,29,26.5,106.0,26.5,NG,FAIL
28,4,27,70,32.25,129.0,32.25,NG,FAIL
58,27,40,43,42.0,168.0,42.0,C,FAIL
24,52,92,39,51.75,207.0,51.75,C+,FAIL
15,89,78,67,62.25,249.0,62.25,B,FAIL
75,48,48,28,49.75,199.0,49.75,C,FAIL
71,90,44,16,55.25,221.0,55.25,C+,FAIL
68,34,58,65,56.25,225.0,56.25,C+,FAIL
54,41,46,34,43.75,175.0,43.75,C,FAIL
58,80,19,22,44.75,179.0,44.75,C,FAIL
88,38,3,91,55.0,220.0,55.0,C+,FAIL
81,5,16,72,43.5,174.0,43.5,C,FAIL
41,48,85,93,66.75,267.0,66.75,B,PASS
23,9,44,27,25.75,103.0,25.75,NG,FAIL
68,36,23,63,47.5,190.0,47.5,C,FAIL
41,80,49,85,63.75,255.0,63.75,B,PASS
54,5,55,33,36.75,147.0,36.75,C,FAIL
71,93,35,39,59.5,238.0,59.5,C+,PASS
37,60,84,48,57.25,229.0,57.25,C+,PASS
17,76,76,40,52.25,209.0,52.25,C+,FAIL
46,87,44,26,50.75,203.0,50.75,C+,FAIL
32,64,25,68,47.25,189.0,47.25,C,FAIL
77,19,93,57,61.5,246.0,61.5,B,FAIL
83,3,25,73,46.0,184.0,46.0,C,FAIL
37,87,19,21,41.0,164.0,41.0,C,FAIL
87,41,8,49,46.25,185.0,46.25,C,FAIL
46,97,58,17,54.5,218.0,54.5,C+,FAIL
19,22,28,38,26.75,107.0,26.75,NG,FAIL
36,84,64,4,47.0,188.0,47.0,C,FAIL
30,72,20,8,32.5,130.0,32.5,NG,FAIL
79,54,80,77,72.5,290.0,72.5,B+,PASS
82,26,23,81,53.0,212.0,53.0,C+,FAIL
70,45,82,42,59.75,239.0,59.75,C+,PASS
98,80,12,12,50.5,202.0,50.5,C+,FAIL
84,27,78,40,57.25,229.0,57.25,C+,FAIL
11,25,48,24,27.0,108.0,27.0,NG,FAIL
48,9,73,74,51.0,204.0,51.0,C+,FAIL
51,49,88,69,64.25,257.0,64.25,B,PASS
18,50,39,42,37.25,149.0,37.25,C,FAIL
80,85,99,55,79.75,319.0,79.75,B+,PASS
69,85,13,93,65.0,260.0,65.0,B,FAIL
41,77,16,52,46.5,186.0,46.5,C,FAIL
76,77,65,57,68.75,275.0,68.75,B,PASS
50,68,39,80,59.25,237.0,59.25,C+,PASS
62,37,50,86,58.75,235.0,58.75,C+,PASS
58,7,59,16,35.0,140.0,35.0,C,FAIL
41,76,41,31,47.25,189.0,47.25,C,FAIL
32,33,37,22,31.0,124.0,31.0,NG,FAIL
36,28,73,52,47.25,189.0,47.25,C,FAIL
21,71,75,75,60.5,242.0,60.5,B,FAIL
48,32,40,15,33.75,135.0,33.75,NG,FAIL
55,17,60,28,40.0,160.0,40.0,C,FAIL
83,13,32,31,39.75,159.0,39.75,C,FAIL
19,71,98,0,47.0,188.0,47.0,C,FAIL
27,36,39,54,39.0,156.0,39.0,C,FAIL
5,96,85,98,71.0,284.0,71.0,B+,FAIL
84,36,69,72,65.25,261.0,65.25,B,PASS
98,89,71,21,69.75,279.0,69.75,B,FAIL
90,75,74,69,77.0,308.0,77.0,B+,PASS
80,67,14,40,50.25,201.0,50.25,C+,FAIL
21,7,2,56,21.5,86.0,21.5,NG,FAIL
99,85,57,40,70.25,281.0,70.25,B+,PASS
86,20,57,16,44.75,179.0,44.75,C,FAIL
76,31,38,43,47.0,188.0,47.0,C,FAIL
83,92,74,51,75.0,300.0,75.0,B+,PASS
40,78,58,85,65.25,261.0,65.25,B,PASS
80,7,17,47,37.75,151.0,37.75,C,FAIL
48,21,58,52,44.75,179.0,44.75,C,FAIL
61,11,13,28,28.25,113.0,28.25,NG,FAIL
73,37,29,5,36.0,144.0,36.0,C,FAIL
38,84,8,69,49.75,199.0,49.75,C,FAIL
21,75,27,54,44.25,177.0,44.25,C,FAIL
65,73,70,11,54.75,219.0,54.75,C+,FAIL
78,77,98,73,81.5,326.0,81.5,A,PASS
3,48,68,26,36.25,145.0,36.25,C,FAIL
86,76,58,53,68.25,273.0,68.25,B,PASS
35,78,74,30,54.25,217.0,54.25,C+,FAIL
9,0,49,63,30.25,121.0,30.25,NG,FAIL
52,16,26,66,40.0,160.0,40.0,C,FAIL
44,67,6,78,48.75,195.0,48.75,C,FAIL
60,78,98,15,62.75,251.0,62.75,B,FAIL
53,76,42,30,50.25,201.0,50.25,C+,FAIL
83,18,54,27,45.5,182.0,45.5,C,FAIL
76,62,56,79,68.25,273.0,68.25,B,PASS
46,19,48,42,38.75,155.0,38.75,C,FAIL
67,42,17,47,43.25,173.0,43.25,C,FAIL
43,24,0,18,21.25,85.0,21.25,NG,FAIL
24,4,14,90,33.0,132.0,33.0,NG,FAIL
22,13,7,73,28.75,115.0,28.75,NG,FAIL
90,19,50,29,47.0,188.0,47.0,C,FAIL
55,50,25,13,35.75,143.0,35.75,C,FAIL
28,31,55,20,33.5,134.0,33.5,NG,FAIL
30,87,58,43,54.5,218.0,54.5,C+,FAIL
59,87,57,72,68.75,275.0,68.75,B,PASS
54,7,15,65,35.25,141.0,35.25,C,FAIL
87,92,26,77,70.5,282.0,70.5,B+,FAIL
0,77,22,39,34.5,138.0,34.5,NG,FAIL
94,42,49,53,59.5,238.0,59.5,C+,PASS
93,75,24,70,65.5,262.0,65.5,B,FAIL
9,83,30,83,51.25,205.0,51.25,C+,FAIL
22,67,61,40,47.5,190.0,47.5,C,FAIL
19,32,68,9,32.0,128.0,32.0,NG,FAIL
27,5,91,20,35.75,143.0,35.75,C,FAIL
39,94,78,81,73.0,292.0,73.0,B+,PASS
41,53,59,70,55.75,223.0,55.75,C+,PASS
60,61,39,82,60.5,242.0,60.5,B,PASS
80,59,70,26,58.75,235.0,58.75,C+,FAIL
36,16,84,31,41.75,167.0,41.75,C,FAIL
12,62,41,9,31.0,124.0,31.0,NG,FAIL
12,13,97,30,38.0,152.0,38.0,C,FAIL
98,75,29,19,55.25,221.0,55.25,C+,FAIL
2,31,68,72,43.25,173.0,43.25,C,FAIL
28,13,85,94,55.0,220.0,55.0,C+,FAIL
39,99,6,49,48.25,193.0,48.25,C,FAIL
24,66,95,31,54.0,216.0,54.0,C+,FAIL
44,48,78,89,64.75,259.0,64.75,B,PASS
99,81,25,86,72.75,291.0,72.75,B+,FAIL
9,21,76,75,45.25,181.0,45.25,C,FAIL
38,51,32,87,52.0,208.0,52.0,C+,FAIL
43,38,60,40,45.25,181.0,45.25,C,PASS
39,87,83,65,68.5,274.0,68.5,B,PASS
16,7,70,53,36.5,146.0,36.5,C,FAIL
47,97,68,16,57.0,228.0,57.0,C+,FAIL
54,76,49,9,47.0,188.0,47.0,C,FAIL
79,66,64,93,75.5,302.0,75.5,B+,PASS
19,83,99,79,70.0,280.0,70.0,B+,FAIL
26,64,4,86,45.0,180.0,45.0,C,FAIL
31,71,82,17,50.25,201.0,50.25,C+,FAIL
55,83,92,72,75.5,302.0,75.5,B+,PASS
26,24,75,11,34.0,136.0,34.0,NG,FAIL
14,16,86,74,47.5,190.0,47.5,C,FAIL
44,81,2,88,53.75,215.0,53.75,C+,FAIL
55,55,10,65,46.25,185.0,46.25,C,FAIL
23,56,20,10,27.25,109.0,27.25,NG,FAIL
9,0,51,49,27.25,109.0,27.25,NG,FAIL
86,71,71,37,66.25,265.0,66.25,B,PASS
36,50,14,17,29.25,117.0,29.25,NG,FAIL
68,12,41,61,45.5,182.0,45.5,C,FAIL
75,90,38,26,57.25,229.0,57.25,C+,FAIL
74,60,82,66,70.5,282.0,70.5,B+,PASS
95,94,64,73,81.5,326.0,81.5,A,PASS
83,74,79,26,65.5,262.0,65.5,B,FAIL
2,79,3,65,37.25,149.0,37.25,C,FAIL
33,67,20,92,53.0,212.0,53.0,C+,FAIL
37,57,16,77,46.75,187.0,46.75,C,FAIL
25,94,77,19,53.75,215.0,53.75,C+,FAIL
26,49,17,16,27.0,108.0,27.0,NG,FAIL
97,85,82,8,68.0,272.0,68.0,B,FAIL
74,55,6,53,47.0,188.0,47.0,C,FAIL
90,29,63,16,49.5,198.0,49.5,C,FAIL
40,26,14,71,37.75,151.0,37.75,C,FAIL
2,82,72,80,59.0,236.0,59.0,C+,FAIL
71,68,13,89,60.25,241.0,60.25,B,FAIL
50,22,28,11,27.75,111.0,27.75,NG,FAIL
45,67,66,36,53.5,214.0,53.5,C+,PASS
71,53,11,64,49.75,199.0,49.75,C,FAIL
3,94,22,57,44.0,176.0,44.0,C,FAIL
39,45,33,92,52.25,209.0,52.25,C+,FAIL
17,22,39,72,37.5,150.0,37.5,C,FAIL
61,81,23,77,60.5,242.0,60.5,B,FAIL
97,51,30,41,54.75,219.0,54.75,C+,FAIL
32,72,24,49,44.25,177.0,44.25,C,FAIL
78,39,29,35,45.25,181.0,45.25,C,FAIL
69,76,54,14,53.25,213.0,53.25,C+,FAIL
80,83,12,58,58.25,233.0,58.25,C+,FAIL
97,1,58,61,54.25,217.0,54.25,C+,FAIL
91,51,39,45,56.5,226.0,56.5,C+,PASS
26,3,77,31,34.25,137.0,34.25,NG,FAIL
12,56,70,76,53.5,214.0,53.5,C+,FAIL
99,57,26,59,60.25,241.0,60.25,B,FAIL
0,54,80,14,37.0,148.0,37.0,C,FAIL
54,7,32,87,45.0,180.0,45.0,C,FAIL
3,58,60,97,54.5,218.0,54.5,C+,FAIL
90,6,5,64,41.25,165.0,41.25,C,FAIL
27,5,53,54,34.75,139.0,34.75,NG,FAIL
80,33,14,16,35.75,143.0,35.75,C,FAIL
33,17,24,37,27.75,111.0,27.75,NG,FAIL
98,69,23,30,55.0,220.0,55.0,C+,FAIL
6,22,64,11,25.75,103.0,25.75,NG,FAIL
89,53,70,8,55.0,220.0,55.0,C+,FAIL
98,22,78,89,71.75,287.0,71.75,B+,FAIL
2,52,77,37,42.0,168.0,42.0,C,FAIL
23,6,28,37,23.5,94.0,23.5,NG,FAIL
34,94,53,7,47.0,188.0,47.0,C,FAIL
71,20,1,61,38.25,153.0,38.25,C,FAIL
12,57,67,99,58.75,235.0,58.75,C+,FAIL
20,51,71,49,47.75,191.0,47.75,C,FAIL
64,53,59,99,68.75,275.0,68.75,B,PASS
19,72,83,86,65.0,260.0,65.0,B,FAIL
41,34,31,81,46.75,187.0,46.75,C,FAIL
14,96,12,48,42.5,170.0,42.5,C,FAIL
56,33,66,29,46.0,184.0,46.0,C,FAIL
5,65,40,54,41.0,164.0,41.0,C,FAIL
78,96,91,49,78.5,314.0,78.5,B+,PASS
83,13,76,48,55.0,220.0,55.0,C+,FAIL
71,41,19,70,50.25,201.0,50.25,C+,FAIL
74,44,39,17,43.5,174.0,43.5,C,FAIL
50,81,55,89,68.75,275.0,68.75,B,PASS
45,79,26,68,54.5,218.0,54.5,C+,FAIL
77,26,40,45,47.0,188.0,47.0,C,FAIL
26,80,82,68,64.0,256.0,64.0,B,FAIL
11,38,71,76,49.0,196.0,49.0,C,FAIL
42,17,61,34,38.5,154.0,38.5,C,FAIL
52,9,63,50,43.5,174.0,43.5,C,FAIL
58,93,98,13,65.5,262.0,65.5,B,FAIL
14,35,71,39,39.75,159.0,39.75,C,FAIL
12,96,81,27,54.0,216.0,54.0,C+,FAIL
42,47,18,34,35.25,141.0,35.25,C,FAIL
28,7,54,49,34.5,138.0,34.5,NG,FAIL
86,49,82,31,62.0,248.0,62.0,B,FAIL
93,41,40,6,45.0,180.0,45.0,C,FAIL
39,9,87,75,52.5,210.0,52.5,C+,FAIL
38,90,43,50,55.25,221.0,55.25,C+,PASS
48,5,58,57,42.0,168.0,42.0,C,FAIL
88,72,44,20,56.0,224.0,56.0,C+,FAIL
73,19,56,68,54.0,216.0,54.0,C+,FAIL
39,11,71,2,30.75,123.0,30.75,NG,FAIL
45,28,71,32,44.0,176.0,44.0,C,FAIL
42,67,5,86,50.0,200.0,50.0,C+,FAIL
95,92,61,28,69.0,276.0,69.0,B,FAIL
20,72,88,73,63.25,253.0,63.25,B,FAIL
25,35,3,72,33.75,135.0,33.75,NG,FAIL
64,32,79,5,45.0,180.0,45.0,C,FAIL
26,48,36,57,41.75,167.0,41.75,C,FAIL
75,22,92,4,48.25,193.0,48.25,C,FAIL
59,0,60,13,33.0,132.0,33.0,NG,FAIL
45,12,80,46,45.75,183.0,45.75,C,FAIL
41,60,26,17,36.0,144.0,36.0,C,FAIL
58,10,45,73,46.5,186.0,46.5,C,FAIL
30,22,83,9,36.0,144.0,36.0,C,FAIL
49,69,74,88,70.0,280.0,70.0,B+,PASS
44,34,30,95,50.75,203.0,50.75,C+,FAIL
75,4,74,33,46.5,186.0,46.5,C,FAIL
31,16,32,14,23.25,93.0,23.25,NG,FAIL
95,29,57,11,48.0,192.0,48.0,C,FAIL
46,50,85,8,47.25,189.0,47.25,C,FAIL
5,49,82,27,40.75,163.0,40.75,C,FAIL
45,85,74,51,63.75,255.0,63.75,B,PASS
43,97,57,16,53.25,213.0,53.25,C+,FAIL
97,5,12,21,33.75,135.0,33.75,NG,FAIL
97,69,31,11,52.0,208.0,52.0,C+,FAIL
35,72,40,24,42.75,171.0,42.75,C,FAIL
1,98,17,64,45.0,180.0,45.0,C,FAIL
92,4,98,28,55.5,222.0,55.5,C+,FAIL
27,95,94,27,60.75,243.0,60.75,B,FAIL
40,54,6,42,35.5,142.0,35.5,C,FAIL
11,76,61,31,44.75,179.0,44.75,C,FAIL
16,94,14,38,40.5,162.0,40.5,C,FAIL
99,68,89,35,72.75,291.0,72.75,B+,PASS
16,48,7,90,40.25,161.0,40.25,C,FAIL
37,91,23,1,38.0,152.0,38.0,C,FAIL
98,50,97,56,75.25,301.0,75.25,B+,PASS
59,63,66,53,60.25,241.0,60.25,B,PASS
64,11,1,95,42.75,171.0,42.75,C,FAIL
90,49,35,64,59.5,238.0,59.5,C+,PASS
54,79,78,19,57.5,230.0,57.5,C+,FAIL
73,29,18,9,32.25,129.0,32.25,NG,FAIL
98,23,90,77,72.0,288.0,72.0,B+,FAIL
41,49,53,65,52.0,208.0,52.0,C+,PASS
6,91,15,14,31.5,126.0,31.5,NG,FAIL
29,53,52,5,34.75,139.0,34.75,NG,FAIL
9,28,93,76,51.5,206.0,51.5,C+,FAIL
53,26,87,2,42.0,168.0,42.0,C,FAIL
72,22,73,9,44.0,176.0,44.0,C,FAIL
76,33,94,38,60.25,241.0,60.25,B,FAIL
35,32,52,10,32.25,129.0,32.25,NG,FAIL
1,38,17,41,24.25,97.0,24.25,NG,FAIL
65,48,62,18,48.25,193.0,48.25,C,FAIL
84,43,97,18,60.5,242.0,60.5,B,FAIL
22,28,63,8,30.25,121.0,30.25,NG,FAIL
32,93,67,49,60.25,241.0,60.25,B,FAIL
38,71,5,74,47.0,188.0,47.0,C,FAIL
8,88,13,7,29.0,116.0,29.0,NG,FAIL
24,29,73,0,31.5,126.0,31.5,NG,FAIL
0,43,24,23,22.5,90.0,22.5,NG,FAIL
9,33,36,71,37.25,149.0,37.25,C,FAIL
6,46,26,27,26.25,105.0,26.25,NG,FAIL
93,40,36,30,49.75,199.0,49.75,C,FAIL
53,79,38,99,67.25,269.0,67.25,B,PASS
19,49,12,64,36.0,144.0,36.0,C,FAIL
83,16,52,88,59.75,239.0,59.75,C+,FAIL
35,89,75,99,74.5,298.0,74.5,B+,PASS
10,86,52,70,54.5,218.0,54.5,C+,FAIL
15,63,78,30,46.5,186.0,46.5,C,FAIL
49,67,51,35,50.5,202.0,50.5,C+,PASS
20,97,44,25,46.5,186.0,46.5,C,FAIL
77,63,23,79,60.5,242.0,60.5,B,FAIL
75,80,97,8,65.0,260.0,65.0,B,FAIL
43,61,6,66,44.0,176.0,44.0,C,FAIL
6,68,76,47,49.25,197.0,49.25,C,FAIL
88,14,5,6,28.25,113.0,28.25,NG,FAIL
50,23,12,79,41.0,164.0,41.0,C,FAIL
67,9,28,88,48.0,192.0,48.0,C,FAIL
60,61,80,97,74.5,298.0,74.5,B+,PASS
11,48,11,48,29.5,118.0,29.5,NG,FAIL
97,16,91,7,52.75,211.0,52.75,C+,FAIL
89,20,57,63,57.25,229.0,57.25,C+,FAIL
73,35,66,5,44.75,179.0,44.75,C,FAIL
18,73,87,57,58.75,235.0,58.75,C+,FAIL
50,53,4,1,27.0,108.0,27.0,NG,FAIL
56,61,74,35,56.5,226.0,56.5,C+,PASS
61,41,18,21,35.25,141.0,35.25,C,FAIL
59,95,88,97,84.75,339.0,84.75,A,PASS
24,81,85,69,64.75,259.0,64.75,B,FAIL
16,87,47,79,57.25,229.0,57.25,C+,FAIL
31,4,98,9,35.5,142.0,35.5,C,FAIL
44,28,79,26,44.25,177.0,44.25,C,FAIL
67,69,19,84,59.75,239.0,59.75,C+,FAIL
43,16,53,78,47.5,190.0,47.5,C,FAIL
96,78,71,41,71.5,286.0,71.5,B+,PASS
13,98,54,94,64.75,259.0,64.75,B,FAIL
43,82,20,12,39.25,157.0,39.25,C,FAIL
73,11,16,11,27.75,111.0,27.75,NG,FAIL
25,15,32,15,21.75,87.0,21.75,NG,FAIL
70,21,44,28,40.75,163.0,40.75,C,FAIL
50,31,73,77,57.75,231.0,57.75,C+,FAIL
71,71,99,74,78.75,315.0,78.75,B+,PASS
51,23,13,29,29.0,116.0,29.0,NG,FAIL
28,36,75,99,59.5,238.0,59.5,C+,FAIL
59,20,96,53,57.0,228.0,57.0,C+,FAIL
54,82,18,12,41.5,166.0,41.5,C,FAIL
34,35,8,68,36.25,145.0,36.25,C,FAIL
93,99,26,89,76.75,307.0,76.75,B+,FAIL
43,39,31,87,50.0,200.0,50.0,C+,FAIL
9,55,47,46,39.25,157.0,39.25,C,FAIL
99,24,81,43,61.75,247.0,61.75,B,FAIL
37,53,91,47,57.0,228.0,57.0,C+,PASS
23,11,2,13,12.25,49.0,12.25,NG,FAIL
92,38,89,46,66.25,265.0,66.25,B,PASS
47,95,32,34,52.0,208.0,52.0,C+,FAIL
48,28,3,19,24.5,98.0,24.5,NG,FAIL
41,9,0,74,31.0,124.0,31.0,NG,FAIL
97,42,45,51,58.75,235.0,58.75,C+,PASS
58,10,52,72,48.0,192.0,48.0,C,FAIL
64,1,49,1,28.75,115.0,28.75,NG,FAIL
53,98,24,45,55.0,220.0,55.0,C+,FAIL
59,34,51,64,52.0,208.0,52.0,C+,FAIL
32,12,10,70,31.0,124.0,31.0,NG,FAIL
80,97,99,19,73.75,295.0,73.75,B+,FAIL
84,87,8,49,57.0,228.0,57.0,C+,FAIL
51,16,91,86,61.0,244.0,61.0,B,FAIL
3,68,55,71,49.25,197.0,49.25,C,FAIL
96,46,16,44,50.5,202.0,50.5,C+,FAIL
35,2,70,48,38.75,155.0,38.75,C,FAIL
92,35,54,10,47.75,191.0,47.75,C,FAIL
72,68,95,69,76.0,304.0,76.0,B+,PASS
15,47,13,17,23.0,92.0,23.0,NG,FAIL
67,76,11,74,57.0,228.0,57.0,C+,FAIL
36,54,55,63,52.0,208.0,52.0,C+,PASS
70,59,97,0,56.5,226.0,56.5,C+,FAIL
12,11,32,6,15.25,61.0,15.25,NG,FAIL
92,32,7,25,39.0,156.0,39.0,C,FAIL
1,37,17,87,35.5,142.0,35.5,C,FAIL
10,23,99,7,34.75,139.0,34.75,NG,FAIL
77,90,2,51,55.0,220.0,55.0,C+,FAIL
43,36,50,71,50.0,200.0,50.0,C+,PASS
0,52,72,38,40.5,162.0,40.5,C,FAIL
21,51,53,75,50.0,200.0,50.0,C+,FAIL
50,11,43,68,43.0,172.0,43.0,C,FAIL
30,55,31,76,48.0,192.0,48.0,C,FAIL
16,97,51,84,62.0,248.0,62.0,B,FAIL
81,50,59,69,64.75,259.0,64.75,B,PASS
64,17,73,85,59.75,239.0,59.75,C+,FAIL
44,0,46,33,30.75,123.0,30.75,NG,FAIL
43,24,60,7,33.5,134.0,33.5,NG,FAIL
21,81,35,63,50.0,200.0,50.0,C+,FAIL
43,36,2,15,24.0,96.0,24.0,NG,FAIL
30,0,53,64,36.75,147.0,36.75,C,FAIL
26,93,24,99,60.5,242.0,60.5,B,FAIL
27,76,55,77,58.75,235.0,58.75,C+,FAIL
95,32,39,75,60.25,241.0,60.25,B,FAIL
92,54,23,17,46.5,186.0,46.5,C,FAIL
95,77,77,46,73.75,295.0,73.75,B+,PASS
0,45,50,51,36.5,146.0,36.5,C,FAIL
48,31,84,37,50.0,200.0,50.0,C+,FAIL
23,56,68,21,42.0,168.0,42.0,C,FAIL
40,87,7,81,53.75,215.0,53.75,C+,FAIL
65,90,92,45,73.0,292.0,73.0,B+,PASS
8,11,52,67,34.5,138.0,34.5,NG,FAIL
21,38,30,52,35.25,141.0,35.25,C,FAIL
9,83,84,4,45.0,180.0,45.0,C,FAIL
8,7,35,16,16.5,66.0,16.5,NG,FAIL
65,88,43,84,70.0,280.0,70.0,B+,PASS
2,16,99,35,38.0,152.0,38.0,C,FAIL
4,38,86,91,54.75,219.0,54.75,C+,FAIL
33,68,4,37,35.5,142.0,35.5,C,FAIL
18,1,1,92,28.0,112.0,28.0,NG,FAIL
18,7,30,33,22.0,88.0,22.0,NG,FAIL
69,25,19,52,41.25,165.0,41.25,C,FAIL
17,40,63,19,34.75,139.0,34.75,NG,FAIL
46,4,39,77,41.5,166.0,41.5,C,FAIL
92,95,60,43,72.5,290.0,72.5,B+,PASS
15,81,58,92,61.5,246.0,61.5,B,FAIL
87,20,85,55,61.75,247.0,61.75,B,FAIL
17,18,53,67,38.75,155.0,38.75,C,FAIL
83,52,45,74,63.5,254.0,63.5,B,PASS
47,75,21,82,56.25,225.0,56.25,C+,FAIL
73,73,97,58,75.25,301.0,75.25,B+,PASS
98,13,26,76,53.25,213.0,53.25,C+,FAIL
72,57,4,94,56.75,227.0,56.75,C+,FAIL
74,30,23,73,50.0,200.0,50.0,C+,FAIL
38,21,28,5,23.0,92.0,23.0,NG,FAIL
59,19,19,56,38.25,153.0,38.25,C,FAIL
8,12,99,22,35.25,141.0,35.25,C,FAIL
80,75,93,54,75.5,302.0,75.5,B+,PASS
90,58,23,42,53.25,213.0,53.25,C+,FAIL
84,22,48,24,44.5,178.0,44.5,C,FAIL
65,38,45,18,41.5,166.0,41.5,C,FAIL
36,64,78,58,59.0,236.0,59.0,C+,PASS
73,9,13,86,45.25,181.0,45.25,C,FAIL
63,6,75,88,58.0,232.0,58.0,C+,FAIL
6,22,30,74,33.0,132.0,33.0,NG,FAIL
54,28,50,89,55.25,221.0,55.25,C+,FAIL
78,92,36,43,62.25,249.0,62.25,B,PASS
17,88,82,93,70.0,280.0,70.0,B+,FAIL
3,19,87,5,28.5,114.0,28.5,NG,FAIL
93,60,90,80,80.75,323.0,80.75,A,PASS
36,53,64,10,40.75,163.0,40.75,C,FAIL
94,49,10,22,43.75,175.0,43.75,C,FAIL
26,28,39,66,39.75,159.0,39.75,C,FAIL
97,37,6,92,58.0,232.0,58.0,C+,FAIL
83,66,49,43,60.25,241.0,60.25,B,PASS
44,17,8,42,27.75,111.0,27.75,NG,FAIL
67,9,67,98,60.25,241.0,60.25,B,FAIL
49,87,95,19,62.5,250.0,62.5,B,FAIL
55,95,82,98,82.5,330.0,82.5,A,PASS
97,69,98,46,77.5,310.0,77.5,B+,PASS
81,53,44,69,61.75,247.0,61.75,B,PASS
32,14,13,77,34.0,136.0,34.0,NG,FAIL
12,58,7,37,28.5,114.0,28.5,NG,FAIL
89,55,60,80,71.0,284.0,71.0,B+,PASS
91,37,25,55,52.0,208.0,52.0,C+,FAIL
51,32,14,75,43.0,172.0,43.0,C,FAIL
7,6,39,41,23.25,93.0,23.25,NG,FAIL
90,14,93,85,70.5,282.0,70.5,B+,FAIL
5,45,90,36,44.0,176.0,44.0,C,FAIL
94,14,31,51,47.5,190.0,47.5,C,FAIL
3,43,74,83,50.75,203.0,50.75,C+,FAIL
2,94,94,50,60.0,240.0,60.0,B,FAIL
48,72,51,0,42.75,171.0,42.75,C,FAIL
49,89,98,21,64.25,257.0,64.25,B,FAIL
96,90,5,82,68.25,273.0,68.25,B,FAIL
52,85,81,4,55.5,222.0,55.5,C+,FAIL
11,69,90,82,63.0,252.0,63.0,B,FAIL
49,95,51,32,56.75,227.0,56.75,C+,FAIL
87,65,54,67,68.25,273.0,68.25,B,PASS
46,80,34,17,44.25,177.0,44.25,C,FAIL
24,92,38,21,43.75,175.0,43.75,C,FAIL
64,92,55,35,61.5,246.0,61.5,B,PASS
48,78,42,85,63.25,253.0,63.25,B,PASS
35,88,24,33,45.0,180.0,45.0,C,FAIL
85,59,77,64,71.25,285.0,71.25,B+,PASS
4,17,22,69,28.0,112.0,28.0,NG,FAIL
32,5,69,86,48.0,192.0,48.0,C,FAIL
11,55,70,72,52.0,208.0,52.0,C+,FAIL
5,54,63,89,52.75,211.0,52.75,C+,FAIL
77,56,61,12,51.5,206.0,51.5,C+,FAIL
18,58,71,11,39.5,158.0,39.5,C,FAIL
97,64,98,87,86.5,346.0,86.5,A,PASS
36,21,79,4,35.0,140.0,35.0,C,FAIL
82,77,72,16,61.75,247.0,61.75,B,FAIL
35,72,96,97,75.0,300.0,75.0,B+,PASS
37,96,75,97,76.25,305.0,76.25,B+,PASS
2,28,92,13,33.75,135.0,33.75,NG,FAIL
9,25,84,20,34.5,138.0,34.5,NG,FAIL
94,67,77,38,69.0,276.0,69.0,B,PASS
60,31,98,18,51.75,207.0,51.75,C+,FAIL
25,17,53,5,25.0,100.0,25.0,NG,FAIL
33,30,32,43,34.5,138.0,34.5,NG,FAIL
51,90,63,84,72.0,288.0,72.0,B+,PASS
77,24,5,56,40.5,162.0,40.5,C,FAIL
21,88,28,6,35.75,143.0,35.75,C,FAIL
67,4,45,2,29.5,118.0,29.5,NG,FAIL
90,28,15,5,34.5,138.0,34.5,NG,FAIL
59,74,18,7,39.5,158.0,39.5,C,FAIL
32,80,27,38,44.25,177.0,44.25,C,FAIL
44,50,30,38,40.5,162.0,40.5,C,FAIL
86,11,27,9,33.25,133.0,33.25,NG,FAIL
25,36,15,88,41.0,164.0,41.0,C,FAIL
35,77,50,90,63.0,252.0,63.0,B,PASS
58,40,22,5,31.25,125.0,31.25,NG,FAIL
57,91,30,62,60.0,240.0,60.0,B,FAIL
65,77,53,88,70.75,283.0,70.75,B+,PASS
37,72,58,26,48.25,193.0,48.25,C,FAIL
88,37,28,72,56.25,225.0,56.25,C+,FAIL
16,88,26,93,55.75,223.0,55.75,C+,FAIL
97,77,59,83,79.0,316.0,79.0,B+,PASS
69,73,53,43,59.5,238.0,59.5,C+,PASS
72,93,5,51,55.25,221.0,55.25,C+,FAIL
93,43,51,36,55.75,223.0,55.75,C+,PASS
76,73,36,40,56.25,225.0,56.25,C+,PASS
80,0,90,71,60.25,241.0,60.25,B,FAIL
75,95,94,98,90.5,362.0,90.5,A+,PASS
36,51,92,30,52.25,209.0,52.25,C+,FAIL
42,86,3,43,43.5,174.0,43.5,C,FAIL
81,56,55,86,69.5,278.0,69.5,B,PASS
53,73,87,7,55.0,220.0,55.0,C+,FAIL
84,65,28,71,62.0,248.0,62.0,B,FAIL
1,16,71,3,22.75,91.0,22.75,NG,FAIL
91,76,66,91,81.0,324.0,81.0,A,PASS
94,32,40,70,59.0,236.0,59.0,C+,FAIL
46,43,11,6,26.5,106.0,26.5,NG,FAIL
18,19,77,27,35.25,141.0,35.25,C,FAIL
9,71,15,23,29.5,118.0,29.5,NG,FAIL
97,52,24,89,65.5,262.0,65.5,B,FAIL
91,71,79,25,66.5,266.0,66.5,B,FAIL
76,86,91,92,86.25,345.0,86.25,A,PASS
46,12,55,22,33.75,135.0,33.75,NG,FAIL
34,86,41,16,44.25,177.0,44.25,C,FAIL
64,46,86,29,56.25,225.0,56.25,C+,FAIL
43,12,6,21,20.5,82.0,20.5,NG,FAIL
60,16,61,27,41.0,164.0,41.0,C,FAIL
51,2,26,44,30.75,123.0,30.75,NG,FAIL
4,12,57,76,37.25,149.0,37.25,C,FAIL
18,5,62,74,39.75,159.0,39.75,C,FAIL
34,7,10,6,14.25,57.0,14.25,NG,FAIL
24,76,10,91,50.25,201.0,50.25,C+,FAIL
23,70,56,89,59.5,238.0,59.5,C+,FAIL
32,24,97,66,54.75,219.0,54.75,C+,FAIL
21,85,93,34,58.25,233.0,58.25,C+,FAIL
70,16,43,82,52.75,211.0,52.75,C+,FAIL
91,36,47,88,65.5,262.0,65.5,B,PASS
72,28,74,83,64.25,257.0,64.25,B,FAIL
24,13,65,99,50.25,201.0,50.25,C+,FAIL
60,1,87,7,38.75,155.0,38.75,C,FAIL
49,5,21,7,20.5,82.0,20.5,NG,FAIL
79,23,10,57,42.25,169.0,42.25,C,FAIL
18,32,97,84,57.75,231.0,57.75,C+,FAIL
16,1,28,5,12.5,50.0,12.5,NG,FAIL
42,25,71,15,38.25,153.0,38.25,C,FAIL
43,24,50,77,48.5,194.0,48.5,C,FAIL
89,32,88,90,74.75,299.0,74.75,B+,FAIL
49,53,57,3,40.5,162.0,40.5,C,FAIL
3,82,40,82,51.75,207.0,51.75,C+,FAIL
95,20,44,80,59.75,239.0,59.75,C+,FAIL
96,46,96,96,83.5,334.0,83.5,A,PASS
43,15,28,56,35.5,142.0,35.5,C,FAIL
38,73,33,16,40.0,160.0,40.0,C,FAIL
90,9,58,75,58.0,232.0,58.0,C+,FAIL
50,38,13,62,40.75,163.0,40.75,C,FAIL
61,35,0,96,48.0,192.0,48.0,C,FAIL
57,90,27,0,43.5,174.0,43.5,C,FAIL
19,44,68,52,45.75,183.0,45.75,C,FAIL
68,89,50,99,76.5,306.0,76.5,B+,PASS
44,68,82,56,62.5,250.0,62.5,B,PASS
33,88,11,48,45.0,180.0,45.0,C,FAIL
47,13,61,93,53.5,214.0,53.5,C+,FAIL
13,68,15,47,35.75,143.0,35.75,C,FAIL
79,19,6,72,44.0,176.0,44.0,C,FAIL
33,50,31,58,43.0,172.0,43.0,C,FAIL
29,79,1,98,51.75,207.0,51.75,C+,FAIL
93,96,19,29,59.25,237.0,59.25,C+,FAIL
65,61,18,37,45.25,181.0,45.25,C,FAIL
42,40,18,40,35.0,140.0,35.0,C,FAIL
63,43,46,90,60.5,242.0,60.5,B,PASS
63,61,65,4,48.25,193.0,48.25,C,FAIL
68,25,76,44,53.25,213.0,53.25,C+,FAIL
9,10,94,93,51.5,206.0,51.5,C+,FAIL
82,58,78,82,75.0,300.0,75.0,B+,PASS
3,92,6,76,44.25,177.0,44.25,C,FAIL
81,60,37,64,60.5,242.0,60.5,B,PASS
15,17,79,49,40.0,160.0,40.0,C,FAIL
47,6,47,12,28.0,112.0,28.0,NG,FAIL
49,93,6,38,46.5,186.0,46.5,C,FAIL
20,73,30,2,31.25,125.0,31.25,NG,FAIL
99,8,18,10,33.75,135.0,33.75,NG,FAIL
93,16,3,73,46.25,185.0,46.25,C,FAIL
5,94,11,56,41.5,166.0,41.5,C,FAIL
31,46,18,39,33.5,134.0,33.5,NG,FAIL
8,65,93,66,58.0,232.0,58.0,C+,FAIL
7,20,73,16,29.0,116.0,29.0,NG,FAIL
38,67,65,87,64.25,257.0,64.25,B,PASS
27,9,30,87,38.25,153.0,38.25,C,FAIL
42,76,32,77,56.75,227.0,56.75,C+,FAIL
66,62,86,34,62.0,248.0,62.0,B,FAIL
36,6,54,95,47.75,191.0,47.75,C,FAIL
7,95,44,61,51.75,207.0,51.75,C+,FAIL
15,56,16,66,38.25,153.0,38.25,C,FAIL
20,37,60,12,32.25,129.0,32.25,NG,FAIL
41,71,22,65,49.75,199.0,49.75,C,FAIL
6,47,77,68,49.5,198.0,49.5,C,FAIL
19,87,44,34,46.0,184.0,46.0,C,FAIL
69,88,42,71,67.5,270.0,67.5,B,PASS
0,46,90,29,41.25,165.0,41.25,C,FAIL
72,9,45,40,41.5,166.0,41.5,C,FAIL
50,49,92,7,49.5,198.0,49.5,C,FAIL
98,84,98,14,73.5,294.0,73.5,B+,FAIL
41,63,49,41,48.5,194.0,48.5,C,PASS
39,75,29,6,37.25,149.0,37.25,C,FAIL
29,41,38,97,51.25,205.0,51.25,C+,FAIL
93,32,16,77,54.5,218.0,54.5,C+,FAIL
5,87,49,84,56.25,225.0,56.25,C+,FAIL
48,90,78,29,61.25,245.0,61.25,B,FAIL
40,35,45,21,35.25,141.0,35.25,C,FAIL
40,88,83,88,74.75,299.0,74.75,B+,PASS
24,76,38,80,54.5,218.0,54.5,C+,FAIL
12,81,20,45,39.5,158.0,39.5,C,FAIL
59,94,1,27,45.25,181.0,45.25,C,FAIL
51,97,24,63,58.75,235.0,58.75,C+,FAIL
39,45,6,24,28.5,114.0,28.5,NG,FAIL
50,29,5,34,29.5,118.0,29.5,NG,FAIL
77,9,97,79,65.5,262.0,65.5,B,FAIL
84,93,80,96,88.25,353.0,88.25,A,PASS
42,59,97,12,52.5,210.0,52.5,C+,FAIL
42,47,30,9,32.0,128.0,32.0,NG,FAIL
7,19,0,79,26.25,105.0,26.25,NG,FAIL
30,14,39,27,27.5,110.0,27.5,NG,FAIL
72,98,35,55,65.0,260.0,65.0,B,PASS
43,14,70,42,42.25,169.0,42.25,C,FAIL
83,23,74,36,54.0,216.0,54.0,C+,FAIL
71,55,45,88,64.75,259.0,64.75,B,PASS
80,25,9,12,31.5,126.0,31.5,NG,FAIL
92,19,18,54,45.75,183.0,45.75,C,FAIL
90,67,94,91,85.5,342.0,85.5,A,PASS
57,53,58,64,58.0,232.0,58.0,C+,PASS
79,43,86,48,64.0,256.0,64.0,B,PASS
92,52,74,17,58.75,235.0,58.75,C+,FAIL
92,92,18,52,63.5,254.0,63.5,B,FAIL
71,73,35,15,48.5,194.0,48.5,C,FAIL
60,45,37,24,41.5,166.0,41.5,C,FAIL
98,39,15,18,42.5,170.0,42.5,C,FAIL
9,42,21,22,23.5,94.0,23.5,NG,FAIL
54,63,71,34,55.5,222.0,55.5,C+,FAIL
87,42,32,71,58.0,232.0,58.0,C+,FAIL
38,29,22,51,35.0,140.0,35.0,C,FAIL
57,12,0,4,18.25,73.0,18.25,NG,FAIL
44,92,90,24,62.5,250.0,62.5,B,FAIL
98,57,14,32,50.25,201.0,50.25,C+,FAIL
54,54,63,60,57.75,231.0,57.75,C+,PASS
15,42,15,3,18.75,75.0,18.75,NG,FAIL
16,87,94,89,71.5,286.0,71.5,B+,FAIL
5,70,27,8,27.5,110.0,27.5,NG,FAIL
88,84,65,64,75.25,301.0,75.25,B+,PASS
44,19,34,52,37.25,149.0,37.25,C,FAIL
87,8,68,12,43.75,175.0,43.75,C,FAIL
49,41,15,74,44.75,179.0,44.75,C,FAIL
48,64,81,21,53.5,214.0,53.5,C+,FAIL
71,8,38,47,41.0,164.0,41.0,C,FAIL
31,6,30,31,24.5,98.0,24.5,NG,FAIL
39,34,80,17,42.5,170.0,42.5,C,FAIL
19,34,25,93,42.75,171.0,42.75,C,FAIL
74,63,81,45,65.75,263.0,65.75,B,PASS
72,42,15,83,53.0,212.0,53.0,C+,FAIL
49,64,70,77,65.0,260.0,65.0,B,PASS
19,38,73,34,41.0,164.0,41.0,C,FAIL
19,49,41,33,35.5,142.0,35.5,C,FAIL
29,48,21,16,28.5,114.0,28.5,NG,FAIL
45,18,59,87,52.25,209.0,52.25,C+,FAIL
69,67,45,44,56.25,225.0,56.25,C+,PASS
99,55,16,17,46.75,187.0,46.75,C,FAIL
27,98,21,16,40.5,162.0,40.5,C,FAIL
21,18,39,16,23.5,94.0,23.5,NG,FAIL
7,78,87,93,66.25,265.0,66.25,B,FAIL
59,39,88,55,60.25,241.0,60.25,B,PASS
13,19,17,68,29.25,117.0,29.25,NG,FAIL
98,62,85,18,65.75,263.0,65.75,B,FAIL
87,78,19,94,69.5,278.0,69.5,B,FAIL
98,3,30,55,46.5,186.0,46.5,C,FAIL
0,38,95,66,49.75,199.0,49.75,C,FAIL
36,40,36,95,51.75,207.0,51.75,C+,PASS
63,5,9,75,38.0,152.0,38.0,C,FAIL
63,50,82,57,63.0,252.0,63.0,B,PASS
37,46,26,10,29.75,119.0,29.75,NG,FAIL
90,77,76,94,84.25,337.0,84.25,A,PASS
76,4,47,17,36.0,144.0,36.0,C,FAIL
46,25,48,22,35.25,141.0,35.25,C,FAIL
78,20,3,60,40.25,161.0,40.25,C,FAIL
66,62,86,75,72.25,289.0,72.25,B+,PASS
82,98,12,76,67.0,268.0,67.0,B,FAIL
88,59,72,9,57.0,228.0,57.0,C+,FAIL
82,18,47,2,37.25,149.0,37.25,C,FAIL
65,91,79,62,74.25,297.0,74.25,B+,PASS
89,35,72,51,61.75,247.0,61.75,B,PASS
76,70,24,62,58.0,232.0,58.0,C+,FAIL
30,95,72,86,70.75,283.0,70.75,B+,FAIL
31,42,92,33,49.5,198.0,49.5,C,FAIL
2,20,95,71,47.0,188.0,47.0,C,FAIL
69,96,74,2,60.25,241.0,60.25,B,FAIL
37,95,45,66,60.75,243.0,60.75,B,PASS
6,70,90,45,52.75,211.0,52.75,C+,FAIL
81,97,42,29,62.25,249.0,62.25,B,FAIL
33,2,22,49,26.5,106.0,26.5,NG,FAIL
70,6,10,86,43.0,172.0,43.0,C,FAIL
98,52,23,75,62.0,248.0,62.0,B,FAIL
82,6,2,24,28.5,114.0,28.5,NG,FAIL
91,97,37,27,63.0,252.0,63.0,B,FAIL
91,10,47,3,37.75,151.0,37.75,C,FAIL
40,92,9,1,35.5,142.0,35.5,C,FAIL
2,81,42,59,46.0,184.0,46.0,C,FAIL
67,63,42,81,63.25,253.0,63.25,B,PASS
21,25,73,53,43.0,172.0,43.0,C,FAIL
55,37,29,87,52.0,208.0,52.0,C+,FAIL
26,38,24,89,44.25,177.0,44.25,C,FAIL
5,78,29,29,35.25,141.0,35.25,C,FAIL
15,53,54,20,35.5,142.0,35.5,C,FAIL
6,44,19,80,37.25,149.0,37.25,C,FAIL
23,61,37,73,48.5,194.0,48.5,C,FAIL
42,11,80,61,48.5,194.0,48.5,C,FAIL
14,6,75,59,38.5,154.0,38.5,C,FAIL
1,73,76,38,47.0,188.0,47.0,C,FAIL
33,44,33,76,46.5,186.0,46.5,C,FAIL
66,46,70,91,68.25,273.0,68.25,B,PASS
11,26,23,56,29.0,116.0,29.0,NG,FAIL
87,86,0,71,61.0,244.0,61.0,B,FAIL
24,16,62,74,44.0,176.0,44.0,C,FAIL
21,62,90,65,59.5,238.0,59.5,C+,FAIL
86,99,30,76,72.75,291.0,72.75,B+,FAIL
36,50,70,90,61.5,246.0,61.5,B,PASS
10,33,38,7,22.0,88.0,22.0,NG,FAIL
57,47,50,9,40.75,163.0,40.75,C,FAIL
56,89,53,46,61.0,244.0,61.0,B,PASS
43,84,3,76,51.5,206.0,51.5,C+,FAIL
92,83,33,65,68.25,273.0,68.25,B,FAIL
42,22,80,71,53.75,215.0,53.75,C+,FAIL
7,56,38,83,46.0,184.0,46.0,C,FAIL
32,74,66,34,51.5,206.0,51.5,C+,FAIL
59,48,29,79,53.75,215.0,53.75,C+,FAIL
23,44,23,65,38.75,155.0,38.75,C,FAIL
54,29,51,77,52.75,211.0,52.75,C+,FAIL
29,96,90,90,76.25,305.0,76.25,B+,FAIL
66,18,66,48,49.5,198.0,49.5,C,FAIL
53,35,62,61,52.75,211.0,52.75,C+,PASS
74,11,45,73,50.75,203.0,50.75,C+,FAIL
56,5,42,82,46.25,185.0,46.25,C,FAIL
65,72,65,99,75.25,301.0,75.25,B+,PASS
76,99,20,1,49.0,196.0,49.0,C,FAIL
65,48,80,28,55.25,221.0,55.25,C+,FAIL
60,67,13,79,54.75,219.0,54.75,C+,FAIL
96,88,34,27,61.25,245.0,61.25,B,FAIL
54,90,56,42,60.5,242.0,60.5,B,PASS
96,29,78,60,65.75,263.0,65.75,B,FAIL
99,70,22,25,54.0,216.0,54.0,C+,FAIL
98,81,25,42,61.5,246.0,61.5,B,FAIL
80,4,72,4,40.0,160.0,40.0,C,FAIL
3,49,24,71,36.75,147.0,36.75,C,FAIL
58,57,80,38,58.25,233.0,58.25,C+,PASS
70,35,35,4,36.0,144.0,36.0,C,FAIL
38,42,34,39,38.25,153.0,38.25,C,FAIL
32,18,2,38,22.5,90.0,22.5,NG,FAIL
1,58,50,28,34.25,137.0,34.25,NG,FAIL
24,86,13,29,38.0,152.0,38.0,C,FAIL
47,11,22,73,38.25,153.0,38.25,C,FAIL
31,40,39,45,38.75,155.0,38.75,C,FAIL
43,21,50,56,42.5,170.0,42.5,C,FAIL
84,61,48,8,50.25,201.0,50.25,C+,FAIL
6,16,53,68,35.75,143.0,35.75,C,FAIL
66,82,33,71,63.0,252.0,63.0,B,FAIL
77,97,87,36,74.25,297.0,74.25,B+,PASS
70,37,13,25,36.25,145.0,36.25,C,FAIL
89,91,3,53,59.0,236.0,59.0,C+,FAIL
10,34,56,56,39.0,156.0,39.0,C,FAIL
85,97,91,21,73.5,294.0,73.5,B+,FAIL
5,92,90,80,66.75,267.0,66.75,B,FAIL
89,79,71,16,63.75,255.0,63.75,B,FAIL
76,35,53,37,50.25,201.0,50.25,C+,PASS
75,78,66,94,78.25,313.0,78.25,B+,PASS
88,36,85,12,55.25,221.0,55.25,C+,FAIL
86,85,91,20,70.5,282.0,70.5,B+,FAIL
30,84,8,75,49.25,197.0,49.25,C,FAIL
97,1,17,40,38.75,155.0,38.75,C,FAIL
55,27,33,96,52.75,211.0,52.75,C+,FAIL
68,29,91,92,70.0,280.0,70.0,B+,FAIL
21,68,31,63,45.75,183.0,45.75,C,FAIL
80,19,26,12,34.25,137.0,34.25,NG,FAIL
36,98,84,95,78.25,313.0,78.25,B+,PASS
74,68,28,65,58.75,235.0,58.75,C+,FAIL
99,30,46,5,45.0,180.0,45.0,C,FAIL
73,3,1,89,41.5,166.0,41.5,C,FAIL
78,22,37,41,44.5,178.0,44.5,C,FAIL
48,41,65,86,60.0,240.0,60.0,B,PASS
13,96,24,3,34.0,136.0,34.0,NG,FAIL
68,25,67,97,64.25,257.0,64.25,B,FAIL
72,91,36,0,49.75,199.0,49.75,C,FAIL
82,73,0,32,46.75,187.0,46.75,C,FAIL
5,50,13,46,28.5,114.0,28.5,NG,FAIL
95,52,96,56,74.75,299.0,74.75,B+,PASS
81,88,54,16,59.75,239.0,59.75,C+,FAIL
49,33,65,57,51.0,204.0,51.0,C+,FAIL
66,39,99,48,63.0,252.0,63.0,B,PASS
42,5,63,73,45.75,183.0,45.75,C,FAIL
83,85,75,36,69.75,279.0,69.75,B,PASS
52,62,49,18,45.25,181.0,45.25,C,FAIL
56,66,11,51,46.0,184.0,46.0,C,FAIL
43,33,96,34,51.5,206.0,51.5,C+,FAIL
48,8,46,49,37.75,151.0,37.75,C,FAIL
70,55,6,83,53.5,214.0,53.5,C+,FAIL
8,5,42,84,34.75,139.0,34.75,NG,FAIL
94,65,47,62,67.0,268.0,67.0,B,PASS
78,56,32,89,63.75,255.0,63.75,B,FAIL
89,16,83,4,48.0,192.0,48.0,C,FAIL
78,38,87,7,52.5,210.0,52.5,C+,FAIL
58,35,35,13,35.25,141.0,35.25,C,FAIL
52,49,56,61,54.5,218.0,54.5,C+,PASS
61,37,96,25,54.75,219.0,54.75,C+,FAIL
75,5,70,17,41.75,167.0,41.75,C,FAIL
16,64,80,41,50.25,201.0,50.25,C+,FAIL
39,21,63,16,34.75,139.0,34.75,NG,FAIL
54,53,18,77,50.5,202.0,50.5,C+,FAIL
36,77,44,49,51.5,206.0,51.5,C+,PASS
1,66,46,82,48.75,195.0,48.75,C,FAIL
81,20,98,2,50.25,201.0,50.25,C+,FAIL
38,30,33,51,38.0,152.0,38.0,C,FAIL
87,1,37,72,49.25,197.0,49.25,C,FAIL
29,38,28,6,25.25,101.0,25.25,NG,FAIL
98,20,38,24,45.0,180.0,45.0,C,FAIL
91,55,88,23,64.25,257.0,64.25,B,FAIL
7,67,34,12,30.0,120.0,30.0,NG,FAIL
58,92,32,17,49.75,199.0,49.75,C,FAIL
0,90,16,59,41.25,165.0,41.25,C,FAIL
74,96,89,64,80.75,323.0,80.75,A,PASS
33,3,39,16,22.75,91.0,22.75,NG,FAIL
47,11,42,14,28.5,114.0,28.5,NG,FAIL
72,94,87,19,68.0,272.0,68.0,B,FAIL
98,68,10,66,60.5,242.0,60.5,B,FAIL
86,40,97,60,70.75,283.0,70.75,B+,PASS
82,2,22,78,46.0,184.0,46.0,C,FAIL
58,9,61,64,48.0,192.0,48.0,C,FAIL
70,79,55,55,64.75,259.0,64.75,B,PASS
31,5,81,31,37.0,148.0,37.0,C,FAIL
75,81,92,19,66.75,267.0,66.75,B,FAIL
27,28,78,90,55.75,223.0,55.75,C+,FAIL
92,25,6,2,31.25,125.0,31.25,NG,FAIL
16,61,1,83,40.25,161.0,40.25,C,FAIL
77,89,47,44,64.25,257.0,64.25,B,PASS
38,60,29,2,32.25,129.0,32.25,NG,FAIL
49,40,83,17,47.25,189.0,47.25,C,FAIL
59,80,37,15,47.75,191.0,47.75,C,FAIL
16,68,97,76,64.25,257.0,64.25,B,FAIL
35,66,81,10,48.0,192.0,48.0,C,FAIL
76,48,65,11,50.0,200.0,50.0,C+,FAIL
46,21,68,24,39.75,159.0,39.75,C,FAIL
87,40,46,70,60.75,243.0,60.75,B,PASS
84,53,12,81,57.5,230.0,57.5,C+,FAIL
38,18,41,12,27.25,109.0,27.25,NG,FAIL
65,77,34,15,47.75,191.0,47.75,C,FAIL
60,70,77,69,69.0,276.0,69.0,B,PASS
69,84,31,48,58.0,232.0,58.0,C+,FAIL
54,51,35,80,55.0,220.0,55.0,C+,PASS
82,9,33,19,35.75,143.0,35.75,C,FAIL
97,12,40,3,38.0,152.0,38.0,C,FAIL
5,12,19,4,10.0,40.0,10.0,NG,FAIL
70,43,83,65,65.25,261.0,65.25,B,PASS
88,75,64,56,70.75,283.0,70.75,B+,PASS
6,24,49,40,29.75,119.0,29.75,NG,FAIL
37,22,52,99,52.5,210.0,52.5,C+,FAIL
19,4,77,98,49.5,198.0,49.5,C,FAIL
79,84,52,38,63.25,253.0,63.25,B,PASS
70,50,86,45,62.75,251.0,62.75,B,PASS
12,33,33,78,39.0,156.0,39.0,C,FAIL
62,78,98,72,77.5,310.0,77.5,B+,PASS
68,38,34,1,35.25,141.0,35.25,C,FAIL
63,29,32,31,38.75,155.0,38.75,C,FAIL
26,8,21,34,22.25,89.0,22.25,NG,FAIL
39,35,42,13,32.25,129.0,32.25,NG,FAIL
82,67,91,5,61.25,245.0,61.25,B,FAIL
97,95,93,32,79.25,317.0,79.25,B+,FAIL
61,41,38,14,38.5,154.0,38.5,C,FAIL
43,44,57,81,56.25,225.0,56.25,C+,PASS
64,30,56,46,49.0,196.0,49.0,C,FAIL
11,5,67,73,39.0,156.0,39.0,C,FAIL
36,46,92,95,67.25,269.0,67.25,B,PASS
69,88,31,53,60.25,241.0,60.25,B,FAIL
2,67,48,72,47.25,189.0,47.25,C,FAIL
91,59,94,22,66.5,266.0,66.5,B,FAIL
63,86,98,25,68.0,272.0,68.0,B,FAIL
32,24,56,73,46.25,185.0,46.25,C,FAIL
13,40,25,37,28.75,115.0,28.75,NG,FAIL
41,78,78,44,60.25,241.0,60.25,B,PASS
5,43,11,19,19.5,78.0,19.5,NG,FAIL
48,83,93,83,76.75,307.0,76.75,B+,PASS
73,69,34,1,44.25,177.0,44.25,C,FAIL
35,37,22,0,23.5,94.0,23.5,NG,FAIL
94,31,71,72,67.0,268.0,67.0,B,FAIL
93,10,25,1,32.25,129.0,32.25,NG,FAIL
88,35,52,8,45.75,183.0,45.75,C,FAIL
36,88,94,50,67.0,268.0,67.0,B,PASS
13,8,94,48,40.75,163.0,40.75,C,FAIL
97,91,6,20,53.5,214.0,53.5,C+,FAIL
25,84,50,86,61.25,245.0,61.25,B,FAIL
40,90,20,63,53.25,213.0,53.25,C+,FAIL
19,74,60,21,43.5,174.0,43.5,C,FAIL
43,44,52,41,45.0,180.0,45.0,C,PASS
69,52,84,24,57.25,229.0,57.25,C+,FAIL
46,97,7,20,42.5,170.0,42.5,C,FAIL
80,53,86,67,71.5,286.0,71.5,B+,PASS
40,28,91,25,46.0,184.0,46.0,C,FAIL
55,51,2,63,42.75,171.0,42.75,C,FAIL
65,27,7,28,31.75,127.0,31.75,NG,FAIL
61,41,88,56,61.5,246.0,61.5,B,PASS
92,63,82,86,80.75,323.0,80.75,A,PASS
3,10,60,8,20.25,81.0,20.25,NG,FAIL
33,47,39,78,49.25,197.0,49.25,C,FAIL
24,17,12,44,24.25,97.0,24.25,NG,FAIL
87,64,58,87,74.0,296.0,74.0,B+,PASS
12,80,27,81,50.0,200.0,50.0,C+,FAIL
22,17,69,47,38.75,155.0,38.75,C,FAIL
79,43,96,67,71.25,285.0,71.25,B+,PASS
14,30,29,39,28.0,112.0,28.0,NG,FAIL
6,81,29,93,52.25,209.0,52.25,C+,FAIL
64,0,70,7,35.25,141.0,35.25,C,FAIL
31,38,84,55,52.0,208.0,52.0,C+,FAIL
41,54,16,64,43.75,175.0,43.75,C,FAIL
31,16,31,72,37.5,150.0,37.5,C,FAIL
92,45,71,63,67.75,271.0,67.75,B,PASS
95,91,45,17,62.0,248.0,62.0,B,FAIL
57,54,14,59,46.0,184.0,46.0,C,FAIL
63,53,2,9,31.75,127.0,31.75,NG,FAIL
55,37,36,40,42.0,168.0,42.0,C,PASS
54,88,7,27,44.0,176.0,44.0,C,FAIL
54,8,70,76,52.0,208.0,52.0,C+,FAIL
87,50,83,44,66.0,264.0,66.0,B,PASS
45,70,19,84,54.5,218.0,54.5,C+,FAIL
46,23,99,95,65.75,263.0,65.75,B,FAIL
89,55,76,1,55.25,221.0,55.25,C+,FAIL
44,20,63,4,32.75,131.0,32.75,NG,FAIL
94,60,64,38,64.0,256.0,64.0,B,PASS
16,4,43,41,26.0,104.0,26.0,NG,FAIL
10,56,41,16,30.75,123.0,30.75,NG,FAIL
94,13,6,36,37.25,149.0,37.25,C,FAIL
29,3,76,56,41.0,164.0,41.0,C,FAIL
6,82,27,68,45.75,183.0,45.75,C,FAIL
95,49,83,82,77.25,309.0,77.25,B+,PASS
25,75,88,27,53.75,215.0,53.75,C+,FAIL
38,45,72,78,58.25,233.0,58.25,C+,PASS
4,6,28,84,30.5,122.0,30.5,NG,FAIL
24,82,1,23,32.5,130.0,32.5,NG,FAIL
3,0,38,33,18.5,74.0,18.5,NG,FAIL
52,32,74,56,53.5,214.0,53.5,C+,FAIL
12,4,74,14,26.0,104.0,26.0,NG,FAIL
56,87,31,19,48.25,193.0,48.25,C,FAIL
14,10,30,12,16.5,66.0,16.5,NG,FAIL
2,60,81,44,46.75,187.0,46.75,C,FAIL
61,5,62,18,36.5,146.0,36.5,C,FAIL
21,0,9,9,9.75,39.0,9.75,NG,FAIL
36,95,66,25,55.5,222.0,55.5,C+,FAIL
4,71,48,99,55.5,222.0,55.5,C+,FAIL
73,52,4,0,32.25,129.0,32.25,NG,FAIL
4,31,33,6,18.5,74.0,18.5,NG,FAIL
56,30,45,98,57.25,229.0,57.25,C+,FAIL
60,33,17,2,28.0,112.0,28.0,NG,FAIL
17,76,97,77,66.75,267.0,66.75,B,FAIL
87,67,13,35,50.5,202.0,50.5,C+,FAIL
64,34,19,90,51.75,207.0,51.75,C+,FAIL
29,50,51,25,38.75,155.0,38.75,C,FAIL
99,28,81,23,57.75,231.0,57.75,C+,FAIL
19,73,69,42,50.75,203.0,50.75,C+,FAIL
93,96,64,96,87.25,349.0,87.25,A,PASS
24,85,27,52,47.0,188.0,47.0,C,FAIL
43,22,95,89,62.25,249.0,62.25,B,FAIL
99,80,30,2,52.75,211.0,52.75,C+,FAIL
46,74,76,45,60.25,241.0,60.25,B,PASS
39,65,24,47,43.75,175.0,43.75,C,FAIL
64,65,96,21,61.5,246.0,61.5,B,FAIL
65,58,29,99,62.75,251.0,62.75,B,FAIL
84,50,23,68,56.25,225.0,56.25,C+,FAIL
32,75,66,37,52.5,210.0,52.5,C+,FAIL
22,13,63,37,33.75,135.0,33.75,NG,FAIL
79,98,61,24,65.5,262.0,65.5,B,FAIL
10,92,7,6,28.75,115.0,28.75,NG,FAIL
13,63,43,81,50.0,200.0,50.0,C+,FAIL
67,35,1,42,36.25,145.0,36.25,C,FAIL
24,13,72,64,43.25,173.0,43.25,C,FAIL
57,32,96,56,60.25,241.0,60.25,B,FAIL
26,32,73,37,42.0,168.0,42.0,C,FAIL
17,61,79,30,46.75,187.0,46.75,C,FAIL
65,31,1,91,47.0,188.0,47.0,C,FAIL
23,92,75,72,65.5,262.0,65.5,B,FAIL
12,24,32,60,32.0,128.0,32.0,NG,FAIL
52,14,3,40,27.25,109.0,27.25,NG,FAIL
46,69,67,97,69.75,279.0,69.75,B,PASS
48,63,76,98,71.25,285.0,71.25,B+,PASS
60,20,2,54,34.0,136.0,34.0,NG,FAIL
75,27,4,90,49.0,196.0,49.0,C,FAIL
67,78,38,95,69.5,278.0,69.5,B,PASS
15,34,16,2,16.75,67.0,16.75,NG,FAIL
12,27,50,68,39.25,157.0,39.25,C,FAIL
22,6,50,79,39.25,157.0,39.25,C,FAIL
1,98,15,9,30.75,123.0,30.75,NG,FAIL
84,31,52,64,57.75,231.0,57.75,C+,FAIL
15,37,16,6,18.5,74.0,18.5,NG,FAIL
2,78,80,98,64.5,258.0,64.5,B,FAIL
79,3,21,65,42.0,168.0,42.0,C,FAIL
78,2,42,15,34.25,137.0,34.25,NG,FAIL
26,11,79,55,42.75,171.0,42.75,C,FAIL
17,89,26,36,42.0,168.0,42.0,C,FAIL
46,52,47,51,49.0,196.0,49.0,C,PASS
74,6,31,76,46.75,187.0,46.75,C,FAIL
57,66,32,25,45.0,180.0,45.0,C,FAIL
21,76,21,48,41.5,166.0,41.5,C,FAIL
50,88,64,14,54.0,216.0,54.0,C+,FAIL
18,97,4,61,45.0,180.0,45.0,C,FAIL
46,42,98,75,65.25,261.0,65.25,B,PASS
27,13,83,52,43.75,175.0,43.75,C,FAIL
48,7,34,34,30.75,123.0,30.75,NG,FAIL
86,50,64,83,70.75,283.0,70.75,B+,PASS
73,57,61,17,52.0,208.0,52.0,C+,FAIL
48,75,27,64,53.5,214.0,53.5,C+,FAIL
0,20,3,45,17.0,68.0,17.0,NG,FAIL
83,47,94,27,62.75,251.0,62.75,B,FAIL
52,42,85,30,52.25,209.0,52.25,C+,FAIL
6,18,61,14,24.75,99.0,24.75,NG,FAIL
98,22,86,42,62.0,248.0,62.0,B,FAIL
95,3,16,4,29.5,118.0,29.5,NG,FAIL
98,72,33,51,63.5,254.0,63.5,B,FAIL
52,98,58,3,52.75,211.0,52.75,C+,FAIL
58,75,8,59,50.0,200.0,50.0,C+,FAIL
7,53,93,56,52.25,209.0,52.25,C+,FAIL
35,80,14,23,38.0,152.0,38.0,C,FAIL
28,97,13,91,57.25,229.0,57.25,C+,FAIL
74,80,69,26,62.25,249.0,62.25,B,FAIL
79,35,86,54,63.5,254.0,63.5,B,PASS
63,87,36,20,51.5,206.0,51.5,C+,FAIL
53,86,30,43,53.0,212.0,53.0,C+,FAIL
91,34,59,8,48.0,192.0,48.0,C,FAIL
64,21,72,69,56.5,226.0,56.5,C+,FAIL
11,21,92,49,43.25,173.0,43.25,C,FAIL
37,61,77,0,43.75,175.0,43.75,C,FAIL
46,29,39,74,47.0,188.0,47.0,C,FAIL
65,27,80,69,60.25,241.0,60.25,B,FAIL
77,5,18,75,43.75,175.0,43.75,C,FAIL
8,27,64,13,28.0,112.0,28.0,NG,FAIL
5,13,35,51,26.0,104.0,26.0,NG,FAIL
8,82,88,55,58.25,233.0,58.25,C+,FAIL
14,69,25,75,45.75,183.0,45.75,C,FAIL
95,96,23,2,54.0,216.0,54.0,C+,FAIL
38,28,70,18,38.5,154.0,38.5,C,FAIL
35,43,81,63,55.5,222.0,55.5,C+,PASS
78,69,7,77,57.75,231.0,57.75,C+,FAIL
78,23,62,54,54.25,217.0,54.25,C+,FAIL
34,66,30,54,46.0,184.0,46.0,C,FAIL
54,32,29,52,41.75,167.0,41.75,C,FAIL
21,35,66,13,33.75,135.0,33.75,NG,FAIL
12,6,94,48,40.0,160.0,40.0,C,FAIL
75,92,89,24,70.0,280.0,70.0,B+,FAIL
70,83,31,53,59.25,237.0,59.25,C+,FAIL
84,84,67,44,69.75,279.0,69.75,B,PASS
0,38,3,58,24.75,99.0,24.75,NG,FAIL
40,27,93,26,46.5,186.0,46.5,C,FAIL
12,45,0,2,14.75,59.0,14.75,NG,FAIL
33,10,61,3,26.75,107.0,26.75,NG,FAIL
93,64,75,98,82.5,330.0,82.5,A,PASS
98,14,79,93,71.0,284.0,71.0,B+,FAIL
32,66,99,69,66.5,266.0,66.5,B,FAIL
48,99,92,44,70.75,283.0,70.75,B+,PASS
55,34,6,28,30.75,123.0,30.75,NG,FAIL
45,19,70,66,50.0,200.0,50.0,C+,FAIL
79,58,61,65,65.75,263.0,65.75,B,PASS
55,42,21,77,48.75,195.0,48.75,C,FAIL
63,51,7,54,43.75,175.0,43.75,C,FAIL
71,76,56,49,63.0,252.0,63.0,B,PASS
32,21,56,83,48.0,192.0,48.0,C,FAIL
43,43,12,62,40.0,160.0,40.0,C,FAIL
52,92,65,10,54.75,219.0,54.75,C+,FAIL
3,80,44,18,36.25,145.0,36.25,C,FAIL
39,79,99,51,67.0,268.0,67.0,B,PASS
16,53,23,69,40.25,161.0,40.25,C,FAIL
89,71,18,49,56.75,227.0,56.75,C+,FAIL
18,97,51,11,44.25,177.0,44.25,C,FAIL
68,77,85,78,77.0,308.0,77.0,B+,PASS
82,93,73,58,76.5,306.0,76.5,B+,PASS
22,21,56,9,27.0,108.0,27.0,NG,FAIL
22,47,91,99,64.75,259.0,64.75,B,FAIL
37,59,59,88,60.75,243.0,60.75,B,PASS
54,41,47,66,52.0,208.0,52.0,C+,PASS
66,74,20,63,55.75,223.0,55.75,C+,FAIL
98,46,0,30,43.5,174.0,43.5,C,FAIL
38,97,5,57,49.25,197.0,49.25,C,FAIL
58,56,25,62,50.25,201.0,50.25,C+,FAIL
0,12,56,33,25.25,101.0,25.25,NG,FAIL
37,59,99,88,70.75,283.0,70.75,B+,PASS
24,83,39,21,41.75,167.0,41.75,C,FAIL
84,6,30,8,32.0,128.0,32.0,NG,FAIL
32,15,8,83,34.5,138.0,34.5,NG,FAIL
29,96,31,26,45.5,182.0,45.5,C,FAIL
54,56,6,76,48.0,192.0,48.0,C,FAIL
98,22,31,71,55.5,222.0,55.5,C+,FAIL
33,98,1,25,39.25,157.0,39.25,C,FAIL
22,88,72,89,67.75,271.0,67.75,B,FAIL
83,72,75,21,62.75,251.0,62.75,B,FAIL
42,16,48,62,42.0,168.0,42.0,C,FAIL
91,68,20,10,47.25,189.0,47.25,C,FAIL
2,70,82,52,51.5,206.0,51.5,C+,FAIL
38,95,95,91,79.75,319.0,79.75,B+,PASS
66,73,49,15,50.75,203.0,50.75,C+,FAIL
24,22,37,74,39.25,157.0,39.25,C,FAIL
81,37,99,42,64.75,259.0,64.75,B,PASS
73,95,36,75,69.75,279.0,69.75,B,PASS
76,28,78,64,61.5,246.0,61.5,B,FAIL
56,92,84,35,66.75,267.0,66.75,B,PASS
73,48,72,22,53.75,215.0,53.75,C+,FAIL
96,37,96,5,58.5,234.0,58.5,C+,FAIL
0,29,93,25,36.75,147.0,36.75,C,FAIL
35,55,57,55,50.5,202.0,50.5,C+,PASS
7,99,69,59,58.5,234.0,58.5,C+,FAIL
96,27,76,21,55.0,220.0,55.0,C+,FAIL
67,2,70,15,38.5,154.0,38.5,C,FAIL
56,38,9,22,31.25,125.0,31.25,NG,FAIL
70,90,92,90,85.5,342.0,85.5,A,PASS
33,84,40,65,55.5,222.0,55.5,C+,FAIL
73,84,37,5,49.75,199.0,49.75,C,FAIL
85,92,99,7,70.75,283.0,70.75,B+,FAIL
15,33,91,87,56.5,226.0,56.5,C+,FAIL
75,90,38,84,71.75,287.0,71.75,B+,PASS
51,28,43,87,52.25,209.0,52.25,C+,FAIL
13,5,39,16,18.25,73.0,18.25,NG,FAIL
65,62,41,81,62.25,249.0,62.25,B,PASS
74,61,89,83,76.75,307.0,76.75,B+,PASS
51,20,47,27,36.25,145.0,36.25,C,FAIL
39,57,24,60,45.0,180.0,45.0,C,FAIL
88,66,24,99,69.25,277.0,69.25,B,FAIL
40,34,88,93,63.75,255.0,63.75,B,FAIL
32,73,65,15,46.25,185.0,46.25,C,FAIL
29,36,4,20,22.25,89.0,22.25,NG,FAIL
69,88,22,72,62.75,251.0,62.75,B,FAIL
2,68,23,63,39.0,156.0,39.0,C,FAIL
4,45,72,94,53.75,215.0,53.75,C+,FAIL
70,63,92,20,61.25,245.0,61.25,B,FAIL
89,25,62,44,55.0,220.0,55.0,C+,FAIL
56,45,37,40,44.5,178.0,44.5,C,PASS
19,35,28,55,34.25,137.0,34.25,NG,FAIL
52,49,36,27,41.0,164.0,41.0,C,FAIL
74,59,86,56,68.75,275.0,68.75,B,PASS
55,90,28,21,48.5,194.0,48.5,C,FAIL
34,29,52,67,45.5,182.0,45.5,C,FAIL
25,10,49,58,35.5,142.0,35.5,C,FAIL
92,0,92,29,53.25,213.0,53.25,C+,FAIL
55,57,51,26,47.25,189.0,47.25,C,FAIL
31,34,55,50,42.5,170.0,42.5,C,FAIL
18,72,63,91,61.0,244.0,61.0,B,FAIL
37,2,49,93,45.25,181.0,45.25,C,FAIL
3,23,35,69,32.5,130.0,32.5,NG,FAIL
74,54,22,53,50.75,203.0,50.75,C+,FAIL
98,56,46,18,54.5,218.0,54.5,C+,FAIL
78,68,64,54,66.0,264.0,66.0,B,PASS
3,24,88,14,32.25,129.0,32.25,NG,FAIL
38,16,22,20,24.0,96.0,24.0,NG,FAIL
43,95,75,8,55.25,221.0,55.25,C+,FAIL
7,34,82,47,42.5,170.0,42.5,C,FAIL
5,52,11,24,23.0,92.0,23.0,NG,FAIL
60,67,36,29,48.0,192.0,48.0,C,FAIL
15,35,10,31,22.75,91.0,22.75,NG,FAIL
35,14,35,4,22.0,88.0,22.0,NG,FAIL
98,53,90,39,70.0,280.0,70.0,B+,PASS
13,62,73,0,37.0,148.0,37.0,C,FAIL
71,74,82,96,80.75,323.0,80.75,A,PASS
1,9,27,83,30.0,120.0,30.0,NG,FAIL
29,54,89,75,61.75,247.0,61.75,B,FAIL
72,30,69,94,66.25,265.0,66.25,B,FAIL
89,44,72,31,59.0,236.0,59.0,C+,FAIL
62,83,59,57,65.25,261.0,65.25,B,PASS
7,30,10,99,36.5,146.0,36.5,C,FAIL
25,59,44,28,39.0,156.0,39.0,C,FAIL
73,15,14,7,27.25,109.0,27.25,NG,FAIL
35,10,66,98,52.25,209.0,52.25,C+,FAIL
18,41,41,19,29.75,119.0,29.75,NG,FAIL
23,79,70,56,57.0,228.0,57.0,C+,FAIL
96,47,54,99,74.0,296.0,74.0,B+,PASS
14,30,3,5,13.0,52.0,13.0,NG,FAIL
6,9,42,77,33.5,134.0,33.5,NG,FAIL
4,48,47,75,43.5,174.0,43.5,C,FAIL
64,43,18,71,49.0,196.0,49.0,C,FAIL
40,93,34,9,44.0,176.0,44.0,C,FAIL
19,66,12,69,41.5,166.0,41.5,C,FAIL
78,73,12,97,65.0,260.0,65.0,B,FAIL
32,45,67,1,36.25,145.0,36.25,C,FAIL
58,91,41,23,53.25,213.0,53.25,C+,FAIL
8,25,6,35,18.5,74.0,18.5,NG,FAIL
58,36,93,76,65.75,263.0,65.75,B,PASS
21,66,63,51,50.25,201.0,50.25,C+,FAIL
69,77,42,92,70.0,280.0,70.0,B+,PASS
70,50,33,96,62.25,249.0,62.25,B,FAIL
88,19,70,90,66.75,267.0,66.75,B,FAIL
0,71,81,46,49.5,198.0,49.5,C,FAIL
44,71,95,75,71.25,285.0,71.25,B+,PASS
63,39,25,7,33.5,134.0,33.5,NG,FAIL
69,47,22,24,40.5,162.0,40.5,C,FAIL
13,99,15,19,36.5,146.0,36.5,C,FAIL
80,54,55,97,71.5,286.0,71.5,B+,PASS
38,76,74,45,58.25,233.0,58.25,C+,PASS
3,59,13,39,28.5,114.0,28.5,NG,FAIL
17,48,38,81,46.0,184.0,46.0,C,FAIL
56,92,54,48,62.5,250.0,62.5,B,PASS
77,54,81,72,71.0,284.0,71.0,B+,PASS
69,15,34,97,53.75,215.0,53.75,C+,FAIL
43,23,45,58,42.25,169.0,42.25,C,FAIL
7,7,3,65,20.5,82.0,20.5,NG,FAIL
19,33,18,8,19.5,78.0,19.5,NG,FAIL
51,61,14,73,49.75,199.0,49.75,C,FAIL
17,20,66,25,32.0,128.0,32.0,NG,FAIL
67,9,48,73,49.25,197.0,49.25,C,FAIL
53,22,5,58,34.5,138.0,34.5,NG,FAIL
20,39,98,18,43.75,175.0,43.75,C,FAIL
21,31,73,99,56.0,224.0,56.0,C+,FAIL
5,22,43,11,20.25,81.0,20.25,NG,FAIL
42,31,38,15,31.5,126.0,31.5,NG,FAIL
99,30,70,20,54.75,219.0,54.75,C+,FAIL
90,34,44,94,65.5,262.0,65.5,B,FAIL
80,24,6,89,49.75,199.0,49.75,C,FAIL
55,4,39,5,25.75,103.0,25.75,NG,FAIL
16,61,34,87,49.5,198.0,49.5,C,FAIL
53,86,97,98,83.5,334.0,83.5,A,PASS
21,39,67,30,39.25,157.0,39.25,C,FAIL
25,66,25,51,41.75,167.0,41.75,C,FAIL
25,5,98,24,38.0,152.0,38.0,C,FAIL
80,63,20,87,62.5,250.0,62.5,B,FAIL
43,80,96,94,78.25,313.0,78.25,B+,PASS
56,33,85,91,66.25,265.0,66.25,B,FAIL
40,88,74,85,71.75,287.0,71.75,B+,PASS
32,5,8,25,17.5,70.0,17.5,NG,FAIL
3,58,77,65,50.75,203.0,50.75,C+,FAIL
3,75,4,43,31.25,125.0,31.25,NG,FAIL
8,18,89,66,45.25,181.0,45.25,C,FAIL
75,5,84,38,50.5,202.0,50.5,C+,FAIL
84,82,98,43,76.75,307.0,76.75,B+,PASS
33,9,41,18,25.25,101.0,25.25,NG,FAIL
39,70,54,0,40.75,163.0,40.75,C,FAIL
77,94,57,22,62.5,250.0,62.5,B,FAIL
49,84,40,15,47.0,188.0,47.0,C,FAIL
3,17,92,29,35.25,141.0,35.25,C,FAIL
42,89,96,86,78.25,313.0,78.25,B+,PASS
91,88,83,79,85.25,341.0,85.25,A,PASS
23,0,62,28,28.25,113.0,28.25,NG,FAIL
23,62,74,81,60.0,240.0,60.0,B,FAIL
56,40,59,42,49.25,197.0,49.25,C,PASS
52,93,52,28,56.25,225.0,56.25,C+,FAIL
25,68,27,45,41.25,165.0,41.25,C,FAIL
2,40,11,45,24.5,98.0,24.5,NG,FAIL
51,76,19,8,38.5,154.0,38.5,C,FAIL
92,45,49,51,59.25,237.0,59.25,C+,PASS
34,73,49,38,48.5,194.0,48.5,C,FAIL
31,94,66,93,71.0,284.0,71.0,B+,FAIL
35,31,10,50,31.5,126.0,31.5,NG,FAIL
64,0,43,33,35.0,140.0,35.0,C,FAIL
98,43,69,55,66.25,265.0,66.25,B,PASS
48,45,97,81,67.75,271.0,67.75,B,PASS
69,35,22,89,53.75,215.0,53.75,C+,FAIL
35,79,78,70,65.5,262.0,65.5,B,PASS
18,46,96,97,64.25,257.0,64.25,B,FAIL
36,93,41,89,64.75,259.0,64.75,B,PASS
23,91,14,95,55.75,223.0,55.75,C+,FAIL
11,71,45,9,34.0,136.0,34.0,NG,FAIL
78,39,2,83,50.5,202.0,50.5,C+,FAIL
31,36,71,31,42.25,169.0,42.25,C,FAIL
77,41,66,81,66.25,265.0,66.25,B,PASS
60,39,58,56,53.25,213.0,53.25,C+,PASS
30,46,19,69,41.0,164.0,41.0,C,FAIL
1,31,61,36,32.25,129.0,32.25,NG,FAIL
47,55,6,40,37.0,148.0,37.0,C,FAIL
14,64,2,24,26.0,104.0,26.0,NG,FAIL
42,66,22,3,33.25,133.0,33.25,NG,FAIL
52,50,71,9,45.5,182.0,45.5,C,FAIL
11,61,6,16,23.5,94.0,23.5,NG,FAIL
60,44,54,5,40.75,163.0,40.75,C,FAIL
5,86,56,27,43.5,174.0,43.5,C,FAIL
55,76,53,52,59.0,236.0,59.0,C+,PASS
33,51,76,82,60.5,242.0,60.5,B,FAIL
11,15,97,77,50.0,200.0,50.0,C+,FAIL
8,40,96,39,45.75,183.0,45.75,C,FAIL
68,35,52,65,55.0,220.0,55.0,C+,PASS
82,74,37,98,72.75,291.0,72.75,B+,PASS
77,58,91,93,79.75,319.0,79.75,B+,PASS
34,92,63,12,50.25,201.0,50.25,C+,FAIL
55,95,98,5,63.25,253.0,63.25,B,FAIL
6,29,34,46,28.75,115.0,28.75,NG,FAIL
4,68,70,58,50.0,200.0,50.0,C+,FAIL
74,99,96,28,74.25,297.0,74.25,B+,FAIL
7,50,35,66,39.5,158.0,39.5,C,FAIL
63,81,75,57,69.0,276.0,69.0,B,PASS
47,74,28,57,51.5,206.0,51.5,C+,FAIL
70,49,13,16,37.0,148.0,37.0,C,FAIL
28,15,68,87,49.5,198.0,49.5,C,FAIL
24,80,46,18,42.0,168.0,42.0,C,FAIL
78,5,56,60,49.75,199.0,49.75,C,FAIL
62,96,11,20,47.25,189.0,47.25,C,FAIL
47,80,94,11,58.0,232.0,58.0,C+,FAIL
6,50,20,64,35.0,140.0,35.0,C,FAIL
10,63,98,11,45.5,182.0,45.5,C,FAIL
47,32,55,88,55.5,222.0,55.5,C+,FAIL
6,75,27,76,46.0,184.0,46.0,C,FAIL
18,71,54,35,44.5,178.0,44.5,C,FAIL
11,19,87,24,35.25,141.0,35.25,C,FAIL
21,65,49,61,49.0,196.0,49.0,C,FAIL
44,3,80,28,38.75,155.0,38.75,C,FAIL
79,66,69,91,76.25,305.0,76.25,B+,PASS
68,82,24,25,49.75,199.0,49.75,C,FAIL
25,3,51,84,40.75,163.0,40.75,C,FAIL
84,95,75,97,87.75,351.0,87.75,A,PASS
71,55,29,46,50.25,201.0,50.25,C+,FAIL
36,91,38,92,64.25,257.0,64.25,B,PASS
31,49,94,38,53.0,212.0,53.0,C+,FAIL
31,45,26,69,42.75,171.0,42.75,C,FAIL
89,65,58,86,74.5,298.0,74.5,B+,PASS
57,83,34,35,52.25,209.0,52.25,C+,FAIL
9,31,86,91,54.25,217.0,54.25,C+,FAIL
27,78,65,26,49.0,196.0,49.0,C,FAIL
81,63,97,85,81.5,326.0,81.5,A,PASS
97,91,78,92,89.5,358.0,89.5,A,PASS
82,10,97,25,53.5,214.0,53.5,C+,FAIL
63,2,20,19,26.0,104.0,26.0,NG,FAIL
40,54,91,57,60.5,242.0,60.5,B,PASS
6,81,61,74,55.5,222.0,55.5,C+,FAIL
20,69,50,46,46.25,185.0,46.25,C,FAIL
89,52,9,77,56.75,227.0,56.75,C+,FAIL
2,6,4,86,24.5,98.0,24.5,NG,FAIL
9,67,1,5,20.5,82.0,20.5,NG,FAIL
30,31,44,32,34.25,137.0,34.25,NG,FAIL
35,92,6,11,36.0,144.0,36.0,C,FAIL
71,79,96,21,66.75,267.0,66.75,B,FAIL
18,64,9,78,42.25,169.0,42.25,C,FAIL
55,84,51,88,69.5,278.0,69.5,B,PASS
57,33,23,65,44.5,178.0,44.5,C,FAIL
38,33,31,51,38.25,153.0,38.25,C,FAIL
80,96,12,18,51.5,206.0,51.5,C+,FAIL
41,15,77,40,43.25,173.0,43.25,C,FAIL
67,49,35,50,50.25,201.0,50.25,C+,PASS
91,62,70,97,80.0,320.0,80.0,A,PASS
85,84,44,37,62.5,250.0,62.5,B,PASS
52,37,28,17,33.5,134.0,33.5,NG,FAIL
76,90,80,17,65.75,263.0,65.75,B,FAIL
86,41,4,59,47.5,190.0,47.5,C,FAIL
34,33,59,85,52.75,211.0,52.75,C+,FAIL
32,8,21,91,38.0,152.0,38.0,C,FAIL
51,96,39,96,70.5,282.0,70.5,B+,PASS
58,70,41,11,45.0,180.0,45.0,C,FAIL
27,40,11,10,22.0,88.0,22.0,NG,FAIL
90,17,28,5,35.0,140.0,35.0,C,FAIL
93,80,27,40,60.0,240.0,60.0,B,FAIL
75,60,61,13,52.25,209.0,52.25,C+,FAIL
14,77,11,63,41.25,165.0,41.25,C,FAIL
60,74,73,59,66.5,266.0,66.5,B,PASS
83,64,50,35,58.0,232.0,58.0,C+,PASS
12,28,71,3,28.5,114.0,28.5,NG,FAIL
75,89,77,58,74.75,299.0,74.75,B+,PASS
67,27,78,94,66.5,266.0,66.5,B,FAIL
69,94,89,6,64.5,258.0,64.5,B,FAIL
74,69,18,6,41.75,167.0,41.75,C,FAIL
52,82,53,79,66.5,266.0,66.5,B,PASS
59,53,55,50,54.25,217.0,54.25,C+,PASS
56,1,99,47,50.75,203.0,50.75,C+,FAIL
44,89,50,21,51.0,204.0,51.0,C+,FAIL
82,53,79,21,58.75,235.0,58.75,C+,FAIL
7,38,47,40,33.0,132.0,33.0,NG,FAIL
20,64,29,10,30.75,123.0,30.75,NG,FAIL
17,63,78,35,48.25,193.0,48.25,C,FAIL
12,24,87,81,51.0,204.0,51.0,C+,FAIL
78,46,83,96,75.75,303.0,75.75,B+,PASS
28,71,32,4,33.75,135.0,33.75,NG,FAIL
53,41,72,17,45.75,183.0,45.75,C,FAIL
28,59,39,97,55.75,223.0,55.75,C+,FAIL
3,76,34,58,42.75,171.0,42.75,C,FAIL
3,69,45,42,39.75,159.0,39.75,C,FAIL
52,45,25,1,30.75,123.0,30.75,NG,FAIL
39,10,83,72,51.0,204.0,51.0,C+,FAIL
8,60,52,71,47.75,191.0,47.75,C,FAIL
78,29,10,98,53.75,215.0,53.75,C+,FAIL
26,24,76,34,40.0,160.0,40.0,C,FAIL
84,4,85,82,63.75,255.0,63.75,B,FAIL
57,16,2,67,35.5,142.0,35.5,C,FAIL
52,48,36,35,42.75,171.0,42.75,C,PASS
79,29,46,68,55.5,222.0,55.5,C+,FAIL
81,0,82,85,62.0,248.0,62.0,B,FAIL
96,15,40,34,46.25,185.0,46.25,C,FAIL
67,62,69,13,52.75,211.0,52.75,C+,FAIL
60,91,47,99,74.25,297.0,74.25,B+,PASS
72,89,98,7,66.5,266.0,66.5,B,FAIL
73,86,84,38,70.25,281.0,70.25,B+,PASS
52,69,66,73,65.0,260.0,65.0,B,PASS
54,23,93,94,66.0,264.0,66.0,B,FAIL
77,4,24,4,27.25,109.0,27.25,NG,FAIL
65,93,52,85,73.75,295.0,73.75,B+,PASS
37,76,4,30,36.75,147.0,36.75,C,FAIL
57,45,74,20,49.0,196.0,49.0,C,FAIL
47,10,16,96,42.25,169.0,42.25,C,FAIL
23,7,33,47,27.5,110.0,27.5,NG,FAIL
47,79,18,68,53.0,212.0,53.0,C+,FAIL
8,11,7,4,7.5,30.0,7.5,NG,FAIL
59,74,4,82,54.75,219.0,54.75,C+,FAIL
99,38,81,77,73.75,295.0,73.75,B+,PASS
75,66,72,83,74.0,296.0,74.0,B+,PASS
72,63,46,41,55.5,222.0,55.5,C+,PASS
51,27,90,7,43.75,175.0,43.75,C,FAIL
64,13,10,58,36.25,145.0,36.25,C,FAIL
83,79,29,12,50.75,203.0,50.75,C+,FAIL
2,13,72,81,42.0,168.0,42.0,C,FAIL
40,83,46,31,50.0,200.0,50.0,C+,FAIL
70,30,6,62,42.0,168.0,42.0,C,FAIL
34,67,7,81,47.25,189.0,47.25,C,FAIL
80,45,91,75,72.75,291.0,72.75,B+,PASS
99,15,98,36,62.0,248.0,62.0,B,FAIL
94,40,53,84,67.75,271.0,67.75,B,PASS
97,32,77,38,61.0,244.0,61.0,B,FAIL
6,9,96,41,38.0,152.0,38.0,C,FAIL
33,56,53,71,53.25,213.0,53.25,C+,FAIL
75,50,92,50,66.75,267.0,66.75,B,PASS
23,57,37,83,50.0,200.0,50.0,C+,FAIL
9,24,95,78,51.5,206.0,51.5,C+,FAIL
11,61,2,72,36.5,146.0,36.5,C,FAIL
21,42,35,96,48.5,194.0,48.5,C,FAIL
52,30,4,10,24.0,96.0,24.0,NG,FAIL
26,99,50,75,62.5,250.0,62.5,B,FAIL
40,53,79,41,53.25,213.0,53.25,C+,PASS
57,21,55,1,33.5,134.0,33.5,NG,FAIL
56,99,70,56,70.25,281.0,70.25,B+,PASS
1,14,74,74,40.75,163.0,40.75,C,FAIL
81,92,68,30,67.75,271.0,67.75,B,FAIL
67,97,97,15,69.0,276.0,69.0,B,FAIL
77,73,27,47,56.0,224.0,56.0,C+,FAIL
3,74,70,29,44.0,176.0,44.0,C,FAIL
75,11,65,73,56.0,224.0,56.0,C+,FAIL
15,61,66,28,42.5,170.0,42.5,C,FAIL
81,88,2,11,45.5,182.0,45.5,C,FAIL
23,47,23,31,31.0,124.0,31.0,NG,FAIL
75,17,43,52,46.75,187.0,46.75,C,FAIL
82,86,91,83,85.5,342.0,85.5,A,PASS
69,50,22,89,57.5,230.0,57.5,C+,FAIL
27,58,47,38,42.5,170.0,42.5,C,FAIL
13,67,29,0,27.25,109.0,27.25,NG,FAIL
69,14,17,72,43.0,172.0,43.0,C,FAIL
51,85,40,34,52.5,210.0,52.5,C+,FAIL
74,44,15,70,50.75,203.0,50.75,C+,FAIL
83,24,67,57,57.75,231.0,57.75,C+,FAIL
54,55,15,58,45.5,182.0,45.5,C,FAIL
2,68,14,32,29.0,116.0,29.0,NG,FAIL
39,76,70,35,55.0,220.0,55.0,C+,PASS
82,27,20,67,49.0,196.0,49.0,C,FAIL
61,28,81,36,51.5,206.0,51.5,C+,FAIL
30,0,8,37,18.75,75.0,18.75,NG,FAIL
87,53,88,98,81.5,326.0,81.5,A,PASS
56,63,53,15,46.75,187.0,46.75,C,FAIL
33,67,39,55,48.5,194.0,48.5,C,FAIL
49,68,51,25,48.25,193.0,48.25,C,FAIL
79,75,85,41,70.0,280.0,70.0,B+,PASS
71,69,79,96,78.75,315.0,78.75,B+,PASS
24,1,93,11,32.25,129.0,32.25,NG,FAIL
30,39,42,4,28.75,115.0,28.75,NG,FAIL
5,99,45,87,59.0,236.0,59.0,C+,FAIL
68,87,35,24,53.5,214.0,53.5,C+,FAIL
62,22,19,14,29.25,117.0,29.25,NG,FAIL
77,42,58,64,60.25,241.0,60.25,B,PASS
37,42,25,29,33.25,133.0,33.25,NG,FAIL
37,52,84,38,52.75,211.0,52.75,C+,PASS
32,43,90,8,43.25,173.0,43.25,C,FAIL
55,5,8,49,29.25,117.0,29.25,NG,FAIL
18,65,41,49,43.25,173.0,43.25,C,FAIL
97,57,40,44,59.5,238.0,59.5,C+,PASS
26,31,59,99,53.75,215.0,53.75,C+,FAIL
12,23,84,3,30.5,122.0,30.5,NG,FAIL
54,45,3,44,36.5,146.0,36.5,C,FAIL
76,46,15,59,49.0,196.0,49.0,C,FAIL
15,48,60,86,52.25,209.0,52.25,C+,FAIL
41,6,58,90,48.75,195.0,48.75,C,FAIL
3,44,28,6,20.25,81.0,20.25,NG,FAIL
61,63,2,31,39.25,157.0,39.25,C,FAIL
38,77,7,27,37.25,149.0,37.25,C,FAIL
97,69,18,20,51.0,204.0,51.0,C+,FAIL
41,39,1,47,32.0,128.0,32.0,NG,FAIL
50,28,11,91,45.0,180.0,45.0,C,FAIL
49,30,45,60,46.0,184.0,46.0,C,FAIL
90,1,78,28,49.25,197.0,49.25,C,FAIL
2,69,14,95,45.0,180.0,45.0,C,FAIL
14,78,38,24,38.5,154.0,38.5,C,FAIL
19,92,0,13,31.0,124.0,31.0,NG,FAIL
77,13,82,93,66.25,265.0,66.25,B,FAIL
9,93,74,95,67.75,271.0,67.75,B,FAIL
16,2,42,62,30.5,122.0,30.5,NG,FAIL
28,91,50,53,55.5,222.0,55.5,C+,FAIL
39,38,66,83,56.5,226.0,56.5,C+,PASS
64,45,76,99,71.0,284.0,71.0,B+,PASS
19,72,33,98,55.5,222.0,55.5,C+,FAIL
8,27,84,72,47.75,191.0,47.75,C,FAIL
80,98,57,12,61.75,247.0,61.75,B,FAIL
90,74,48,3,53.75,215.0,53.75,C+,FAIL
44,76,41,64,56.25,225.0,56.25,C+,PASS
68,78,51,88,71.25,285.0,71.25,B+,PASS
95,3,40,52,47.5,190.0,47.5,C,FAIL
79,6,55,59,49.75,199.0,49.75,C,FAIL
3,94,20,47,41.0,164.0,41.0,C,FAIL
83,68,27,86,66.0,264.0,66.0,B,FAIL
15,40,51,32,34.5,138.0,34.5,NG,FAIL
79,50,68,2,49.75,199.0,49.75,C,FAIL
52,8,71,27,39.5,158.0,39.5,C,FAIL
67,33,19,25,36.0,144.0,36.0,C,FAIL
23,11,73,18,31.25,125.0,31.25,NG,FAIL
90,72,11,64,59.25,237.0,59.25,C+,FAIL
91,75,62,35,65.75,263.0,65.75,B,PASS
93,30,65,29,54.25,217.0,54.25,C+,FAIL
79,56,61,71,66.75,267.0,66.75,B,PASS
44,79,61,57,60.25,241.0,60.25,B,PASS
31,23,25,4,20.75,83.0,20.75,NG,FAIL
37,17,10,76,35.0,140.0,35.0,C,FAIL
43,54,59,49,51.25,205.0,51.25,C+,PASS
85,17,93,48,60.75,243.0,60.75,B,FAIL
88,67,19,93,66.75,267.0,66.75,B,FAIL
22,83,75,29,52.25,209.0,52.25,C+,FAIL
40,93,70,17,55.0,220.0,55.0,C+,FAIL
68,27,74,0,42.25,169.0,42.25,C,FAIL
37,76,35,23,42.75,171.0,42.75,C,FAIL
99,38,17,74,57.0,228.0,57.0,C+,FAIL
17,97,5,9,32.0,128.0,32.0,NG,FAIL
66,52,32,71,55.25,221.0,55.25,C+,FAIL
12,25,91,39,41.75,167.0,41.75,C,FAIL
40,33,62,47,45.5,182.0,45.5,C,FAIL
70,98,27,71,66.5,266.0,66.5,B,FAIL
85,1,62,78,56.5,226.0,56.5,C+,FAIL
48,29,64,0,35.25,141.0,35.25,C,FAIL
90,55,91,73,77.25,309.0,77.25,B+,PASS
77,56,2,72,51.75,207.0,51.75,C+,FAIL
29,25,57,26,34.25,137.0,34.25,NG,FAIL
95,15,2,38,37.5,150.0,37.5,C,FAIL
20,99,64,50,58.25,233.0,58.25,C+,FAIL
16,12,28,70,31.5,126.0,31.5,NG,FAIL
81,17,41,57,49.0,196.0,49.0,C,FAIL
99,71,95,16,70.25,281.0,70.25,B+,FAIL
80,41,41,88,62.5,250.0,62.5,B,PASS
55,60,75,72,65.5,262.0,65.5,B,PASS
77,27,86,98,72.0,288.0,72.0,B+,FAIL
36,63,81,34,53.5,214.0,53.5,C+,FAIL
67,79,87,2,58.75,235.0,58.75,C+,FAIL
2,98,30,39,42.25,169.0,42.25,C,FAIL
55,22,99,80,64.0,256.0,64.0,B,FAIL
3,79,32,97,52.75,211.0,52.75,C+,FAIL
73,76,49,25,55.75,223.0,55.75,C+,FAIL
4,89,16,7,29.0,116.0,29.0,NG,FAIL
18,81,98,26,55.75,223.0,55.75,C+,FAIL
61,68,92,39,65.0,260.0,65.0,B,PASS
43,37,81,49,52.5,210.0,52.5,C+,PASS
85,55,57,7,51.0,204.0,51.0,C+,FAIL
23,65,18,74,45.0,180.0,45.0,C,FAIL
54,34,33,58,44.75,179.0,44.75,C,FAIL
23,90,61,44,54.5,218.0,54.5,C+,FAIL
57,6,79,45,46.75,187.0,46.75,C,FAIL
32,61,30,6,32.25,129.0,32.25,NG,FAIL
28,58,68,3,39.25,157.0,39.25,C,FAIL
47,89,82,19,59.25,237.0,59.25,C+,FAIL
5,24,9,7,11.25,45.0,11.25,NG,FAIL
20,35,33,18,26.5,106.0,26.5,NG,FAIL
47,42,46,41,44.0,176.0,44.0,C,PASS
8,80,17,55,40.0,160.0,40.0,C,FAIL
63,12,20,85,45.0,180.0,45.0,C,FAIL
69,14,98,72,63.25,253.0,63.25,B,FAIL
47,15,76,13,37.75,151.0,37.75,C,FAIL
84,82,8,27,50.25,201.0,50.25,C+,FAIL
36,20,54,25,33.75,135.0,33.75,NG,FAIL
85,16,81,58,60.0,240.0,60.0,B,FAIL
82,61,72,2,54.25,217.0,54.25,C+,FAIL
97,52,61,69,69.75,279.0,69.75,B,PASS
74,80,36,91,70.25,281.0,70.25,B+,PASS
33,68,32,71,51.0,204.0,51.0,C+,FAIL
48,37,19,4,27.0,108.0,27.0,NG,FAIL
9,42,63,37,37.75,151.0,37.75,C,FAIL
93,63,27,47,57.5,230.0,57.5,C+,FAIL
17,98,7,37,39.75,159.0,39.75,C,FAIL
34,97,27,58,54.0,216.0,54.0,C+,FAIL
31,71,46,85,58.25,233.0,58.25,C+,FAIL
72,24,24,79,49.75,199.0,49.75,C,FAIL
95,58,88,52,73.25,293.0,73.25,B+,PASS
58,85,83,19,61.25,245.0,61.25,B,FAIL
14,90,20,91,53.75,215.0,53.75,C+,FAIL
85,91,80,12,67.0,268.0,67.0,B,FAIL
11,11,44,43,27.25,109.0,27.25,NG,FAIL
81,4,1,53,34.75,139.0,34.75,NG,FAIL
41,22,79,44,46.5,186.0,46.5,C,FAIL
28,19,50,77,43.5,174.0,43.5,C,FAIL
41,34,1,43,29.75,119.0,29.75,NG,FAIL
25,45,65,68,50.75,203.0,50.75,C+,FAIL
8,58,94,74,58.5,234.0,58.5,C+,FAIL
85,3,38,56,45.5,182.0,45.5,C,FAIL
49,84,28,21,45.5,182.0,45.5,C,FAIL
4,73,73,20,42.5,170.0,42.5,C,FAIL
6,20,5,35,16.5,66.0,16.5,NG,FAIL
68,20,11,69,42.0,168.0,42.0,C,FAIL
60,11,13,77,40.25,161.0,40.25,C,FAIL
17,19,54,52,35.5,142.0,35.5,C,FAIL
12,12,52,19,23.75,95.0,23.75,NG,FAIL
4,57,64,74,49.75,199.0,49.75,C,FAIL
23,12,21,37,23.25,93.0,23.25,NG,FAIL
9,20,34,17,20.0,80.0,20.0,NG,FAIL
70,5,13,4,23.0,92.0,23.0,NG,FAIL
23,41,3,11,19.5,78.0,19.5,NG,FAIL
20,35,54,26,33.75,135.0,33.75,NG,FAIL
55,39,17,20,32.75,131.0,32.75,NG,FAIL
22,18,47,87,43.5,174.0,43.5,C,FAIL
93,98,84,99,93.5,374.0,93.5,A+,PASS
33,66,35,66,50.0,200.0,50.0,C+,FAIL
16,42,60,34,38.0,152.0,38.0,C,FAIL
7,13,43,56,29.75,119.0,29.75,NG,FAIL
55,64,28,63,52.5,210.0,52.5,C+,FAIL
52,70,17,44,45.75,183.0,45.75,C,FAIL
44,31,74,98,61.75,247.0,61.75,B,FAIL
62,39,74,45,55.0,220.0,55.0,C+,PASS
83,30,75,10,49.5,198.0,49.5,C,FAIL
3,23,5,84,28.75,115.0,28.75,NG,FAIL
20,38,93,44,48.75,195.0,48.75,C,FAIL
24,98,39,8,42.25,169.0,42.25,C,FAIL
63,56,51,74,61.0,244.0,61.0,B,PASS
6,45,76,46,43.25,173.0,43.25,C,FAIL
76,51,40,19,46.5,186.0,46.5,C,FAIL
85,97,57,1,60.0,240.0,60.0,B,FAIL
56,42,24,33,38.75,155.0,38.75,C,FAIL
81,47,76,67,67.75,271.0,67.75,B,PASS
6,43,65,32,36.5,146.0,36.5,C,FAIL
23,88,94,47,63.0,252.0,63.0,B,FAIL
67,4,78,23,43.0,172.0,43.0,C,FAIL
52,91,4,88,58.75,235.0,58.75,C+,FAIL
8,7,58,45,29.5,118.0,29.5,NG,FAIL
78,35,94,44,62.75,251.0,62.75,B,PASS
61,14,31,71,44.25,177.0,44.25,C,FAIL
28,90,28,45,47.75,191.0,47.75,C,FAIL
31,1,17,8,14.25,57.0,14.25,NG,FAIL
34,84,83,0,50.25,201.0,50.25,C+,FAIL
40,7,25,8,20.0,80.0,20.0,NG,FAIL
84,27,74,69,63.5,254.0,63.5,B,FAIL
62,70,54,29,53.75,215.0,53.75,C+,FAIL
48,94,4,45,47.75,191.0,47.75,C,FAIL
16,25,94,71,51.5,206.0,51.5,C+,FAIL
23,31,68,59,45.25,181.0,45.25,C,FAIL
13,87,29,97,56.5,226.0,56.5,C+,FAIL
99,65,22,81,66.75,267.0,66.75,B,FAIL
96,55,4,85,60.0,240.0,60.0,B,FAIL
15,46,39,24,31.0,124.0,31.0,NG,FAIL
38,11,97,69,53.75,215.0,53.75,C+,FAIL
12,48,38,5,25.75,103.0,25.75,NG,FAIL
52,97,28,86,65.75,263.0,65.75,B,FAIL
3,6,48,96,38.25,153.0,38.25,C,FAIL
4,22,69,16,27.75,111.0,27.75,NG,FAIL
7,15,56,29,26.75,107.0,26.75,NG,FAIL
19,34,81,62,49.0,196.0,49.0,C,FAIL
71,97,7,58,58.25,233.0,58.25,C+,FAIL
99,51,51,93,73.5,294.0,73.5,B+,PASS
30,25,14,34,25.75,103.0,25.75,NG,FAIL
55,52,63,76,61.5,246.0,61.5,B,PASS
43,21,52,6,30.5,122.0,30.5,NG,FAIL
29,62,53,79,55.75,223.0,55.75,C+,FAIL
69,87,78,32,66.5,266.0,66.5,B,FAIL
77,3,92,65,59.25,237.0,59.25,C+,FAIL
90,49,31,43,53.25,213.0,53.25,C+,FAIL
94,97,57,35,70.75,283.0,70.75,B+,PASS
56,47,43,87,58.25,233.0,58.25,C+,PASS
82,10,70,64,56.5,226.0,56.5,C+,FAIL
66,78,25,55,56.0,224.0,56.0,C+,FAIL
77,82,31,66,64.0,256.0,64.0,B,FAIL
54,14,36,94,49.5,198.0,49.5,C,FAIL
16,32,14,43,26.25,105.0,26.25,NG,FAIL
8,91,32,42,43.25,173.0,43.25,C,FAIL
47,85,36,64,58.0,232.0,58.0,C+,PASS
41,2,44,31,29.5,118.0,29.5,NG,FAIL
51,71,24,80,56.5,226.0,56.5,C+,FAIL
65,16,70,14,41.25,165.0,41.25,C,FAIL
80,81,11,34,51.5,206.0,51.5,C+,FAIL
96,16,29,40,45.25,181.0,45.25,C,FAIL
93,65,63,64,71.25,285.0,71.25,B+,PASS
22,85,77,33,54.25,217.0,54.25,C+,FAIL
16,98,16,69,49.75,199.0,49.75,C,FAIL
70,47,49,17,45.75,183.0,45.75,C,FAIL
55,96,7,41,49.75,199.0,49.75,C,FAIL
75,76,49,71,67.75,271.0,67.75,B,PASS
3,92,72,54,55.25,221.0,55.25,C+,FAIL
13,47,91,74,56.25,225.0,56.25,C+,FAIL
71,63,67,24,56.25,225.0,56.25,C+,FAIL
97,76,0,93,66.5,266.0,66.5,B,FAIL
97,27,22,78,56.0,224.0,56.0,C+,FAIL
0,26,11,82,29.75,119.0,29.75,NG,FAIL
34,40,19,55,37.0,148.0,37.0,C,FAIL
80,95,46,48,67.25,269.0,67.25,B,PASS
75,3,55,45,44.5,178.0,44.5,C,FAIL
76,84,60,47,66.75,267.0,66.75,B,PASS
68,36,0,93,49.25,197.0,49.25,C,FAIL
33,54,77,6,42.5,170.0,42.5,C,FAIL
63,76,32,80,62.75,251.0,62.75,B,FAIL
75,70,68,29,60.5,242.0,60.5,B,FAIL
28,69,78,60,58.75,235.0,58.75,C+,FAIL
98,77,26,66,66.75,267.0,66.75,B,FAIL
44,1,48,39,33.0,132.0,33.0,NG,FAIL
74,94,58,28,63.5,254.0,63.5,B,FAIL
11,91,36,1,34.75,139.0,34.75,NG,FAIL
21,21,39,69,37.5,150.0,37.5,C,FAIL
13,52,91,35,47.75,191.0,47.75,C,FAIL
40,87,97,92,79.0,316.0,79.0,B+,PASS
55,6,66,11,34.5,138.0,34.5,NG,FAIL
77,22,1,66,41.5,166.0,41.5,C,FAIL
28,25,49,44,36.5,146.0,36.5,C,FAIL
66,32,48,70,54.0,216.0,54.0,C+,FAIL
54,37,95,75,65.25,261.0,65.25,B,PASS
51,45,25,80,50.25,201.0,50.25,C+,FAIL
72,50,77,5,51.0,204.0,51.0,C+,FAIL
27,60,77,92,64.0,256.0,64.0,B,FAIL
68,0,22,57,36.75,147.0,36.75,C,FAIL
94,92,0,55,60.25,241.0,60.25,B,FAIL
16,3,79,82,45.0,180.0,45.0,C,FAIL
56,82,23,28,47.25,189.0,47.25,C,FAIL
75,89,68,94,81.5,326.0,81.5,A,PASS
93,32,4,73,50.5,202.0,50.5,C+,FAIL
77,90,60,55,70.5,282.0,70.5,B+,PASS
83,29,18,47,44.25,177.0,44.25,C,FAIL
82,69,70,73,73.5,294.0,73.5,B+,PASS
71,82,23,31,51.75,207.0,51.75,C+,FAIL
49,3,72,24,37.0,148.0,37.0,C,FAIL
77,3,82,14,44.0,176.0,44.0,C,FAIL
22,81,14,8,31.25,125.0,31.25,NG,FAIL
86,91,37,17,57.75,231.0,57.75,C+,FAIL
36,99,67,9,52.75,211.0,52.75,C+,FAIL
63,73,40,60,59.0,236.0,59.0,C+,PASS
87,93,54,94,82.0,328.0,82.0,A,PASS
90,17,39,90,59.0,236.0,59.0,C+,FAIL
83,87,69,45,71.0,284.0,71.0,B+,PASS
47,83,61,0,47.75,191.0,47.75,C,FAIL
10,37,41,15,25.75,103.0,25.75,NG,FAIL
56,51,29,57,48.25,193.0,48.25,C,FAIL
12,75,87,81,63.75,255.0,63.75,B,FAIL
21,21,14,33,22.25,89.0,22.25,NG,FAIL
95,75,5,15,47.5,190.0,47.5,C,FAIL
11,15,35,31,23.0,92.0,23.0,NG,FAIL
63,69,73,4,52.25,209.0,52.25,C+,FAIL
54,11,0,9,18.5,74.0,18.5,NG,FAIL
34,94,42,3,43.25,173.0,43.25,C,FAIL
80,88,11,47,56.5,226.0,56.5,C+,FAIL
35,83,60,82,65.0,260.0,65.0,B,PASS
78,97,21,40,59.0,236.0,59.0,C+,FAIL
18,61,7,92,44.5,178.0,44.5,C,FAIL
22,63,31,88,51.0,204.0,51.0,C+,FAIL
22,85,93,55,63.75,255.0,63.75,B,FAIL
38,36,73,17,41.0,164.0,41.0,C,FAIL
6,76,34,82,49.5,198.0,49.5,C,FAIL
67,22,75,9,43.25,173.0,43.25,C,FAIL
36,27,7,92,40.5,162.0,40.5,C,FAIL
31,55,1,33,30.0,120.0,30.0,NG,FAIL
33,53,93,71,62.5,250.0,62.5,B,FAIL
34,38,41,92,51.25,205.0,51.25,C+,FAIL
14,39,73,81,51.75,207.0,51.75,C+,FAIL
72,69,39,87,66.75,267.0,66.75,B,PASS
30,7,53,30,30.0,120.0,30.0,NG,FAIL
97,79,60,51,71.75,287.0,71.75,B+,PASS
71,1,19,53,36.0,144.0,36.0,C,FAIL
0,24,43,95,40.5,162.0,40.5,C,FAIL
27,62,26,92,51.75,207.0,51.75,C+,FAIL
28,22,91,67,52.0,208.0,52.0,C+,FAIL
71,13,19,46,37.25,149.0,37.25,C,FAIL
58,17,40,60,43.75,175.0,43.75,C,FAIL
2,29,89,36,39.0,156.0,39.0,C,FAIL
55,20,14,33,30.5,122.0,30.5,NG,FAIL
46,29,15,41,32.75,131.0,32.75,NG,FAIL
70,95,59,40,66.0,264.0,66.0,B,PASS
98,38,56,29,55.25,221.0,55.25,C+,FAIL
28,23,83,81,53.75,215.0,53.75,C+,FAIL
34,70,98,50,63.0,252.0,63.0,B,FAIL
80,44,90,56,67.5,270.0,67.5,B,PASS
90,95,74,18,69.25,277.0,69.25,B,FAIL
53,33,84,70,60.0,240.0,60.0,B,FAIL
73,92,93,55,78.25,313.0,78.25,B+,PASS
16,52,18,27,28.25,113.0,28.25,NG,FAIL
75,23,57,91,61.5,246.0,61.5,B,FAIL
75,28,16,60,44.75,179.0,44.75,C,FAIL
66,79,88,19,63.0,252.0,63.0,B,FAIL
27,18,24,9,19.5,78.0,19.5,NG,FAIL
11,89,15,48,40.75,163.0,40.75,C,FAIL
18,68,56,94,59.0,236.0,59.0,C+,FAIL
45,86,79,88,74.5,298.0,74.5,B+,PASS
35,18,3,71,31.75,127.0,31.75,NG,FAIL
66,5,18,29,29.5,118.0,29.5,NG,FAIL
48,79,53,96,69.0,276.0,69.0,B,PASS
79,40,12,18,37.25,149.0,37.25,C,FAIL
69,80,4,52,51.25,205.0,51.25,C+,FAIL
80,69,69,50,67.0,268.0,67.0,B,PASS
89,7,49,52,49.25,197.0,49.25,C,FAIL
28,50,8,86,43.0,172.0,43.0,C,FAIL
35,82,52,59,57.0,228.0,57.0,C+,PASS
79,63,63,33,59.5,238.0,59.5,C+,FAIL
21,25,23,51,30.0,120.0,30.0,NG,FAIL
48,14,18,57,34.25,137.0,34.25,NG,FAIL
61,99,21,45,56.5,226.0,56.5,C+,FAIL
62,64,40,84,62.5,250.0,62.5,B,PASS
26,5,30,68,32.25,129.0,32.25,NG,FAIL
24,81,49,27,45.25,181.0,45.25,C,FAIL
64,4,23,8,24.75,99.0,24.75,NG,FAIL
53,57,27,63,50.0,200.0,50.0,C+,FAIL
93,38,62,33,56.5,226.0,56.5,C+,FAIL
52,43,46,66,51.75,207.0,51.75,C+,PASS
84,13,9,56,40.5,162.0,40.5,C,FAIL
16,39,66,57,44.5,178.0,44.5,C,FAIL
67,17,37,86,51.75,207.0,51.75,C+,FAIL
92,92,27,88,74.75,299.0,74.75,B+,FAIL
51,77,65,29,55.5,222.0,55.5,C+,FAIL
5,73,68,2,37.0,148.0,37.0,C,FAIL
26,40,43,55,41.0,164.0,41.0,C,FAIL
9,52,29,86,44.0,176.0,44.0,C,FAIL
39,71,70,39,54.75,219.0,54.75,C+,PASS
67,51,49,4,42.75,171.0,42.75,C,FAIL
45,97,88,10,60.0,240.0,60.0,B,FAIL
11,5,26,10,13.0,52.0,13.0,NG,FAIL
23,51,88,49,52.75,211.0,52.75,C+,FAIL
65,55,75,98,73.25,293.0,73.25,B+,PASS
65,13,72,69,54.75,219.0,54.75,C+,FAIL
84,70,32,58,61.0,244.0,61.0,B,FAIL
88,78,36,15,54.25,217.0,54.25,C+,FAIL
2,52,99,26,44.75,179.0,44.75,C,FAIL
1,66,68,98,58.25,233.0,58.25,C+,FAIL
46,78,74,16,53.5,214.0,53.5,C+,FAIL
83,2,89,71,61.25,245.0,61.25,B,FAIL
74,24,12,21,32.75,131.0,32.75,NG,FAIL
55,18,93,82,62.0,248.0,62.0,B,FAIL
61,19,63,37,45.0,180.0,45.0,C,FAIL
9,38,49,85,45.25,181.0,45.25,C,FAIL
92,24,83,33,58.0,232.0,58.0,C+,FAIL
71,18,25,1,28.75,115.0,28.75,NG,FAIL
92,11,46,63,53.0,212.0,53.0,C+,FAIL
48,71,55,15,47.25,189.0,47.25,C,FAIL
43,9,98,16,41.5,166.0,41.5,C,FAIL
57,38,18,51,41.0,164.0,41.0,C,FAIL
33,31,87,45,49.0,196.0,49.0,C,FAIL
51,93,8,47,49.75,199.0,49.75,C,FAIL
86,82,13,35,54.0,216.0,54.0,C+,FAIL
60,9,32,20,30.25,121.0,30.25,NG,FAIL
66,93,36,31,56.5,226.0,56.5,C+,FAIL
49,11,90,53,50.75,203.0,50.75,C+,FAIL
24,55,30,49,39.5,158.0,39.5,C,FAIL
8,44,4,90,36.5,146.0,36.5,C,FAIL
24,81,17,16,34.5,138.0,34.5,NG,FAIL
62,0,90,87,59.75,239.0,59.75,C+,FAIL
0,59,17,18,23.5,94.0,23.5,NG,FAIL
13,25,79,45,40.5,162.0,40.5,C,FAIL
51,73,4,13,35.25,141.0,35.25,C,FAIL
72,24,8,71,43.75,175.0,43.75,C,FAIL
72,29,21,78,50.0,200.0,50.0,C+,FAIL
14,54,34,73,43.75,175.0,43.75,C,FAIL
50,13,14,40,29.25,117.0,29.25,NG,FAIL
55,58,72,45,57.5,230.0,57.5,C+,PASS
9,4,99,91,50.75,203.0,50.75,C+,FAIL
94,32,76,13,53.75,215.0,53.75,C+,FAIL
63,61,94,25,60.75,243.0,60.75,B,FAIL
98,79,83,92,88.0,352.0,88.0,A,PASS
70,98,11,61,60.0,240.0,60.0,B,FAIL
81,91,40,5,54.25,217.0,54.25,C+,FAIL
80,38,88,39,61.25,245.0,61.25,B,PASS
28,94,38,33,48.25,193.0,48.25,C,FAIL
33,44,50,21,37.0,148.0,37.0,C,FAIL
55,87,78,31,62.75,251.0,62.75,B,FAIL
65,96,83,56,75.0,300.0,75.0,B+,PASS
3,77,69,84,58.25,233.0,58.25,C+,FAIL
78,3,14,10,26.25,105.0,26.25,NG,FAIL
86,94,48,30,64.5,258.0,64.5,B,FAIL
25,29,13,97,41.0,164.0,41.0,C,FAIL
76,8,31,12,31.75,127.0,31.75,NG,FAIL
30,88,53,15,46.5,186.0,46.5,C,FAIL
8,6,19,32,16.25,65.0,16.25,NG,FAIL
93,3,10,14,30.0,120.0,30.0,NG,FAIL
93,89,85,68,83.75,335.0,83.75,A,PASS
64,75,17,47,50.75,203.0,50.75,C+,FAIL
10,73,66,21,42.5,170.0,42.5,C,FAIL
64,0,69,13,36.5,146.0,36.5,C,FAIL
85,84,16,46,57.75,231.0,57.75,C+,FAIL
59,33,72,27,47.75,191.0,47.75,C,FAIL
35,10,84,92,55.25,221.0,55.25,C+,FAIL
5,22,92,30,37.25,149.0,37.25,C,FAIL
78,8,73,13,43.0,172.0,43.0,C,FAIL
77,20,63,26,46.5,186.0,46.5,C,FAIL
19,11,62,81,43.25,173.0,43.25,C,FAIL
51,35,98,35,54.75,219.0,54.75,C+,PASS
23,54,90,20,46.75,187.0,46.75,C,FAIL
87,62,93,83,81.25,325.0,81.25,A,PASS
10,55,52,54,42.75,171.0,42.75,C,FAIL
52,13,35,65,41.25,165.0,41.25,C,FAIL
49,20,55,69,48.25,193.0,48.25,C,FAIL
96,10,22,91,54.75,219.0,54.75,C+,FAIL
72,76,99,93,85.0,340.0,85.0,A,PASS
71,34,7,14,31.5,126.0,31.5,NG,FAIL
60,18,69,44,47.75,191.0,47.75,C,FAIL
92,38,57,44,57.75,231.0,57.75,C+,PASS
21,68,54,44,46.75,187.0,46.75,C,FAIL
92,94,52,82,80.0,320.0,80.0,A,PASS
84,81,40,0,51.25,205.0,51.25,C+,FAIL
48,39,95,82,66.0,264.0,66.0,B,PASS
94,1,40,18,38.25,153.0,38.25,C,FAIL
45,29,29,23,31.5,126.0,31.5,NG,FAIL
3,55,35,89,45.5,182.0,45.5,C,FAIL
60,49,38,93,60.0,240.0,60.0,B,PASS
34,86,74,61,63.75,255.0,63.75,B,FAIL
83,70,9,6,42.0,168.0,42.0,C,FAIL
79,30,49,40,49.5,198.0,49.5,C,FAIL
2,32,7,65,26.5,106.0,26.5,NG,FAIL
78,43,56,72,62.25,249.0,62.25,B,PASS
79,95,50,52,69.0,276.0,69.0,B,PASS
21,98,57,75,62.75,251.0,62.75,B,FAIL
12,19,37,97,41.25,165.0,41.25,C,FAIL
58,24,87,70,59.75,239.0,59.75,C+,FAIL
97,7,54,90,62.0,248.0,62.0,B,FAIL
48,93,44,35,55.0,220.0,55.0,C+,PASS
39,41,44,10,33.5,134.0,33.5,NG,FAIL
89,27,15,95,56.5,226.0,56.5,C+,FAIL
5,57,88,71,55.25,221.0,55.25,C+,FAIL
87,46,97,3,58.25,233.0,58.25,C+,FAIL
91,5,92,5,48.25,193.0,48.25,C,FAIL
68,54,17,56,48.75,195.0,48.75,C,FAIL
79,24,74,20,49.25,197.0,49.25,C,FAIL
96,18,19,84,54.25,217.0,54.25,C+,FAIL
89,32,65,72,64.5,258.0,64.5,B,FAIL
12,95,46,57,52.5,210.0,52.5,C+,FAIL
96,11,50,3,40.0,160.0,40.0,C,FAIL
91,18,96,50,63.75,255.0,63.75,B,FAIL
37,38,31,19,31.25,125.0,31.25,NG,FAIL
47,87,3,80,54.25,217.0,54.25,C+,FAIL
95,59,92,52,74.5,298.0,74.5,B+,PASS
75,57,42,58,58.0,232.0,58.0,C+,PASS
67,6,0,3,19.0,76.0,19.0,NG,FAIL
93,43,42,77,63.75,255.0,63.75,B,PASS
7,10,95,27,34.75,139.0,34.75,NG,FAIL
49,83,26,0,39.5,158.0,39.5,C,FAIL
37,63,96,71,66.75,267.0,66.75,B,PASS
48,96,60,3,51.75,207.0,51.75,C+,FAIL
39,95,95,24,63.25,253.0,63.25,B,FAIL
18,18,6,94,34.0,136.0,34.0,NG,FAIL
29,67,14,69,44.75,179.0,44.75,C,FAIL
36,85,51,51,55.75,223.0,55.75,C+,PASS
1,68,26,95,47.5,190.0,47.5,C,FAIL
8,88,60,29,46.25,185.0,46.25,C,FAIL
81,41,82,59,65.75,263.0,65.75,B,PASS
5,90,69,68,58.0,232.0,58.0,C+,FAIL
55,54,79,20,52.0,208.0,52.0,C+,FAIL
49,27,35,72,45.75,183.0,45.75,C,FAIL
44,17,76,46,45.75,183.0,45.75,C,FAIL
91,9,48,14,40.5,162.0,40.5,C,FAIL
81,17,62,29,47.25,189.0,47.25,C,FAIL
79,47,48,9,45.75,183.0,45.75,C,FAIL
66,44,73,61,61.0,244.0,61.0,B,PASS
62,74,85,33,63.5,254.0,63.5,B,FAIL
76,78,41,58,63.25,253.0,63.25,B,PASS
32,42,95,62,57.75,231.0,57.75,C+,FAIL
28,32,10,37,26.75,107.0,26.75,NG,FAIL
96,6,76,13,47.75,191.0,47.75,C,FAIL
11,79,76,24,47.5,190.0,47.5,C,FAIL
54,85,22,28,47.25,189.0,47.25,C,FAIL
58,50,57,33,49.5,198.0,49.5,C,FAIL
55,63,9,37,41.0,164.0,41.0,C,FAIL
74,53,9,59,48.75,195.0,48.75,C,FAIL
55,95,36,99,71.25,285.0,71.25,B+,PASS
41,16,26,77,40.0,160.0,40.0,C,FAIL
40,52,85,36,53.25,213.0,53.25,C+,PASS
87,63,76,36,65.5,262.0,65.5,B,PASS
54,66,43,66,57.25,229.0,57.25,C+,PASS
85,64,72,19,60.0,240.0,60.0,B,FAIL
15,99,42,65,55.25,221.0,55.25,C+,FAIL
14,67,68,65,53.5,214.0,53.5,C+,FAIL
79,7,31,72,47.25,189.0,47.25,C,FAIL
26,52,62,8,37.0,148.0,37.0,C,FAIL
10,26,53,36,31.25,125.0,31.25,NG,FAIL
30,7,22,56,28.75,115.0,28.75,NG,FAIL
25,32,12,83,38.0,152.0,38.0,C,FAIL
97,48,37,99,70.25,281.0,70.25,B+,PASS
65,43,19,64,47.75,191.0,47.75,C,FAIL
97,97,63,30,71.75,287.0,71.75,B+,FAIL
0,28,15,35,19.5,78.0,19.5,NG,FAIL
56,56,33,91,59.0,236.0,59.0,C+,FAIL
45,74,24,38,45.25,181.0,45.25,C,FAIL
62,41,65,17,46.25,185.0,46.25,C,FAIL
57,68,92,96,78.25,313.0,78.25,B+,PASS
46,79,51,45,55.25,221.0,55.25,C+,PASS
30,46,96,45,54.25,217.0,54.25,C+,FAIL
22,1,69,90,45.5,182.0,45.5,C,FAIL
45,34,63,15,39.25,157.0,39.25,C,FAIL
96,99,97,47,84.75,339.0,84.75,A,PASS
5,6,28,55,23.5,94.0,23.5,NG,FAIL
10,44,57,55,41.5,166.0,41.5,C,FAIL
97,15,48,97,64.25,257.0,64.25,B,FAIL
66,80,95,75,79.0,316.0,79.0,B+,PASS
90,89,46,17,60.5,242.0,60.5,B,FAIL
93,73,60,94,80.0,320.0,80.0,A,PASS
30,21,46,4,25.25,101.0,25.25,NG,FAIL
10,0,9,95,28.5,114.0,28.5,NG,FAIL
41,70,33,73,54.25,217.0,54.25,C+,FAIL
72,59,37,3,42.75,171.0,42.75,C,FAIL
55,18,81,0,38.5,154.0,38.5,C,FAIL
58,77,75,33,60.75,243.0,60.75,B,FAIL
53,24,28,48,38.25,153.0,38.25,C,FAIL
63,94,2,25,46.0,184.0,46.0,C,FAIL
46,64,98,10,54.5,218.0,54.5,C+,FAIL
19,38,15,87,39.75,159.0,39.75,C,FAIL
38,85,15,76,53.5,214.0,53.5,C+,FAIL
75,23,18,75,47.75,191.0,47.75,C,FAIL
53,83,81,74,72.75,291.0,72.75,B+,PASS
97,81,34,5,54.25,217.0,54.25,C+,FAIL
37,61,84,70,63.0,252.0,63.0,B,PASS
98,22,51,18,47.25,189.0,47.25,C,FAIL
67,31,1,86,46.25,185.0,46.25,C,FAIL
63,43,16,73,48.75,195.0,48.75,C,FAIL
22,52,99,19,48.0,192.0,48.0,C,FAIL
55,5,19,13,23.0,92.0,23.0,NG,FAIL
29,56,28,44,39.25,157.0,39.25,C,FAIL
43,58,61,91,63.25,253.0,63.25,B,PASS
1,49,67,4,30.25,121.0,30.25,NG,FAIL
48,24,26,0,24.5,98.0,24.5,NG,FAIL
52,0,95,54,50.25,201.0,50.25,C+,FAIL
97,2,45,17,40.25,161.0,40.25,C,FAIL
54,62,95,63,68.5,274.0,68.5,B,PASS
1,94,75,34,51.0,204.0,51.0,C+,FAIL
93,85,48,63,72.25,289.0,72.25,B+,PASS
61,99,42,7,52.25,209.0,52.25,C+,FAIL
65,53,9,46,43.25,173.0,43.25,C,FAIL
67,33,30,76,51.5,206.0,51.5,C+,FAIL
42,3,62,22,32.25,129.0,32.25,NG,FAIL
15,20,96,30,40.25,161.0,40.25,C,FAIL
3,54,37,52,36.5,146.0,36.5,C,FAIL
28,64,99,98,72.25,289.0,72.25,B+,FAIL
10,6,34,50,25.0,100.0,25.0,NG,FAIL
29,12,62,61,41.0,164.0,41.0,C,FAIL
44,37,2,94,44.25,177.0,44.25,C,FAIL
98,20,4,61,45.75,183.0,45.75,C,FAIL
33,50,91,77,62.75,251.0,62.75,B,FAIL
80,16,83,94,68.25,273.0,68.25,B,FAIL
12,86,54,23,43.75,175.0,43.75,C,FAIL
80,66,71,36,63.25,253.0,63.25,B,PASS
95,15,96,3,52.25,209.0,52.25,C+,FAIL
96,99,1,81,69.25,277.0,69.25,B,FAIL
54,11,8,66,34.75,139.0,34.75,NG,FAIL
38,16,71,12,34.25,137.0,34.25,NG,FAIL
53,58,95,97,75.75,303.0,75.75,B+,PASS
64,60,80,94,74.5,298.0,74.5,B+,PASS
95,60,41,84,70.0,280.0,70.0,B+,PASS
20,29,47,57,38.25,153.0,38.25,C,FAIL
98,81,3,48,57.5,230.0,57.5,C+,FAIL
80,36,64,88,67.0,268.0,67.0,B,PASS
82,40,62,65,62.25,249.0,62.25,B,PASS
32,92,88,64,69.0,276.0,69.0,B,FAIL
24,17,35,55,32.75,131.0,32.75,NG,FAIL
76,73,62,63,68.5,274.0,68.5,B,PASS
41,66,20,44,42.75,171.0,42.75,C,FAIL
53,28,24,90,48.75,195.0,48.75,C,FAIL
4,39,12,18,18.25,73.0,18.25,NG,FAIL
53,74,23,37,46.75,187.0,46.75,C,FAIL
14,8,24,99,36.25,145.0,36.25,C,FAIL
82,6,55,70,53.25,213.0,53.25,C+,FAIL
91,61,34,21,51.75,207.0,51.75,C+,FAIL
7,16,53,65,35.25,141.0,35.25,C,FAIL
90,73,95,22,70.0,280.0,70.0,B+,FAIL
87,67,76,21,62.75,251.0,62.75,B,FAIL
35,13,56,11,28.75,115.0,28.75,NG,FAIL
34,94,12,86,56.5,226.0,56.5,C+,FAIL
14,5,75,64,39.5,158.0,39.5,C,FAIL
47,83,39,68,59.25,237.0,59.25,C+,PASS
78,32,1,76,46.75,187.0,46.75,C,FAIL
26,83,1,27,34.25,137.0,34.25,NG,FAIL
9,55,25,44,33.25,133.0,33.25,NG,FAIL
33,4,74,62,43.25,173.0,43.25,C,FAIL
4,55,44,51,38.5,154.0,38.5,C,FAIL
99,31,10,34,43.5,174.0,43.5,C,FAIL
45,90,42,66,60.75,243.0,60.75,B,PASS
42,75,84,84,71.25,285.0,71.25,B+,PASS
92,53,70,29,61.0,244.0,61.0,B,FAIL
73,59,82,84,74.5,298.0,74.5,B+,PASS
45,29,69,61,51.0,204.0,51.0,C+,FAIL
85,31,95,2,53.25,213.0,53.25,C+,FAIL
7,25,23,34,22.25,89.0,22.25,NG,FAIL
11,26,4,3,11.0,44.0,11.0,NG,FAIL
91,18,40,27,44.0,176.0,44.0,C,FAIL
29,38,64,54,46.25,185.0,46.25,C,FAIL
60,98,94,39,72.75,291.0,72.75,B+,PASS
40,55,49,5,37.25,149.0,37.25,C,FAIL
7,95,40,67,52.25,209.0,52.25,C+,FAIL
91,24,49,78,60.5,242.0,60.5,B,FAIL
93,40,88,81,75.5,302.0,75.5,B+,PASS
5,68,88,98,64.75,259.0,64.75,B,FAIL
92,85,22,19,54.5,218.0,54.5,C+,FAIL
67,63,44,50,56.0,224.0,56.0,C+,PASS
49,81,54,30,53.5,214.0,53.5,C+,FAIL
72,95,67,7,60.25,241.0,60.25,B,FAIL
70,52,19,73,53.5,214.0,53.5,C+,FAIL
43,36,61,65,51.25,205.0,51.25,C+,PASS
94,32,66,58,62.5,250.0,62.5,B,FAIL
96,32,82,26,59.0,236.0,59.0,C+,FAIL
32,46,68,55,50.25,201.0,50.25,C+,FAIL
31,56,80,64,57.75,231.0,57.75,C+,FAIL
8,26,83,67,46.0,184.0,46.0,C,FAIL
57,6,25,29,29.25,117.0,29.25,NG,FAIL
42,52,71,0,41.25,165.0,41.25,C,FAIL
94,17,6,99,54.0,216.0,54.0,C+,FAIL
0,65,88,39,48.0,192.0,48.0,C,FAIL
0,38,85,33,39.0,156.0,39.0,C,FAIL
28,28,60,70,46.5,186.0,46.5,C,FAIL
32,0,86,61,44.75,179.0,44.75,C,FAIL
12,61,5,69,36.75,147.0,36.75,C,FAIL
20,98,45,94,64.25,257.0,64.25,B,FAIL
85,79,40,87,72.75,291.0,72.75,B+,PASS
85,69,14,72,60.0,240.0,60.0,B,FAIL
40,41,93,86,65.0,260.0,65.0,B,PASS
62,72,51,38,55.75,223.0,55.75,C+,PASS
14,93,63,7,44.25,177.0,44.25,C,FAIL
76,40,76,53,61.25,245.0,61.25,B,PASS
90,63,52,31,59.0,236.0,59.0,C+,FAIL
59,34,86,10,47.25,189.0,47.25,C,FAIL
68,96,93,65,80.5,322.0,80.5,A,PASS
55,40,51,43,47.25,189.0,47.25,C,PASS
67,78,99,89,83.25,333.0,83.25,A,PASS
78,22,65,69,58.5,234.0,58.5,C+,FAIL
56,86,64,6,53.0,212.0,53.0,C+,FAIL
95,89,13,34,57.75,231.0,57.75,C+,FAIL
15,69,69,51,51.0,204.0,51.0,C+,FAIL
18,73,33,34,39.5,158.0,39.5,C,FAIL
8,78,99,12,49.25,197.0,49.25,C,FAIL
82,84,14,22,50.5,202.0,50.5,C+,FAIL
85,22,26,32,41.25,165.0,41.25,C,FAIL
74,60,32,74,60.0,240.0,60.0,B,FAIL
84,16,15,89,51.0,204.0,51.0,C+,FAIL
72,70,32,60,58.5,234.0,58.5,C+,FAIL
0,16,29,86,32.75,131.0,32.75,NG,FAIL
48,15,74,43,45.0,180.0,45.0,C,FAIL
23,73,95,63,63.5,254.0,63.5,B,FAIL
85,38,83,10,54.0,216.0,54.0,C+,FAIL
81,42,70,90,70.75,283.0,70.75,B+,PASS
16,38,87,0,35.25,141.0,35.25,C,FAIL
76,38,97,45,64.0,256.0,64.0,B,PASS
86,67,76,67,74.0,296.0,74.0,B+,PASS
75,55,34,55,54.75,219.0,54.75,C+,FAIL
25,5,34,41,26.25,105.0,26.25,NG,FAIL
53,26,2,76,39.25,157.0,39.25,C,FAIL
4,34,45,84,41.75,167.0,41.75,C,FAIL
63,36,75,63,59.25,237.0,59.25,C+,PASS
4,2,21,36,15.75,63.0,15.75,NG,FAIL
36,51,73,48,52.0,208.0,52.0,C+,PASS
70,43,20,7,35.0,140.0,35.0,C,FAIL
83,17,38,33,42.75,171.0,42.75,C,FAIL
40,63,46,53,50.5,202.0,50.5,C+,PASS
19,9,74,61,40.75,163.0,40.75,C,FAIL
42,19,45,21,31.75,127.0,31.75,NG,FAIL
19,36,69,80,51.0,204.0,51.0,C+,FAIL
32,66,71,55,56.0,224.0,56.0,C+,FAIL
88,7,42,80,54.25,217.0,54.25,C+,FAIL
16,5,85,88,48.5,194.0,48.5,C,FAIL
96,15,59,18,47.0,188.0,47.0,C,FAIL
12,46,22,35,28.75,115.0,28.75,NG,FAIL
69,81,2,54,51.5,206.0,51.5,C+,FAIL
24,37,94,73,57.0,228.0,57.0,C+,FAIL
17,31,44,66,39.5,158.0,39.5,C,FAIL
58,65,6,68,49.25,197.0,49.25,C,FAIL
90,4,68,9,42.75,171.0,42.75,C,FAIL
43,48,51,25,41.75,167.0,41.75,C,FAIL
45,75,99,43,65.5,262.0,65.5,B,PASS
3,34,22,76,33.75,135.0,33.75,NG,FAIL
75,58,99,16,62.0,248.0,62.0,B,FAIL
80,69,48,0,49.25,197.0,49.25,C,FAIL
86,21,7,94,52.0,208.0,52.0,C+,FAIL
62,14,44,18,34.5,138.0,34.5,NG,FAIL
18,1,70,66,38.75,155.0,38.75,C,FAIL
44,54,60,54,53.0,212.0,53.0,C+,PASS
81,4,22,16,30.75,123.0,30.75,NG,FAIL
80,84,15,84,65.75,263.0,65.75,B,FAIL
44,50,57,31,45.5,182.0,45.5,C,FAIL
59,89,27,53,57.0,228.0,57.0,C+,FAIL
37,51,83,51,55.5,222.0,55.5,C+,PASS
43,75,72,76,66.5,266.0,66.5,B,PASS
8,51,19,7,21.25,85.0,21.25,NG,FAIL
16,18,19,47,25.0,100.0,25.0,NG,FAIL
48,6,57,25,34.0,136.0,34.0,NG,FAIL
49,32,48,56,46.25,185.0,46.25,C,FAIL
86,49,98,86,79.75,319.0,79.75,B+,PASS
89,8,55,44,49.0,196.0,49.0,C,FAIL
79,56,93,29,64.25,257.0,64.25,B,FAIL
38,19,14,29,25.0,100.0,25.0,NG,FAIL
32,69,63,24,47.0,188.0,47.0,C,FAIL
37,3,2,52,23.5,94.0,23.5,NG,FAIL
63,68,63,75,67.25,269.0,67.25,B,PASS
38,86,53,43,55.0,220.0,55.0,C+,PASS
28,8,54,10,25.0,100.0,25.0,NG,FAIL
95,51,15,98,64.75,259.0,64.75,B,FAIL
36,99,90,21,61.5,246.0,61.5,B,FAIL
95,62,57,91,76.25,305.0,76.25,B+,PASS
75,20,16,26,34.25,137.0,34.25,NG,FAIL
82,40,93,53,67.0,268.0,67.0,B,PASS
40,33,99,26,49.5,198.0,49.5,C,FAIL
4,69,3,42,29.5,118.0,29.5,NG,FAIL
86,38,9,10,35.75,143.0,35.75,C,FAIL
97,16,77,80,67.5,270.0,67.5,B,FAIL
93,77,5,10,46.25,185.0,46.25,C,FAIL
60,5,57,73,48.75,195.0,48.75,C,FAIL
81,73,74,82,77.5,310.0,77.5,B+,PASS
96,28,55,84,65.75,263.0,65.75,B,FAIL
90,69,5,49,53.25,213.0,53.25,C+,FAIL
13,1,44,92,37.5,150.0,37.5,C,FAIL
14,32,20,5,17.75,71.0,17.75,NG,FAIL
35,38,9,18,25.0,100.0,25.0,NG,FAIL
80,1,29,20,32.5,130.0,32.5,NG,FAIL
78,48,21,5,38.0,152.0,38.0,C,FAIL
7,17,41,76,35.25,141.0,35.25,C,FAIL
26,37,83,18,41.0,164.0,41.0,C,FAIL
14,90,13,64,45.25,181.0,45.25,C,FAIL
72,68,98,6,61.0,244.0,61.0,B,FAIL
46,68,62,50,56.5,226.0,56.5,C+,PASS
35,20,77,11,35.75,143.0,35.75,C,FAIL
81,7,51,30,42.25,169.0,42.25,C,FAIL
11,11,0,80,25.5,102.0,25.5,NG,FAIL
76,7,70,59,53.0,212.0,53.0,C+,FAIL
35,34,81,55,51.25,205.0,51.25,C+,FAIL
72,36,36,9,38.25,153.0,38.25,C,FAIL
4,77,7,1,22.25,89.0,22.25,NG,FAIL
82,14,84,56,59.0,236.0,59.0,C+,FAIL
22,26,2,64,28.5,114.0,28.5,NG,FAIL
68,47,46,32,48.25,193.0,48.25,C,FAIL
59,99,36,3,49.25,197.0,49.25,C,FAIL
59,31,24,55,42.25,169.0,42.25,C,FAIL
11,25,16,12,16.0,64.0,16.0,NG,FAIL
98,46,41,79,66.0,264.0,66.0,B,PASS
89,11,60,75,58.75,235.0,58.75,C+,FAIL
2,16,49,82,37.25,149.0,37.25,C,FAIL
43,24,84,43,48.5,194.0,48.5,C,FAIL
99,66,78,68,77.75,311.0,77.75,B+,PASS
54,82,31,59,56.5,226.0,56.5,C+,FAIL
15,39,15,80,37.25,149.0,37.25,C,FAIL
25,2,97,2,31.5,126.0,31.5,NG,FAIL
90,37,62,98,71.75,287.0,71.75,B+,PASS
15,48,78,85,56.5,226.0,56.5,C+,FAIL
30,77,56,95,64.5,258.0,64.5,B,FAIL
40,24,51,26,35.25,141.0,35.25,C,FAIL
92,22,19,76,52.25,209.0,52.25,C+,FAIL
83,11,99,41,58.5,234.0,58.5,C+,FAIL
5,39,59,5,27.0,108.0,27.0,NG,FAIL
68,74,55,17,53.5,214.0,53.5,C+,FAIL
33,86,56,35,52.5,210.0,52.5,C+,FAIL
59,47,68,89,65.75,263.0,65.75,B,PASS
53,17,67,65,50.5,202.0,50.5,C+,FAIL
53,37,69,48,51.75,207.0,51.75,C+,PASS
13,76,4,47,35.0,140.0,35.0,C,FAIL
28,6,43,97,43.5,174.0,43.5,C,FAIL
65,99,26,42,58.0,232.0,58.0,C+,FAIL
53,94,45,32,56.0,224.0,56.0,C+,FAIL
35,5,7,31,19.5,78.0,19.5,NG,FAIL
39,94,95,9,59.25,237.0,59.25,C+,FAIL
49,15,93,6,40.75,163.0,40.75,C,FAIL
42,52,44,64,50.5,202.0,50.5,C+,PASS
99,91,14,7,52.75,211.0,52.75,C+,FAIL
47,21,78,34,45.0,180.0,45.0,C,FAIL
34,50,81,43,52.0,208.0,52.0,C+,FAIL
62,0,16,91,42.25,169.0,42.25,C,FAIL
66,17,43,3,32.25,129.0,32.25,NG,FAIL
61,43,98,37,59.75,239.0,59.75,C+,PASS
46,45,57,52,50.0,200.0,50.0,C+,PASS
76,91,70,83,80.0,320.0,80.0,A,PASS
71,46,22,48,46.75,187.0,46.75,C,FAIL
76,1,61,43,45.25,181.0,45.25,C,FAIL
40,3,92,46,45.25,181.0,45.25,C,FAIL
77,95,68,26,66.5,266.0,66.5,B,FAIL
96,41,99,94,82.5,330.0,82.5,A,PASS
10,1,73,11,23.75,95.0,23.75,NG,FAIL
58,98,10,9,43.75,175.0,43.75,C,FAIL
97,52,88,26,65.75,263.0,65.75,B,FAIL
88,52,0,87,56.75,227.0,56.75,C+,FAIL
49,11,95,89,61.0,244.0,61.0,B,FAIL
66,46,11,85,52.0,208.0,52.0,C+,FAIL
84,13,82,44,55.75,223.0,55.75,C+,FAIL
90,95,71,75,82.75,331.0,82.75,A,PASS
46,22,78,69,53.75,215.0,53.75,C+,FAIL
93,12,53,81,59.75,239.0,59.75,C+,FAIL
16,69,56,7,37.0,148.0,37.0,C,FAIL
96,71,74,16,64.25,257.0,64.25,B,FAIL
46,64,15,40,41.25,165.0,41.25,C,FAIL
68,65,77,97,76.75,307.0,76.75,B+,PASS
78,82,73,23,64.0,256.0,64.0,B,FAIL
16,70,78,15,44.75,179.0,44.75,C,FAIL
64,15,96,14,47.25,189.0,47.25,C,FAIL
1,91,3,13,27.0,108.0,27.0,NG,FAIL
87,75,46,14,55.5,222.0,55.5,C+,FAIL
9,64,42,6,30.25,121.0,30.25,NG,FAIL
20,35,23,61,34.75,139.0,34.75,NG,FAIL
36,78,90,29,58.25,233.0,58.25,C+,FAIL
82,44,2,75,50.75,203.0,50.75,C+,FAIL
85,72,84,46,71.75,287.0,71.75,B+,PASS
65,49,13,75,50.5,202.0,50.5,C+,FAIL
86,49,2,84,55.25,221.0,55.25,C+,FAIL
22,9,32,14,19.25,77.0,19.25,NG,FAIL
27,78,98,44,61.75,247.0,61.75,B,FAIL
44,10,32,44,32.5,130.0,32.5,NG,FAIL
56,62,43,94,63.75,255.0,63.75,B,PASS
14,63,10,92,44.75,179.0,44.75,C,FAIL
71,36,49,81,59.25,237.0,59.25,C+,PASS
5,90,14,53,40.5,162.0,40.5,C,FAIL
68,75,61,54,64.5,258.0,64.5,B,PASS
57,73,87,13,57.5,230.0,57.5,C+,FAIL
14,93,43,10,40.0,160.0,40.0,C,FAIL
73,77,59,4,53.25,213.0,53.25,C+,FAIL
0,88,17,6,27.75,111.0,27.75,NG,FAIL
6,81,37,16,35.0,140.0,35.0,C,FAIL
96,82,84,44,76.5,306.0,76.5,B+,PASS
1,98,30,27,39.0,156.0,39.0,C,FAIL
24,61,54,6,36.25,145.0,36.25,C,FAIL
37,26,27,55,36.25,145.0,36.25,C,FAIL
84,43,72,0,49.75,199.0,49.75,C,FAIL
57,82,90,73,75.5,302.0,75.5,B+,PASS
14,52,73,33,43.0,172.0,43.0,C,FAIL
24,78,75,93,67.5,270.0,67.5,B,FAIL
23,7,49,73,38.0,152.0,38.0,C,FAIL
88,51,50,4,48.25,193.0,48.25,C,FAIL
17,20,99,89,56.25,225.0,56.25,C+,FAIL
33,54,27,56,42.5,170.0,42.5,C,FAIL
87,69,38,86,70.0,280.0,70.0,B+,PASS
93,64,35,88,70.0,280.0,70.0,B+,PASS
25,22,78,98,55.75,223.0,55.75,C+,FAIL
87,4,22,26,34.75,139.0,34.75,NG,FAIL
80,91,59,33,65.75,263.0,65.75,B,FAIL
43,9,4,54,27.5,110.0,27.5,NG,FAIL
28,55,1,75,39.75,159.0,39.75,C,FAIL
95,20,24,26,41.25,165.0,41.25,C,FAIL
97,58,85,10,62.5,250.0,62.5,B,FAIL
23,15,39,50,31.75,127.0,31.75,NG,FAIL
28,23,98,93,60.5,242.0,60.5,B,FAIL
33,13,26,95,41.75,167.0,41.75,C,FAIL
33,63,47,62,51.25,205.0,51.25,C+,FAIL
20,59,11,32,30.5,122.0,30.5,NG,FAIL
90,22,58,57,56.75,227.0,56.75,C+,FAIL
61,98,19,75,63.25,253.0,63.25,B,FAIL
95,2,72,53,55.5,222.0,55.5,C+,FAIL
84,89,16,42,57.75,231.0,57.75,C+,FAIL
57,52,41,71,55.25,221.0,55.25,C+,PASS
60,86,49,46,60.25,241.0,60.25,B,PASS
57,93,74,13,59.25,237.0,59.25,C+,FAIL
12,4,8,55,19.75,79.0,19.75,NG,FAIL
75,6,74,63,54.5,218.0,54.5,C+,FAIL
32,82,59,40,53.25,213.0,53.25,C+,FAIL
84,97,98,70,87.25,349.0,87.25,A,PASS
64,21,3,65,38.25,153.0,38.25,C,FAIL
27,45,80,33,46.25,185.0,46.25,C,FAIL
2,21,18,91,33.0,132.0,33.0,NG,FAIL
41,24,49,66,45.0,180.0,45.0,C,FAIL
87,66,36,11,50.0,200.0,50.0,C+,FAIL
58,19,8,18,25.75,103.0,25.75,NG,FAIL
38,67,31,69,51.25,205.0,51.25,C+,FAIL
91,26,2,63,45.5,182.0,45.5,C,FAIL
29,70,49,19,41.75,167.0,41.75,C,FAIL
28,74,16,80,49.5,198.0,49.5,C,FAIL
23,11,20,96,37.5,150.0,37.5,C,FAIL
22,97,21,31,42.75,171.0,42.75,C,FAIL
38,66,18,2,31.0,124.0,31.0,NG,FAIL
6,79,9,53,36.75,147.0,36.75,C,FAIL
13,67,74,48,50.5,202.0,50.5,C+,FAIL
82,50,55,51,59.5,238.0,59.5,C+,PASS
81,44,53,90,67.0,268.0,67.0,B,PASS
77,47,9,9,35.5,142.0,35.5,C,FAIL
6,80,8,51,36.25,145.0,36.25,C,FAIL
45,1,28,45,29.75,119.0,29.75,NG,FAIL
42,32,20,57,37.75,151.0,37.75,C,FAIL
94,17,37,79,56.75,227.0,56.75,C+,FAIL
71,74,71,95,77.75,311.0,77.75,B+,PASS
80,98,65,41,71.0,284.0,71.0,B+,PASS
42,21,72,53,47.0,188.0,47.0,C,FAIL
4,32,82,72,47.5,190.0,47.5,C,FAIL
41,69,49,19,44.5,178.0,44.5,C,FAIL
11,57,89,42,49.75,199.0,49.75,C,FAIL
78,0,80,47,51.25,205.0,51.25,C+,FAIL
14,37,77,56,46.0,184.0,46.0,C,FAIL
51,95,48,90,71.0,284.0,71.0,B+,PASS
0,84,75,97,64.0,256.0,64.0,B,FAIL
87,84,14,71,64.0,256.0,64.0,B,FAIL
80,89,87,81,84.25,337.0,84.25,A,PASS
46,13,46,30,33.75,135.0,33.75,NG,FAIL
71,44,98,28,60.25,241.0,60.25,B,FAIL
70,66,66,19,55.25,221.0,55.25,C+,FAIL
51,83,73,51,64.5,258.0,64.5,B,PASS
33,47,57,47,46.0,184.0,46.0,C,FAIL
26,21,45,94,46.5,186.0,46.5,C,FAIL
34,89,42,86,62.75,251.0,62.75,B,FAIL
84,57,57,89,71.75,287.0,71.75,B+,PASS
52,75,34,89,62.5,250.0,62.5,B,FAIL
78,45,43,99,66.25,265.0,66.25,B,PASS
56,32,84,9,45.25,181.0,45.25,C,FAIL
35,60,65,77,59.25,237.0,59.25,C+,PASS
89,91,24,54,64.5,258.0,64.5,B,FAIL
48,71,40,99,64.5,258.0,64.5,B,PASS
38,91,38,67,58.5,234.0,58.5,C+,PASS
19,20,48,27,28.5,114.0,28.5,NG,FAIL
72,92,69,48,70.25,281.0,70.25,B+,PASS
47,27,89,83,61.5,246.0,61.5,B,FAIL
62,24,51,94,57.75,231.0,57.75,C+,FAIL
2,82,17,44,36.25,145.0,36.25,C,FAIL
97,11,23,27,39.5,158.0,39.5,C,FAIL
80,54,53,40,56.75,227.0,56.75,C+,PASS
94,43,85,20,60.5,242.0,60.5,B,FAIL
45,70,68,73,64.0,256.0,64.0,B,PASS
64,74,59,7,51.0,204.0,51.0,C+,FAIL
79,18,49,53,49.75,199.0,49.75,C,FAIL
77,83,98,52,77.5,310.0,77.5,B+,PASS
31,8,29,91,39.75,159.0,39.75,C,FAIL
93,19,27,2,35.25,141.0,35.25,C,FAIL
67,28,98,47,60.0,240.0,60.0,B,FAIL
35,38,97,55,56.25,225.0,56.25,C+,PASS
19,74,46,73,53.0,212.0,53.0,C+,FAIL
62,93,15,57,56.75,227.0,56.75,C+,FAIL
53,74,6,26,39.75,159.0,39.75,C,FAIL
46,35,63,69,53.25,213.0,53.25,C+,PASS
12,91,51,99,63.25,253.0,63.25,B,FAIL
3,86,18,1,27.0,108.0,27.0,NG,FAIL
1,83,69,16,42.25,169.0,42.25,C,FAIL
91,33,84,6,53.5,214.0,53.5,C+,FAIL
97,92,34,52,68.75,275.0,68.75,B,FAIL
47,14,34,92,46.75,187.0,46.75,C,FAIL
53,16,75,1,36.25,145.0,36.25,C,FAIL
62,50,75,34,55.25,221.0,55.25,C+,FAIL
50,53,79,52,58.5,234.0,58.5,C+,PASS
81,50,49,70,62.5,250.0,62.5,B,PASS
9,34,24,37,26.0,104.0,26.0,NG,FAIL
24,38,21,77,40.0,160.0,40.0,C,FAIL
55,47,53,71,56.5,226.0,56.5,C+,PASS
77,12,78,20,46.75,187.0,46.75,C,FAIL
35,57,63,3,39.5,158.0,39.5,C,FAIL
93,97,86,77,88.25,353.0,88.25,A,PASS
86,85,62,35,67.0,268.0,67.0,B,PASS
15,24,38,1,19.5,78.0,19.5,NG,FAIL
46,87,2,91,56.5,226.0,56.5,C+,FAIL
34,13,92,49,47.0,188.0,47.0,C,FAIL
83,5,97,36,55.25,221.0,55.25,C+,FAIL
2,96,84,32,53.5,214.0,53.5,C+,FAIL
80,86,37,12,53.75,215.0,53.75,C+,FAIL
96,79,2,84,65.25,261.0,65.25,B,FAIL
44,53,57,4,39.5,158.0,39.5,C,FAIL
72,76,6,62,54.0,216.0,54.0,C+,FAIL
24,4,16,38,20.5,82.0,20.5,NG,FAIL
2,71,92,29,48.5,194.0,48.5,C,FAIL
37,65,18,62,45.5,182.0,45.5,C,FAIL
14,57,59,87,54.25,217.0,54.25,C+,FAIL
99,90,96,64,87.25,349.0,87.25,A,PASS
89,88,57,13,61.75,247.0,61.75,B,FAIL
49,97,22,8,44.0,176.0,44.0,C,FAIL
9,6,83,76,43.5,174.0,43.5,C,FAIL
22,56,7,67,38.0,152.0,38.0,C,FAIL
90,55,21,70,59.0,236.0,59.0,C+,FAIL
54,59,88,1,50.5,202.0,50.5,C+,FAIL
80,41,5,46,43.0,172.0,43.0,C,FAIL
51,28,47,59,46.25,185.0,46.25,C,FAIL
3,70,18,34,31.25,125.0,31.25,NG,FAIL
14,70,9,79,43.0,172.0,43.0,C,FAIL
55,79,59,85,69.5,278.0,69.5,B,PASS
97,33,17,94,60.25,241.0,60.25,B,FAIL
84,66,53,31,58.5,234.0,58.5,C+,FAIL
1,6,14,88,27.25,109.0,27.25,NG,FAIL
14,95,50,94,63.25,253.0,63.25,B,FAIL
9,51,49,41,37.5,150.0,37.5,C,FAIL
50,34,34,30,37.0,148.0,37.0,C,FAIL
40,68,1,64,43.25,173.0,43.25,C,FAIL
47,57,48,90,60.5,242.0,60.5,B,PASS
64,84,47,24,54.75,219.0,54.75,C+,FAIL
64,16,25,85,47.5,190.0,47.5,C,FAIL
9,92,27,9,34.25,137.0,34.25,NG,FAIL
32,66,30,27,38.75,155.0,38.75,C,FAIL
66,58,14,16,38.5,154.0,38.5,C,FAIL
67,75,74,52,67.0,268.0,67.0,B,PASS
76,69,17,24,46.5,186.0,46.5,C,FAIL
55,93,84,9,60.25,241.0,60.25,B,FAIL
19,71,21,84,48.75,195.0,48.75,C,FAIL
15,28,35,50,32.0,128.0,32.0,NG,FAIL
51,9,61,38,39.75,159.0,39.75,C,FAIL
0,89,79,51,54.75,219.0,54.75,C+,FAIL
85,44,73,0,50.5,202.0,50.5,C+,FAIL
54,17,52,66,47.25,189.0,47.25,C,FAIL
74,80,27,89,67.5,270.0,67.5,B,FAIL
0,97,11,75,45.75,183.0,45.75,C,FAIL
68,83,77,27,63.75,255.0,63.75,B,FAIL
34,28,75,82,54.75,219.0,54.75,C+,FAIL
75,32,95,19,55.25,221.0,55.25,C+,FAIL
65,67,14,78,56.0,224.0,56.0,C+,FAIL
99,93,2,60,63.5,254.0,63.5,B,FAIL
77,20,89,40,56.5,226.0,56.5,C+,FAIL
27,48,70,46,47.75,191.0,47.75,C,FAIL
43,42,82,6,43.25,173.0,43.25,C,FAIL
84,32,23,70,52.25,209.0,52.25,C+,FAIL
3,30,78,31,35.5,142.0,35.5,C,FAIL
97,57,41,48,60.75,243.0,60.75,B,PASS
79,12,35,84,52.5,210.0,52.5,C+,FAIL
80,89,15,14,49.5,198.0,49.5,C,FAIL
50,87,62,84,70.75,283.0,70.75,B+,PASS
92,36,79,72,69.75,279.0,69.75,B,PASS
84,14,46,25,42.25,169.0,42.25,C,FAIL
7,34,51,49,35.25,141.0,35.25,C,FAIL
3,66,26,48,35.75,143.0,35.75,C,FAIL
14,64,19,54,37.75,151.0,37.75,C,FAIL
59,74,95,72,75.0,300.0,75.0,B+,PASS
73,79,27,53,58.0,232.0,58.0,C+,FAIL
11,72,72,72,56.75,227.0,56.75,C+,FAIL
98,55,44,49,61.5,246.0,61.5,B,PASS
92,58,0,99,62.25,249.0,62.25,B,FAIL
4,36,22,65,31.75,127.0,31.75,NG,FAIL
42,9,96,23,42.5,170.0,42.5,C,FAIL
54,21,24,2,25.25,101.0,25.25,NG,FAIL
14,57,86,88,61.25,245.0,61.25,B,FAIL
98,53,28,97,69.0,276.0,69.0,B,FAIL
35,56,85,23,49.75,199.0,49.75,C,FAIL
19,15,17,40,22.75,91.0,22.75,NG,FAIL
11,57,60,61,47.25,189.0,47.25,C,FAIL
26,31,92,55,51.0,204.0,51.0,C+,FAIL
53,55,37,50,48.75,195.0,48.75,C,PASS
23,94,76,4,49.25,197.0,49.25,C,FAIL
73,26,96,1,49.0,196.0,49.0,C,FAIL
83,67,81,28,64.75,259.0,64.75,B,FAIL
25,18,74,6,30.75,123.0,30.75,NG,FAIL
50,10,69,39,42.0,168.0,42.0,C,FAIL
8,47,46,22,30.75,123.0,30.75,NG,FAIL
59,52,65,37,53.25,213.0,53.25,C+,PASS
51,33,36,78,49.5,198.0,49.5,C,FAIL
45,18,29,57,37.25,149.0,37.25,C,FAIL
14,52,68,5,34.75,139.0,34.75,NG,FAIL
45,79,80,35,59.75,239.0,59.75,C+,PASS
82,57,66,43,62.0,248.0,62.0,B,PASS
61,52,69,84,66.5,266.0,66.5,B,PASS
57,72,39,74,60.5,242.0,60.5,B,PASS
87,1,53,84,56.25,225.0,56.25,C+,FAIL
31,44,24,79,44.5,178.0,44.5,C,FAIL
95,21,55,65,59.0,236.0,59.0,C+,FAIL
18,27,28,43,29.0,116.0,29.0,NG,FAIL
66,39,55,64,56.0,224.0,56.0,C+,PASS
3,63,18,41,31.25,125.0,31.25,NG,FAIL
60,90,10,79,59.75,239.0,59.75,C+,FAIL
90,97,75,97,89.75,359.0,89.75,A,PASS
59,78,59,12,52.0,208.0,52.0,C+,FAIL
34,74,73,72,63.25,253.0,63.25,B,FAIL
28,3,0,81,28.0,112.0,28.0,NG,FAIL
92,69,96,25,70.5,282.0,70.5,B+,FAIL
4,7,35,85,32.75,131.0,32.75,NG,FAIL
41,27,83,90,60.25,241.0,60.25,B,FAIL
94,51,97,49,72.75,291.0,72.75,B+,PASS
23,56,17,24,30.0,120.0,30.0,NG,FAIL
46,76,46,71,59.75,239.0,59.75,C+,PASS
51,66,32,4,38.25,153.0,38.25,C,FAIL
3,43,51,78,43.75,175.0,43.75,C,FAIL
88,6,60,10,41.0,164.0,41.0,C,FAIL
98,2,52,55,51.75,207.0,51.75,C+,FAIL
40,40,89,19,47.0,188.0,47.0,C,FAIL
49,1,96,44,47.5,190.0,47.5,C,FAIL
31,19,60,23,33.25,133.0,33.25,NG,FAIL
5,16,20,79,30.0,120.0,30.0,NG,FAIL
87,31,1,67,46.5,186.0,46.5,C,FAIL
33,10,8,43,23.5,94.0,23.5,NG,FAIL
93,10,70,6,44.75,179.0,44.75,C,FAIL
1,51,43,77,43.0,172.0,43.0,C,FAIL
33,68,94,70,66.25,265.0,66.25,B,FAIL
51,31,61,72,53.75,215.0,53.75,C+,FAIL
41,77,35,47,50.0,200.0,50.0,C+,PASS
79,7,53,14,38.25,153.0,38.25,C,FAIL
0,45,55,21,30.25,121.0,30.25,NG,FAIL
80,59,52,81,68.0,272.0,68.0,B,PASS
55,97,99,81,83.0,332.0,83.0,A,PASS
66,25,63,38,48.0,192.0,48.0,C,FAIL
70,5,44,60,44.75,179.0,44.75,C,FAIL
48,67,98,98,77.75,311.0,77.75,B+,PASS
63,5,59,40,41.75,167.0,41.75,C,FAIL
7,40,86,55,47.0,188.0,47.0,C,FAIL
7,4,70,66,36.75,147.0,36.75,C,FAIL
85,36,42,2,41.25,165.0,41.25,C,FAIL
63,17,45,23,37.0,148.0,37.0,C,FAIL
2,81,32,1,29.0,116.0,29.0,NG,FAIL
68,66,71,84,72.25,289.0,72.25,B+,PASS
73,40,53,34,50.0,200.0,50.0,C+,FAIL
29,28,19,12,22.0,88.0,22.0,NG,FAIL
65,69,8,83,56.25,225.0,56.25,C+,FAIL
33,92,87,83,73.75,295.0,73.75,B+,FAIL
52,89,87,42,67.5,270.0,67.5,B,PASS
31,83,65,17,49.0,196.0,49.0,C,FAIL
37,79,97,80,73.25,293.0,73.25,B+,PASS
97,7,70,52,56.5,226.0,56.5,C+,FAIL
38,79,70,72,64.75,259.0,64.75,B,PASS
81,57,45,91,68.5,274.0,68.5,B,PASS
33,40,48,82,50.75,203.0,50.75,C+,FAIL
13,91,87,9,50.0,200.0,50.0,C+,FAIL
30,53,91,91,66.25,265.0,66.25,B,FAIL
12,17,95,8,33.0,132.0,33.0,NG,FAIL
13,55,23,66,39.25,157.0,39.25,C,FAIL
64,86,36,90,69.0,276.0,69.0,B,PASS
68,31,47,67,53.25,213.0,53.25,C+,FAIL
63,39,18,16,34.0,136.0,34.0,NG,FAIL
86,0,15,33,33.5,134.0,33.5,NG,FAIL
6,81,6,43,34.0,136.0,34.0,NG,FAIL
18,32,23,1,18.5,74.0,18.5,NG,FAIL
93,19,1,55,42.0,168.0,42.0,C,FAIL
96,45,39,92,68.0,272.0,68.0,B,PASS
81,48,41,14,46.0,184.0,46.0,C,FAIL
9,36,39,2,21.5,86.0,21.5,NG,FAIL
91,72,23,37,55.75,223.0,55.75,C+,FAIL
60,24,42,14,35.0,140.0,35.0,C,FAIL
3,93,29,48,43.25,173.0,43.25,C,FAIL
94,37,97,58,71.5,286.0,71.5,B+,PASS
93,92,22,34,60.25,241.0,60.25,B,FAIL
66,39,56,34,48.75,195.0,48.75,C,FAIL
51,68,65,41,56.25,225.0,56.25,C+,PASS
32,99,82,8,55.25,221.0,55.25,C+,FAIL
84,65,70,0,54.75,219.0,54.75,C+,FAIL
54,73,42,17,46.5,186.0,46.5,C,FAIL
76,97,90,41,76.0,304.0,76.0,B+,PASS
13,78,71,30,48.0,192.0,48.0,C,FAIL
1,14,14,11,10.0,40.0,10.0,NG,FAIL
49,14,86,58,51.75,207.0,51.75,C+,FAIL
5,12,73,41,32.75,131.0,32.75,NG,FAIL
44,46,72,62,56.0,224.0,56.0,C+,PASS
25,67,42,83,54.25,217.0,54.25,C+,FAIL
44,58,49,78,57.25,229.0,57.25,C+,PASS
19,60,39,82,50.0,200.0,50.0,C+,FAIL
13,77,63,0,38.25,153.0,38.25,C,FAIL
67,88,50,59,66.0,264.0,66.0,B,PASS
6,38,22,36,25.5,102.0,25.5,NG,FAIL
21,70,26,34,37.75,151.0,37.75,C,FAIL
93,59,28,61,60.25,241.0,60.25,B,FAIL
29,71,16,67,45.75,183.0,45.75,C,FAIL
35,51,78,59,55.75,223.0,55.75,C+,PASS
65,1,32,16,28.5,114.0,28.5,NG,FAIL
2,85,33,66,46.5,186.0,46.5,C,FAIL
38,88,85,63,68.5,274.0,68.5,B,PASS
58,66,36,34,48.5,194.0,48.5,C,FAIL
56,25,37,39,39.25,157.0,39.25,C,FAIL
24,27,7,85,35.75,143.0,35.75,C,FAIL
46,44,71,25,46.5,186.0,46.5,C,FAIL
1,50,6,53,27.5,110.0,27.5,NG,FAIL
95,67,78,32,68.0,272.0,68.0,B,FAIL
59,93,26,1,44.75,179.0,44.75,C,FAIL
37,10,42,75,41.0,164.0,41.0,C,FAIL
73,48,17,60,49.5,198.0,49.5,C,FAIL
68,32,65,59,56.0,224.0,56.0,C+,FAIL
72,21,91,64,62.0,248.0,62.0,B,FAIL
69,42,9,60,45.0,180.0,45.0,C,FAIL
83,2,66,35,46.5,186.0,46.5,C,FAIL
83,27,85,78,68.25,273.0,68.25,B,FAIL
91,84,44,97,79.0,316.0,79.0,B+,PASS
85,54,90,35,66.0,264.0,66.0,B,PASS
55,69,67,85,69.0,276.0,69.0,B,PASS
3,82,72,80,59.25,237.0,59.25,C+,FAIL
92,29,67,96,71.0,284.0,71.0,B+,FAIL
39,31,12,4,21.5,86.0,21.5,NG,FAIL
75,50,37,62,56.0,224.0,56.0,C+,PASS
28,18,92,82,55.0,220.0,55.0,C+,FAIL
82,93,11,34,55.0,220.0,55.0,C+,FAIL
52,25,4,38,29.75,119.0,29.75,NG,FAIL
27,72,1,9,27.25,109.0,27.25,NG,FAIL
44,15,77,30,41.5,166.0,41.5,C,FAIL
8,39,21,57,31.25,125.0,31.25,NG,FAIL
14,43,16,81,38.5,154.0,38.5,C,FAIL
87,67,73,60,71.75,287.0,71.75,B+,PASS
69,44,15,58,46.5,186.0,46.5,C,FAIL
89,50,45,86,67.5,270.0,67.5,B,PASS
14,74,16,60,41.0,164.0,41.0,C,FAIL
63,23,98,78,65.5,262.0,65.5,B,FAIL
37,76,34,41,47.0,188.0,47.0,C,FAIL
76,76,32,4,47.0,188.0,47.0,C,FAIL
11,13,41,68,33.25,133.0,33.25,NG,FAIL
26,56,21,54,39.25,157.0,39.25,C,FAIL
2,31,43,10,21.5,86.0,21.5,NG,FAIL
70,7,83,4,41.0,164.0,41.0,C,FAIL
94,27,29,18,42.0,168.0,42.0,C,FAIL
19,80,82,98,69.75,279.0,69.75,B,FAIL
69,61,93,28,62.75,251.0,62.75,B,FAIL
20,1,6,37,16.0,64.0,16.0,NG,FAIL
82,88,49,20,59.75,239.0,59.75,C+,FAIL
1,27,94,22,36.0,144.0,36.0,C,FAIL
62,99,35,7,50.75,203.0,50.75,C+,FAIL
15,75,28,33,37.75,151.0,37.75,C,FAIL
18,33,16,31,24.5,98.0,24.5,NG,FAIL
97,7,38,33,43.75,175.0,43.75,C,FAIL
61,22,46,85,53.5,214.0,53.5,C+,FAIL
76,37,89,69,67.75,271.0,67.75,B,PASS
64,26,47,71,52.0,208.0,52.0,C+,FAIL
99,77,76,50,75.5,302.0,75.5,B+,PASS
67,32,92,32,55.75,223.0,55.75,C+,FAIL
0,70,17,59,36.5,146.0,36.5,C,FAIL
66,49,93,17,56.25,225.0,56.25,C+,FAIL
18,58,2,82,40.0,160.0,40.0,C,FAIL
12,92,24,58,46.5,186.0,46.5,C,FAIL
65,58,93,8,56.0,224.0,56.0,C+,FAIL
3,69,97,18,46.75,187.0,46.75,C,FAIL
10,95,67,68,60.0,240.0,60.0,B,FAIL
83,36,34,7,40.0,160.0,40.0,C,FAIL
86,61,38,69,63.5,254.0,63.5,B,PASS
85,76,12,81,63.5,254.0,63.5,B,FAIL
65,50,6,66,46.75,187.0,46.75,C,FAIL
54,81,33,74,60.5,242.0,60.5,B,FAIL
21,13,62,22,29.5,118.0,29.5,NG,FAIL
49,47,73,94,65.75,263.0,65.75,B,PASS
2,40,10,96,37.0,148.0,37.0,C,FAIL
90,30,99,4,55.75,223.0,55.75,C+,FAIL
91,21,20,6,34.5,138.0,34.5,NG,FAIL
53,50,46,38,46.75,187.0,46.75,C,PASS
77,79,58,44,64.5,258.0,64.5,B,PASS
1,13,66,72,38.0,152.0,38.0,C,FAIL
21,78,7,48,38.5,154.0,38.5,C,FAIL
84,78,61,29,63.0,252.0,63.0,B,FAIL
57,34,53,80,56.0,224.0,56.0,C+,FAIL
19,89,25,28,40.25,161.0,40.25,C,FAIL
37,55,26,7,31.25,125.0,31.25,NG,FAIL
63,85,48,95,72.75,291.0,72.75,B+,PASS
45,98,82,97,80.5,322.0,80.5,A,PASS
70,98,16,70,63.5,254.0,63.5,B,FAIL
55,98,90,85,82.0,328.0,82.0,A,PASS
64,60,11,98,58.25,233.0,58.25,C+,FAIL
71,70,15,50,51.5,206.0,51.5,C+,FAIL
29,36,28,40,33.25,133.0,33.25,NG,FAIL
13,48,61,66,47.0,188.0,47.0,C,FAIL
98,33,23,19,43.25,173.0,43.25,C,FAIL
2,58,22,92,43.5,174.0,43.5,C,FAIL
29,98,34,9,42.5,170.0,42.5,C,FAIL
56,33,17,93,49.75,199.0,49.75,C,FAIL
31,73,65,91,65.0,260.0,65.0,B,FAIL
62,92,50,53,64.25,257.0,64.25,B,PASS
33,93,2,28,39.0,156.0,39.0,C,FAIL
89,78,2,54,55.75,223.0,55.75,C+,FAIL
82,25,35,10,38.0,152.0,38.0,C,FAIL
81,67,15,56,54.75,219.0,54.75,C+,FAIL
56,31,79,16,45.5,182.0,45.5,C,FAIL
35,82,22,60,49.75,199.0,49.75,C,FAIL
18,55,51,8,33.0,132.0,33.0,NG,FAIL
8,37,70,45,40.0,160.0,40.0,C,FAIL
47,46,16,29,34.5,138.0,34.5,NG,FAIL
69,7,87,68,57.75,231.0,57.75,C+,FAIL
37,78,70,64,62.25,249.0,62.25,B,PASS
7,71,71,83,58.0,232.0,58.0,C+,FAIL
92,71,58,26,61.75,247.0,61.75,B,FAIL
8,49,24,41,30.5,122.0,30.5,NG,FAIL
10,18,24,31,20.75,83.0,20.75,NG,FAIL
50,63,55,33,50.25,201.0,50.25,C+,FAIL
11,47,82,24,41.0,164.0,41.0,C,FAIL
42,42,44,64,48.0,192.0,48.0,C,PASS
91,50,52,39,58.0,232.0,58.0,C+,PASS
79,52,46,65,60.5,242.0,60.5,B,PASS
77,1,7,70,38.75,155.0,38.75,C,FAIL
30,81,90,75,69.0,276.0,69.0,B,FAIL
84,34,18,50,46.5,186.0,46.5,C,FAIL
91,11,25,70,49.25,197.0,49.25,C,FAIL
17,31,85,35,42.0,168.0,42.0,C,FAIL
42,16,91,87,59.0,236.0,59.0,C+,FAIL
97,32,78,62,67.25,269.0,67.25,B,FAIL
90,71,61,45,66.75,267.0,66.75,B,PASS
5,58,17,85,41.25,165.0,41.25,C,FAIL
84,70,85,82,80.25,321.0,80.25,A,PASS
61,82,63,40,61.5,246.0,61.5,B,PASS
5,50,77,73,51.25,205.0,51.25,C+,FAIL
79,75,9,77,60.0,240.0,60.0,B,FAIL
3,73,14,3,23.25,93.0,23.25,NG,FAIL
64,16,63,13,39.0,156.0,39.0,C,FAIL
15,4,81,52,38.0,152.0,38.0,C,FAIL
30,29,37,54,37.5,150.0,37.5,C,FAIL
88,92,65,90,83.75,335.0,83.75,A,PASS
23,80,22,59,46.0,184.0,46.0,C,FAIL
82,32,52,87,63.25,253.0,63.25,B,FAIL
37,74,74,66,62.75,251.0,62.75,B,PASS
98,96,98,87,94.75,379.0,94.75,A+,PASS
23,52,6,87,42.0,168.0,42.0,C,FAIL
78,52,72,46,62.0,248.0,62.0,B,PASS
57,74,76,17,56.0,224.0,56.0,C+,FAIL
22,43,41,76,45.5,182.0,45.5,C,FAIL
53,43,77,80,63.25,253.0,63.25,B,PASS
34,58,20,45,39.25,157.0,39.25,C,FAIL
41,49,79,79,62.0,248.0,62.0,B,PASS
53,29,29,56,41.75,167.0,41.75,C,FAIL
53,39,38,49,44.75,179.0,44.75,C,PASS
60,8,83,81,58.0,232.0,58.0,C+,FAIL
87,17,59,1,41.0,164.0,41.0,C,FAIL
5,90,50,84,57.25,229.0,57.25,C+,FAIL
33,26,34,61,38.5,154.0,38.5,C,FAIL
20,78,65,70,58.25,233.0,58.25,C+,FAIL
49,86,54,78,66.75,267.0,66.75,B,PASS
84,6,56,72,54.5,218.0,54.5,C+,FAIL
55,75,41,96,66.75,267.0,66.75,B,PASS
89,55,39,25,52.0,208.0,52.0,C+,FAIL
50,75,26,22,43.25,173.0,43.25,C,FAIL
35,15,60,66,44.0,176.0,44.0,C,FAIL
90,24,70,94,69.5,278.0,69.5,B,FAIL
60,40,29,1,32.5,130.0,32.5,NG,FAIL
65,28,4,56,38.25,153.0,38.25,C,FAIL
63,12,3,11,22.25,89.0,22.25,NG,FAIL
27,42,76,8,38.25,153.0,38.25,C,FAIL
2,73,18,69,40.5,162.0,40.5,C,FAIL
11,20,59,27,29.25,117.0,29.25,NG,FAIL
81,8,80,80,62.25,249.0,62.25,B,FAIL
48,68,73,94,70.75,283.0,70.75,B+,PASS
2,1,66,54,30.75,123.0,30.75,NG,FAIL
89,35,87,65,69.0,276.0,69.0,B,PASS
46,53,93,67,64.75,259.0,64.75,B,PASS
52,95,64,60,67.75,271.0,67.75,B,PASS
5,53,7,15,20.0,80.0,20.0,NG,FAIL
28,79,42,72,55.25,221.0,55.25,C+,FAIL
55,83,89,75,75.5,302.0,75.5,B+,PASS
8,86,46,60,50.0,200.0,50.0,C+,FAIL
63,47,95,92,74.25,297.0,74.25,B+,PASS
67,38,88,66,64.75,259.0,64.75,B,PASS
28,2,75,44,37.25,149.0,37.25,C,FAIL
11,68,36,82,49.25,197.0,49.25,C,FAIL
73,24,84,43,56.0,224.0,56.0,C+,FAIL
19,99,31,1,37.5,150.0,37.5,C,FAIL
85,98,76,84,85.75,343.0,85.75,A,PASS
11,79,34,80,51.0,204.0,51.0,C+,FAIL
66,48,76,64,63.5,254.0,63.5,B,PASS
83,72,5,61,55.25,221.0,55.25,C+,FAIL
31,32,30,0,23.25,93.0,23.25,NG,FAIL
54,98,73,0,56.25,225.0,56.25,C+,FAIL
63,26,81,11,45.25,181.0,45.25,C,FAIL
29,78,3,17,31.75,127.0,31.75,NG,FAIL
2,8,99,60,42.25,169.0,42.25,C,FAIL
53,49,22,31,38.75,155.0,38.75,C,FAIL
6,97,56,91,62.5,250.0,62.5,B,FAIL
96,34,22,41,48.25,193.0,48.25,C,FAIL
37,3,66,25,32.75,131.0,32.75,NG,FAIL
15,52,46,85,49.5,198.0,49.5,C,FAIL
70,44,6,7,31.75,127.0,31.75,NG,FAIL
68,29,64,38,49.75,199.0,49.75,C,FAIL
63,61,77,13,53.5,214.0,53.5,C+,FAIL
68,52,71,46,59.25,237.0,59.25,C+,PASS
60,42,58,42,50.5,202.0,50.5,C+,PASS
80,14,62,42,49.5,198.0,49.5,C,FAIL
4,22,14,75,28.75,115.0,28.75,NG,FAIL
8,75,37,60,45.0,180.0,45.0,C,FAIL
53,32,91,48,56.0,224.0,56.0,C+,FAIL
6,74,25,85,47.5,190.0,47.5,C,FAIL
31,50,61,28,42.5,170.0,42.5,C,FAIL
14,42,65,53,43.5,174.0,43.5,C,FAIL
74,94,97,18,70.75,283.0,70.75,B+,FAIL
46,44,58,22,42.5,170.0,42.5,C,FAIL
86,46,83,60,68.75,275.0,68.75,B,PASS
81,26,16,19,35.5,142.0,35.5,C,FAIL
57,23,60,94,58.5,234.0,58.5,C+,FAIL
11,98,12,24,36.25,145.0,36.25,C,FAIL
53,27,42,29,37.75,151.0,37.75,C,FAIL
13,68,10,15,26.5,106.0,26.5,NG,FAIL
31,94,46,97,67.0,268.0,67.0,B,FAIL
93,96,21,4,53.5,214.0,53.5,C+,FAIL
85,98,94,64,85.25,341.0,85.25,A,PASS
49,82,86,44,65.25,261.0,65.25,B,PASS
24,84,81,13,50.5,202.0,50.5,C+,FAIL
14,5,74,20,28.25,113.0,28.25,NG,FAIL
36,35,31,80,45.5,182.0,45.5,C,FAIL
53,65,54,66,59.5,238.0,59.5,C+,PASS
36,73,48,66,55.75,223.0,55.75,C+,PASS
21,27,22,30,25.0,100.0,25.0,NG,FAIL
85,74,11,61,57.75,231.0,57.75,C+,FAIL
77,82,47,17,55.75,223.0,55.75,C+,FAIL
65,88,87,0,60.0,240.0,60.0,B,FAIL
66,24,14,71,43.75,175.0,43.75,C,FAIL
98,35,79,28,60.0,240.0,60.0,B,FAIL
38,83,85,58,66.0,264.0,66.0,B,PASS
2,58,46,84,47.5,190.0,47.5,C,FAIL
2,48,5,19,18.5,74.0,18.5,NG,FAIL
63,53,41,73,57.5,230.0,57.5,C+,PASS
9,20,70,48,36.75,147.0,36.75,C,FAIL
69,69,42,9,47.25,189.0,47.25,C,FAIL
14,2,80,23,29.75,119.0,29.75,NG,FAIL
11,16,37,0,16.0,64.0,16.0,NG,FAIL
28,95,54,60,59.25,237.0,59.25,C+,FAIL
59,8,30,98,48.75,195.0,48.75,C,FAIL
56,60,20,79,53.75,215.0,53.75,C+,FAIL
75,58,82,33,62.0,248.0,62.0,B,FAIL
5,56,15,55,32.75,131.0,32.75,NG,FAIL
80,59,55,98,73.0,292.0,73.0,B+,PASS
75,28,50,9,40.5,162.0,40.5,C,FAIL
11,40,15,67,33.25,133.0,33.25,NG,FAIL
38,25,91,18,43.0,172.0,43.0,C,FAIL
51,21,8,7,21.75,87.0,21.75,NG,FAIL
94,88,23,29,58.5,234.0,58.5,C+,FAIL
10,44,27,48,32.25,129.0,32.25,NG,FAIL
22,58,5,39,31.0,124.0,31.0,NG,FAIL
15,59,89,99,65.5,262.0,65.5,B,FAIL
5,41,32,11,22.25,89.0,22.25,NG,FAIL
37,20,91,51,49.75,199.0,49.75,C,FAIL
25,73,89,35,55.5,222.0,55.5,C+,FAIL
52,40,79,10,45.25,181.0,45.25,C,FAIL
92,52,33,62,59.75,239.0,59.75,C+,FAIL
29,20,67,50,41.5,166.0,41.5,C,FAIL
3,91,40,58,48.0,192.0,48.0,C,FAIL
10,38,89,52,47.25,189.0,47.25,C,FAIL
7,95,75,34,52.75,211.0,52.75,C+,FAIL
53,57,98,40,62.0,248.0,62.0,B,PASS
65,22,70,89,61.5,246.0,61.5,B,FAIL
52,96,52,79,69.75,279.0,69.75,B,PASS
30,69,45,56,50.0,200.0,50.0,C+,FAIL
52,17,14,63,36.5,146.0,36.5,C,FAIL
66,87,93,96,85.5,342.0,85.5,A,PASS
92,43,44,88,66.75,267.0,66.75,B,PASS
66,8,88,5,41.75,167.0,41.75,C,FAIL
55,5,39,58,39.25,157.0,39.25,C,FAIL
40,8,26,54,32.0,128.0,32.0,NG,FAIL
2,90,94,77,65.75,263.0,65.75,B,FAIL
74,8,80,77,59.75,239.0,59.75,C+,FAIL
85,28,50,30,48.25,193.0,48.25,C,FAIL
87,16,39,39,45.25,181.0,45.25,C,FAIL
18,63,42,26,37.25,149.0,37.25,C,FAIL
65,35,6,14,30.0,120.0,30.0,NG,FAIL
86,96,62,31,68.75,275.0,68.75,B,FAIL
6,92,26,18,35.5,142.0,35.5,C,FAIL
66,63,20,74,55.75,223.0,55.75,C+,FAIL
87,57,52,99,73.75,295.0,73.75,B+,PASS
67,5,9,20,25.25,101.0,25.25,NG,FAIL
49,20,16,29,28.5,114.0,28.5,NG,FAIL
4,54,91,12,40.25,161.0,40.25,C,FAIL
13,76,17,28,33.5,134.0,33.5,NG,FAIL
8,71,76,38,48.25,193.0,48.25,C,FAIL
1,58,90,96,61.25,245.0,61.25,B,FAIL
34,40,4,42,30.0,120.0,30.0,NG,FAIL
15,17,11,60,25.75,103.0,25.75,NG,FAIL
21,38,17,4,20.0,80.0,20.0,NG,FAIL
37,26,37,89,47.25,189.0,47.25,C,FAIL
75,57,5,52,47.25,189.0,47.25,C,FAIL
92,52,73,60,69.25,277.0,69.25,B,PASS
19,84,0,2,26.25,105.0,26.25,NG,FAIL
51,27,51,89,54.5,218.0,54.5,C+,FAIL
62,50,82,78,68.0,272.0,68.0,B,PASS
49,78,33,73,58.25,233.0,58.25,C+,FAIL
50,2,76,81,52.25,209.0,52.25,C+,FAIL
81,49,75,86,72.75,291.0,72.75,B+,PASS
29,87,94,31,60.25,241.0,60.25,B,FAIL
2,89,72,93,64.0,256.0,64.0,B,FAIL
93,80,41,63,69.25,277.0,69.25,B,PASS
17,45,63,95,55.0,220.0,55.0,C+,FAIL
6,94,42,80,55.5,222.0,55.5,C+,FAIL
78,75,51,95,74.75,299.0,74.75,B+,PASS
67,85,13,84,62.25,249.0,62.25,B,FAIL
21,97,75,64,64.25,257.0,64.25,B,FAIL
10,26,89,58,45.75,183.0,45.75,C,FAIL
27,53,19,53,38.0,152.0,38.0,C,FAIL
22,31,88,24,41.25,165.0,41.25,C,FAIL
66,89,96,44,73.75,295.0,73.75,B+,PASS
66,49,68,71,63.5,254.0,63.5,B,PASS
3,3,38,39,20.75,83.0,20.75,NG,FAIL
72,1,2,40,28.75,115.0,28.75,NG,FAIL
63,60,81,32,59.0,236.0,59.0,C+,FAIL
15,5,98,87,51.25,205.0,51.25,C+,FAIL
56,93,2,2,38.25,153.0,38.25,C,FAIL
72,9,18,34,33.25,133.0,33.25,NG,FAIL
98,54,33,56,60.25,241.0,60.25,B,FAIL
88,56,91,23,64.5,258.0,64.5,B,FAIL
11,68,52,36,41.75,167.0,41.75,C,FAIL
53,4,37,89,45.75,183.0,45.75,C,FAIL
69,13,60,82,56.0,224.0,56.0,C+,FAIL
40,79,11,78,52.0,208.0,52.0,C+,FAIL
77,2,17,51,36.75,147.0,36.75,C,FAIL
44,65,23,38,42.5,170.0,42.5,C,FAIL
37,82,12,58,47.25,189.0,47.25,C,FAIL
21,61,31,72,46.25,185.0,46.25,C,FAIL
41,29,38,1,27.25,109.0,27.25,NG,FAIL
28,22,76,93,54.75,219.0,54.75,C+,FAIL
90,31,93,23,59.25,237.0,59.25,C+,FAIL
66,13,11,40,32.5,130.0,32.5,NG,FAIL
67,20,61,24,43.0,172.0,43.0,C,FAIL
16,61,80,27,46.0,184.0,46.0,C,FAIL
37,33,6,32,27.0,108.0,27.0,NG,FAIL
54,20,41,66,45.25,181.0,45.25,C,FAIL
86,1,64,26,44.25,177.0,44.25,C,FAIL
28,14,45,59,36.5,146.0,36.5,C,FAIL
9,0,97,23,32.25,129.0,32.25,NG,FAIL
66,16,53,46,45.25,181.0,45.25,C,FAIL
80,73,92,70,78.75,315.0,78.75,B+,PASS
66,66,52,75,64.75,259.0,64.75,B,PASS
60,26,88,49,55.75,223.0,55.75,C+,FAIL
94,60,63,41,64.5,258.0,64.5,B,PASS
66,72,74,51,65.75,263.0,65.75,B,PASS
52,59,17,12,35.0,140.0,35.0,C,FAIL
60,13,5,12,22.5,90.0,22.5,NG,FAIL
70,95,98,0,65.75,263.0,65.75,B,FAIL
45,70,46,8,42.25,169.0,42.25,C,FAIL
58,37,11,48,38.5,154.0,38.5,C,FAIL
76,67,26,44,53.25,213.0,53.25,C+,FAIL
90,59,91,98,84.5,338.0,84.5,A,PASS
37,30,65,80,53.0,212.0,53.0,C+,FAIL
53,46,93,1,48.25,193.0,48.25,C,FAIL
5,60,82,7,38.5,154.0,38.5,C,FAIL
35,14,12,73,33.5,134.0,33.5,NG,FAIL
64,0,45,13,30.5,122.0,30.5,NG,FAIL
82,55,78,61,69.0,276.0,69.0,B,PASS
36,3,78,24,35.25,141.0,35.25,C,FAIL
54,45,2,24,31.25,125.0,31.25,NG,FAIL
49,51,49,39,47.0,188.0,47.0,C,PASS
56,30,22,72,45.0,180.0,45.0,C,FAIL
27,60,30,44,40.25,161.0,40.25,C,FAIL
91,59,15,55,55.0,220.0,55.0,C+,FAIL
46,46,2,66,40.0,160.0,40.0,C,FAIL
86,92,6,41,56.25,225.0,56.25,C+,FAIL
0,15,32,33,20.0,80.0,20.0,NG,FAIL
0,23,60,15,24.5,98.0,24.5,NG,FAIL
29,6,79,82,49.0,196.0,49.0,C,FAIL
24,96,1,21,35.5,142.0,35.5,C,FAIL
86,63,76,70,73.75,295.0,73.75,B+,PASS
98,67,71,65,75.25,301.0,75.25,B+,PASS
63,47,67,58,58.75,235.0,58.75,C+,PASS
99,31,0,97,56.75,227.0,56.75,C+,FAIL
80,52,74,35,60.25,241.0,60.25,B,PASS
43,82,85,56,66.5,266.0,66.5,B,PASS
94,71,66,48,69.75,279.0,69.75,B,PASS
7,14,51,4,19.0,76.0,19.0,NG,FAIL
92,1,3,15,27.75,111.0,27.75,NG,FAIL
26,10,30,19,21.25,85.0,21.25,NG,FAIL
62,96,73,93,81.0,324.0,81.0,A,PASS
88,13,55,90,61.5,246.0,61.5,B,FAIL
80,94,80,94,87.0,348.0,87.0,A,PASS
47,12,81,67,51.75,207.0,51.75,C+,FAIL
90,35,1,21,36.75,147.0,36.75,C,FAIL
58,68,38,84,62.0,248.0,62.0,B,PASS
85,6,99,2,48.0,192.0,48.0,C,FAIL
43,35,23,74,43.75,175.0,43.75,C,FAIL
25,37,81,75,54.5,218.0,54.5,C+,FAIL
26,66,39,91,55.5,222.0,55.5,C+,FAIL
22,12,4,12,12.5,50.0,12.5,NG,FAIL
39,44,18,50,37.75,151.0,37.75,C,FAIL
54,22,28,33,34.25,137.0,34.25,NG,FAIL
17,81,1,32,32.75,131.0,32.75,NG,FAIL
50,98,15,71,58.5,234.0,58.5,C+,FAIL
72,44,70,89,68.75,275.0,68.75,B,PASS
14,24,93,32,40.75,163.0,40.75,C,FAIL
3,52,40,54,37.25,149.0,37.25,C,FAIL
97,42,46,28,53.25,213.0,53.25,C+,FAIL
46,84,49,10,47.25,189.0,47.25,C,FAIL
92,47,15,64,54.5,218.0,54.5,C+,FAIL
3,8,35,48,23.5,94.0,23.5,NG,FAIL
28,70,61,57,54.0,216.0,54.0,C+,FAIL
32,98,38,85,63.25,253.0,63.25,B,FAIL
53,39,38,77,51.75,207.0,51.75,C+,PASS
20,78,69,91,64.5,258.0,64.5,B,FAIL
47,24,58,65,48.5,194.0,48.5,C,FAIL
71,25,22,52,42.5,170.0,42.5,C,FAIL
74,30,6,26,34.0,136.0,34.0,NG,FAIL
14,51,11,43,29.75,119.0,29.75,NG,FAIL
18,36,91,96,60.25,241.0,60.25,B,FAIL
3,32,81,93,52.25,209.0,52.25,C+,FAIL
18,11,34,63,31.5,126.0,31.5,NG,FAIL
46,67,54,88,63.75,255.0,63.75,B,PASS
32,77,84,54,61.75,247.0,61.75,B,FAIL
5,11,39,60,28.75,115.0,28.75,NG,FAIL
19,66,20,24,32.25,129.0,32.25,NG,FAIL
77,99,21,79,69.0,276.0,69.0,B,FAIL
39,34,56,79,52.0,208.0,52.0,C+,FAIL
90,99,68,60,79.25,317.0,79.25,B+,PASS
50,7,35,3,23.75,95.0,23.75,NG,FAIL
33,83,77,13,51.5,206.0,51.5,C+,FAIL
99,98,20,56,68.25,273.0,68.25,B,FAIL
21,58,40,1,30.0,120.0,30.0,NG,FAIL
44,9,29,73,38.75,155.0,38.75,C,FAIL
90,41,95,57,70.75,283.0,70.75,B+,PASS
87,60,39,69,63.75,255.0,63.75,B,PASS
41,35,51,15,35.5,142.0,35.5,C,FAIL
88,63,14,7,43.0,172.0,43.0,C,FAIL
98,93,52,57,75.0,300.0,75.0,B+,PASS
74,62,98,73,76.75,307.0,76.75,B+,PASS
25,34,83,48,47.5,190.0,47.5,C,FAIL
77,70,74,3,56.0,224.0,56.0,C+,FAIL
38,73,10,85,51.5,206.0,51.5,C+,FAIL
53,38,0,17,27.0,108.0,27.0,NG,FAIL
77,0,21,69,41.75,167.0,41.75,C,FAIL
31,49,47,80,51.75,207.0,51.75,C+,FAIL
4,93,46,10,38.25,153.0,38.25,C,FAIL
44,18,19,80,40.25,161.0,40.25,C,FAIL
3,60,66,64,48.25,193.0,48.25,C,FAIL
85,71,72,47,68.75,275.0,68.75,B,PASS
91,83,84,19,69.25,277.0,69.25,B,FAIL
98,80,1,29,52.0,208.0,52.0,C+,FAIL
64,4,14,40,30.5,122.0,30.5,NG,FAIL
90,69,90,48,74.25,297.0,74.25,B+,PASS
56,5,15,49,31.25,125.0,31.25,NG,FAIL
50,2,44,20,29.0,116.0,29.0,NG,FAIL
1,99,40,74,53.5,214.0,53.5,C+,FAIL
15,89,42,96,60.5,242.0,60.5,B,FAIL
76,96,98,82,88.0,352.0,88.0,A,PASS
41,59,84,0,46.0,184.0,46.0,C,FAIL
26,26,16,61,32.25,129.0,32.25,NG,FAIL
9,86,8,69,43.0,172.0,43.0,C,FAIL
99,89,48,37,68.25,273.0,68.25,B,PASS
46,13,53,8,30.0,120.0,30.0,NG,FAIL
67,76,24,28,48.75,195.0,48.75,C,FAIL
31,75,31,65,50.5,202.0,50.5,C+,FAIL
19,48,64,41,43.0,172.0,43.0,C,FAIL
10,79,17,87,48.25,193.0,48.25,C,FAIL
48,48,45,64,51.25,205.0,51.25,C+,PASS
61,56,1,31,37.25,149.0,37.25,C,FAIL
77,68,28,79,63.0,252.0,63.0,B,FAIL
22,26,19,36,25.75,103.0,25.75,NG,FAIL
18,15,59,96,47.0,188.0,47.0,C,FAIL
89,19,9,57,43.5,174.0,43.5,C,FAIL
10,21,47,25,25.75,103.0,25.75,NG,FAIL
25,33,32,56,36.5,146.0,36.5,C,FAIL
50,37,0,37,31.0,124.0,31.0,NG,FAIL
99,53,90,22,66.0,264.0,66.0,B,FAIL
14,87,37,40,44.5,178.0,44.5,C,FAIL
52,22,71,25,42.5,170.0,42.5,C,FAIL
13,66,55,91,56.25,225.0,56.25,C+,FAIL
38,3,14,22,19.25,77.0,19.25,NG,FAIL
93,14,13,51,42.75,171.0,42.75,C,FAIL
52,84,23,8,41.75,167.0,41.75,C,FAIL
11,3,35,82,32.75,131.0,32.75,NG,FAIL
62,36,27,11,34.0,136.0,34.0,NG,FAIL
29,84,55,46,53.5,214.0,53.5,C+,FAIL
25,75,23,36,39.75,159.0,39.75,C,FAIL
40,15,80,59,48.5,194.0,48.5,C,FAIL
24,60,92,48,56.0,224.0,56.0,C+,FAIL
40,55,6,78,44.75,179.0,44.75,C,FAIL
21,47,41,21,32.5,130.0,32.5,NG,FAIL
63,43,9,17,33.0,132.0,33.0,NG,FAIL
29,71,61,23,46.0,184.0,46.0,C,FAIL
81,14,49,58,50.5,202.0,50.5,C+,FAIL
42,22,55,32,37.75,151.0,37.75,C,FAIL
67,94,5,25,47.75,191.0,47.75,C,FAIL
50,38,27,45,40.0,160.0,40.0,C,FAIL
8,40,54,30,33.0,132.0,33.0,NG,FAIL
73,96,51,53,68.25,273.0,68.25,B,PASS
90,75,49,10,56.0,224.0,56.0,C+,FAIL
86,98,79,61,81.0,324.0,81.0,A,PASS
28,76,39,32,43.75,175.0,43.75,C,FAIL
27,28,54,82,47.75,191.0,47.75,C,FAIL
48,87,9,17,40.25,161.0,40.25,C,FAIL
92,68,46,99,76.25,305.0,76.25,B+,PASS
74,8,85,32,49.75,199.0,49.75,C,FAIL
77,80,85,91,83.25,333.0,83.25,A,PASS
4,71,81,64,55.0,220.0,55.0,C+,FAIL
13,10,27,41,22.75,91.0,22.75,NG,FAIL
90,35,1,47,43.25,173.0,43.25,C,FAIL
35,45,92,51,55.75,223.0,55.75,C+,PASS
1,6,76,91,43.5,174.0,43.5,C,FAIL
35,29,69,70,50.75,203.0,50.75,C+,FAIL
71,72,72,5,55.0,220.0,55.0,C+,FAIL
87,11,23,49,42.5,170.0,42.5,C,FAIL
67,71,27,85,62.5,250.0,62.5,B,FAIL
73,17,52,88,57.5,230.0,57.5,C+,FAIL
33,28,27,99,46.75,187.0,46.75,C,FAIL
31,7,10,11,14.75,59.0,14.75,NG,FAIL
12,37,45,71,41.25,165.0,41.25,C,FAIL
65,9,81,67,55.5,222.0,55.5,C+,FAIL
4,56,81,4,36.25,145.0,36.25,C,FAIL
43,14,48,17,30.5,122.0,30.5,NG,FAIL
77,36,63,82,64.5,258.0,64.5,B,PASS
27,82,11,5,31.25,125.0,31.25,NG,FAIL
27,53,47,76,50.75,203.0,50.75,C+,FAIL
60,65,71,97,73.25,293.0,73.25,B+,PASS
39,76,56,34,51.25,205.0,51.25,C+,FAIL
91,10,34,20,38.75,155.0,38.75,C,FAIL
72,19,50,29,42.5,170.0,42.5,C,FAIL
39,23,62,19,35.75,143.0,35.75,C,FAIL
63,52,34,0,37.25,149.0,37.25,C,FAIL
88,75,1,81,61.25,245.0,61.25,B,FAIL
70,49,95,63,69.25,277.0,69.25,B,PASS
47,50,16,94,51.75,207.0,51.75,C+,FAIL
38,4,48,91,45.25,181.0,45.25,C,FAIL
64,49,14,61,47.0,188.0,47.0,C,FAIL
55,90,78,12,58.75,235.0,58.75,C+,FAIL
62,61,58,35,54.0,216.0,54.0,C+,PASS
59,15,40,28,35.5,142.0,35.5,C,FAIL
39,17,43,37,34.0,136.0,34.0,NG,FAIL
43,17,33,98,47.75,191.0,47.75,C,FAIL
91,25,13,18,36.75,147.0,36.75,C,FAIL
22,43,90,5,40.0,160.0,40.0,C,FAIL
0,3,87,21,27.75,111.0,27.75,NG,FAIL
72,25,67,76,60.0,240.0,60.0,B,FAIL
20,30,0,98,37.0,148.0,37.0,C,FAIL
11,36,29,22,24.5,98.0,24.5,NG,FAIL
59,67,42,76,61.0,244.0,61.0,B,PASS
20,91,19,14,36.0,144.0,36.0,C,FAIL
28,20,63,55,41.5,166.0,41.5,C,FAIL
74,15,27,30,36.5,146.0,36.5,C,FAIL
69,34,35,81,54.75,219.0,54.75,C+,FAIL
47,42,14,69,43.0,172.0,43.0,C,FAIL
37,24,70,41,43.0,172.0,43.0,C,FAIL
39,15,51,96,50.25,201.0,50.25,C+,FAIL
73,89,87,92,85.25,341.0,85.25,A,PASS
72,59,48,14,48.25,193.0,48.25,C,FAIL
15,9,24,85,33.25,133.0,33.25,NG,FAIL
10,35,8,5,14.5,58.0,14.5,NG,FAIL
2,77,1,79,39.75,159.0,39.75,C,FAIL
5,81,85,66,59.25,237.0,59.25,C+,FAIL
98,49,51,90,72.0,288.0,72.0,B+,PASS
37,27,50,19,33.25,133.0,33.25,NG,FAIL
79,12,30,9,32.5,130.0,32.5,NG,FAIL
39,59,4,54,39.0,156.0,39.0,C,FAIL
2,73,58,82,53.75,215.0,53.75,C+,FAIL
56,2,3,27,22.0,88.0,22.0,NG,FAIL
34,6,30,50,30.0,120.0,30.0,NG,FAIL
46,98,26,35,51.25,205.0,51.25,C+,FAIL
58,64,86,82,72.5,290.0,72.5,B+,PASS
36,68,71,90,66.25,265.0,66.25,B,PASS
63,58,85,12,54.5,218.0,54.5,C+,FAIL
47,28,12,44,32.75,131.0,32.75,NG,FAIL
34,32,79,88,58.25,233.0,58.25,C+,FAIL
87,34,32,52,51.25,205.0,51.25,C+,FAIL
55,8,94,80,59.25,237.0,59.25,C+,FAIL
36,73,13,36,39.5,158.0,39.5,C,FAIL
78,78,85,14,63.75,255.0,63.75,B,FAIL
40,51,36,8,33.75,135.0,33.75,NG,FAIL
56,88,53,90,71.75,287.0,71.75,B+,PASS
73,21,28,66,47.0,188.0,47.0,C,FAIL
36,81,46,53,54.0,216.0,54.0,C+,PASS
52,96,19,92,64.75,259.0,64.75,B,FAIL
53,99,24,37,53.25,213.0,53.25,C+,FAIL
98,48,70,51,66.75,267.0,66.75,B,PASS
80,92,56,66,73.5,294.0,73.5,B+,PASS
37,68,45,20,42.5,170.0,42.5,C,FAIL
94,6,69,45,53.5,214.0,53.5,C+,FAIL
28,84,60,82,63.5,254.0,63.5,B,FAIL
48,18,37,70,43.25,173.0,43.25,C,FAIL
83,56,45,75,64.75,259.0,64.75,B,PASS
74,64,27,19,46.0,184.0,46.0,C,FAIL
62,88,32,98,70.0,280.0,70.0,B+,FAIL
8,40,75,50,43.25,173.0,43.25,C,FAIL
6,63,97,69,58.75,235.0,58.75,C+,FAIL
13,56,82,20,42.75,171.0,42.75,C,FAIL
7,36,44,54,35.25,141.0,35.25,C,FAIL
7,21,41,15,21.0,84.0,21.0,NG,FAIL
27,41,77,51,49.0,196.0,49.0,C,FAIL
59,72,28,23,45.5,182.0,45.5,C,FAIL
52,99,61,15,56.75,227.0,56.75,C+,FAIL
95,63,89,25,68.0,272.0,68.0,B,FAIL
90,6,95,71,65.5,262.0,65.5,B,FAIL
53,39,17,60,42.25,169.0,42.25,C,FAIL
42,81,97,34,63.5,254.0,63.5,B,FAIL
19,25,9,19,18.0,72.0,18.0,NG,FAIL
39,77,59,14,47.25,189.0,47.25,C,FAIL
82,24,45,9,40.0,160.0,40.0,C,FAIL
92,50,13,15,42.5,170.0,42.5,C,FAIL
54,60,47,13,43.5,174.0,43.5,C,FAIL
36,48,20,8,28.0,112.0,28.0,NG,FAIL
79,21,1,44,36.25,145.0,36.25,C,FAIL
72,36,9,48,41.25,165.0,41.25,C,FAIL
83,23,38,58,50.5,202.0,50.5,C+,FAIL
84,68,91,34,69.25,277.0,69.25,B,FAIL
61,39,24,2,31.5,126.0,31.5,NG,FAIL
73,84,83,68,77.0,308.0,77.0,B+,PASS
82,53,79,82,74.0,296.0,74.0,B+,PASS
82,71,50,55,64.5,258.0,64.5,B,PASS
75,16,1,72,41.0,164.0,41.0,C,FAIL
83,19,17,21,35.0,140.0,35.0,C,FAIL
49,8,28,26,27.75,111.0,27.75,NG,FAIL
5,76,16,37,33.5,134.0,33.5,NG,FAIL
90,23,30,33,44.0,176.0,44.0,C,FAIL
95,68,15,90,67.0,268.0,67.0,B,FAIL
70,44,12,96,55.5,222.0,55.5,C+,FAIL
5,10,23,47,21.25,85.0,21.25,NG,FAIL
43,89,18,67,54.25,217.0,54.25,C+,FAIL
85,91,5,27,52.0,208.0,52.0,C+,FAIL
9,24,98,15,36.5,146.0,36.5,C,FAIL
68,53,42,65,57.0,228.0,57.0,C+,PASS
74,34,46,48,50.5,202.0,50.5,C+,FAIL
98,94,42,48,70.5,282.0,70.5,B+,PASS
40,79,41,44,51.0,204.0,51.0,C+,PASS
82,44,1,16,35.75,143.0,35.75,C,FAIL
1,95,4,43,35.75,143.0,35.75,C,FAIL
86,48,14,55,50.75,203.0,50.75,C+,FAIL
49,34,59,80,55.5,222.0,55.5,C+,FAIL
77,48,53,66,61.0,244.0,61.0,B,PASS
69,42,94,68,68.25,273.0,68.25,B,PASS
23,65,56,14,39.5,158.0,39.5,C,FAIL
34,96,72,34,59.0,236.0,59.0,C+,FAIL
85,25,12,42,41.0,164.0,41.0,C,FAIL
37,81,18,68,51.0,204.0,51.0,C+,FAIL
33,49,14,85,45.25,181.0,45.25,C,FAIL
27,65,2,97,47.75,191.0,47.75,C,FAIL
40,36,88,36,50.0,200.0,50.0,C+,PASS
76,35,33,94,59.5,238.0,59.5,C+,FAIL
7,92,34,84,54.25,217.0,54.25,C+,FAIL
38,12,87,36,43.25,173.0,43.25,C,FAIL
39,97,56,56,62.0,248.0,62.0,B,PASS
30,19,49,80,44.5,178.0,44.5,C,FAIL
95,43,13,94,61.25,245.0,61.25,B,FAIL
29,18,33,90,42.5,170.0,42.5,C,FAIL
16,57,25,53,37.75,151.0,37.75,C,FAIL
29,29,48,92,49.5,198.0,49.5,C,FAIL
99,60,12,45,54.0,216.0,54.0,C+,FAIL
73,36,30,73,53.0,212.0,53.0,C+,FAIL
34,7,24,11,19.0,76.0,19.0,NG,FAIL
78,18,44,23,40.75,163.0,40.75,C,FAIL
60,73,12,98,60.75,243.0,60.75,B,FAIL
89,84,62,18,63.25,253.0,63.25,B,FAIL
44,68,93,76,70.25,281.0,70.25,B+,PASS
26,6,88,73,48.25,193.0,48.25,C,FAIL
77,82,37,32,57.0,228.0,57.0,C+,FAIL
70,52,98,85,76.25,305.0,76.25,B+,PASS
32,41,82,47,50.5,202.0,50.5,C+,FAIL
36,38,58,61,48.25,193.0,48.25,C,PASS
32,59,73,11,43.75,175.0,43.75,C,FAIL
63,44,8,40,38.75,155.0,38.75,C,FAIL
14,6,76,82,44.5,178.0,44.5,C,FAIL
67,6,0,82,38.75,155.0,38.75,C,FAIL
29,36,7,33,26.25,105.0,26.25,NG,FAIL
97,82,30,22,57.75,231.0,57.75,C+,FAIL
65,17,54,22,39.5,158.0,39.5,C,FAIL
72,69,21,34,49.0,196.0,49.0,C,FAIL
36,96,45,0,44.25,177.0,44.25,C,FAIL
83,20,33,51,46.75,187.0,46.75,C,FAIL
69,80,28,43,55.0,220.0,55.0,C+,FAIL
1,4,49,57,27.75,111.0,27.75,NG,FAIL
99,48,29,53,57.25,229.0,57.25,C+,FAIL
17,47,91,38,48.25,193.0,48.25,C,FAIL
13,12,0,19,11.0,44.0,11.0,NG,FAIL
90,74,66,9,59.75,239.0,59.75,C+,FAIL
68,20,27,79,48.5,194.0,48.5,C,FAIL
79,66,29,55,57.25,229.0,57.25,C+,FAIL
52,17,21,16,26.5,106.0,26.5,NG,FAIL
99,56,42,38,58.75,235.0,58.75,C+,PASS
51,14,80,52,49.25,197.0,49.25,C,FAIL
24,68,94,40,56.5,226.0,56.5,C+,FAIL
69,85,64,4,55.5,222.0,55.5,C+,FAIL
46,63,25,34,42.0,168.0,42.0,C,FAIL
58,60,73,65,64.0,256.0,64.0,B,PASS
63,15,9,78,41.25,165.0,41.25,C,FAIL
14,0,58,39,27.75,111.0,27.75,NG,FAIL
84,8,50,51,48.25,193.0,48.25,C,FAIL
54,59,99,58,67.5,270.0,67.5,B,PASS
69,77,14,53,53.25,213.0,53.25,C+,FAIL
96,2,36,23,39.25,157.0,39.25,C,FAIL
75,6,9,7,24.25,97.0,24.25,NG,FAIL
93,17,78,84,68.0,272.0,68.0,B,FAIL
19,77,97,88,70.25,281.0,70.25,B+,FAIL
42,69,17,64,48.0,192.0,48.0,C,FAIL
9,52,33,3,24.25,97.0,24.25,NG,FAIL
13,6,9,77,26.25,105.0,26.25,NG,FAIL
68,77,28,71,61.0,244.0,61.0,B,FAIL
30,89,41,95,63.75,255.0,63.75,B,FAIL
57,20,50,36,40.75,163.0,40.75,C,FAIL
87,28,7,43,41.25,165.0,41.25,C,FAIL
98,50,28,85,65.25,261.0,65.25,B,FAIL
12,34,82,88,54.0,216.0,54.0,C+,FAIL
31,49,33,80,48.25,193.0,48.25,C,FAIL
3,99,31,8,35.25,141.0,35.25,C,FAIL
12,11,2,33,14.5,58.0,14.5,NG,FAIL
2,94,70,42,52.0,208.0,52.0,C+,FAIL
55,35,35,19,36.0,144.0,36.0,C,FAIL
52,43,46,70,52.75,211.0,52.75,C+,PASS
51,44,61,78,58.5,234.0,58.5,C+,PASS
47,21,12,73,38.25,153.0,38.25,C,FAIL
87,12,19,62,45.0,180.0,45.0,C,FAIL
68,49,7,54,44.5,178.0,44.5,C,FAIL
83,59,38,88,67.0,268.0,67.0,B,PASS
18,7,85,97,51.75,207.0,51.75,C+,FAIL
18,42,99,37,49.0,196.0,49.0,C,FAIL
57,37,35,22,37.75,151.0,37.75,C,FAIL
81,35,35,50,50.25,201.0,50.25,C+,PASS
48,36,94,38,54.0,216.0,54.0,C+,PASS
96,54,92,39,70.25,281.0,70.25,B+,PASS
40,37,41,15,33.25,133.0,33.25,NG,FAIL
70,44,15,31,40.0,160.0,40.0,C,FAIL
87,58,47,47,59.75,239.0,59.75,C+,PASS
45,64,22,63,48.5,194.0,48.5,C,FAIL
59,16,85,42,50.5,202.0,50.5,C+,FAIL
50,3,55,71,44.75,179.0,44.75,C,FAIL
7,85,56,69,54.25,217.0,54.25,C+,FAIL
36,72,21,98,56.75,227.0,56.75,C+,FAIL
82,16,77,97,68.0,272.0,68.0,B,FAIL
68,51,43,64,56.5,226.0,56.5,C+,PASS
92,96,24,46,64.5,258.0,64.5,B,FAIL
82,9,17,92,50.0,200.0,50.0,C+,FAIL
86,85,84,41,74.0,296.0,74.0,B+,PASS
14,70,56,4,36.0,144.0,36.0,C,FAIL
89,54,86,3,58.0,232.0,58.0,C+,FAIL
4,44,68,13,32.25,129.0,32.25,NG,FAIL
94,37,37,62,57.5,230.0,57.5,C+,PASS
69,97,20,81,66.75,267.0,66.75,B,FAIL
78,31,29,66,51.0,204.0,51.0,C+,FAIL
18,26,59,95,49.5,198.0,49.5,C,FAIL
22,61,95,40,54.5,218.0,54.5,C+,FAIL
10,84,41,14,37.25,149.0,37.25,C,FAIL
17,18,73,64,43.0,172.0,43.0,C,FAIL
78,35,97,43,63.25,253.0,63.25,B,PASS
79,29,14,45,41.75,167.0,41.75,C,FAIL
53,4,76,76,52.25,209.0,52.25,C+,FAIL
47,5,33,37,30.5,122.0,30.5,NG,FAIL
40,54,56,75,56.25,225.0,56.25,C+,PASS
32,24,78,66,50.0,200.0,50.0,C+,FAIL
50,21,35,65,42.75,171.0,42.75,C,FAIL
38,52,21,28,34.75,139.0,34.75,NG,FAIL
68,85,25,96,68.5,274.0,68.5,B,FAIL
25,84,45,78,58.0,232.0,58.0,C+,FAIL
88,79,32,84,70.75,283.0,70.75,B+,FAIL
69,54,87,90,75.0,300.0,75.0,B+,PASS
63,27,91,0,45.25,181.0,45.25,C,FAIL
80,4,64,71,54.75,219.0,54.75,C+,FAIL
92,16,17,34,39.75,159.0,39.75,C,FAIL
31,95,26,80,58.0,232.0,58.0,C+,FAIL
78,92,23,99,73.0,292.0,73.0,B+,FAIL
30,68,96,9,50.75,203.0,50.75,C+,FAIL
64,97,33,67,65.25,261.0,65.25,B,FAIL
41,80,81,7,52.25,209.0,52.25,C+,FAIL
79,62,78,9,57.0,228.0,57.0,C+,FAIL
88,0,81,47,54.0,216.0,54.0,C+,FAIL
92,14,47,39,48.0,192.0,48.0,C,FAIL
94,25,5,48,43.0,172.0,43.0,C,FAIL
15,89,85,51,60.0,240.0,60.0,B,FAIL
24,76,29,64,48.25,193.0,48.25,C,FAIL
48,56,88,31,55.75,223.0,55.75,C+,FAIL
38,71,22,96,56.75,227.0,56.75,C+,FAIL
25,62,57,84,57.0,228.0,57.0,C+,FAIL
4,30,17,83,33.5,134.0,33.5,NG,FAIL
78,15,76,38,51.75,207.0,51.75,C+,FAIL
59,48,49,14,42.5,170.0,42.5,C,FAIL
83,93,53,18,61.75,247.0,61.75,B,FAIL
66,3,74,66,52.25,209.0,52.25,C+,FAIL
15,96,60,13,46.0,184.0,46.0,C,FAIL
14,77,28,1,30.0,120.0,30.0,NG,FAIL
73,49,92,94,77.0,308.0,77.0,B+,PASS
74,63,7,46,47.5,190.0,47.5,C,FAIL
35,74,88,7,51.0,204.0,51.0,C+,FAIL
82,57,49,93,70.25,281.0,70.25,B+,PASS
34,20,19,32,26.25,105.0,26.25,NG,FAIL
9,6,30,46,22.75,91.0,22.75,NG,FAIL
51,56,89,83,69.75,279.0,69.75,B,PASS
64,68,37,47,54.0,216.0,54.0,C+,PASS
28,13,20,49,27.5,110.0,27.5,NG,FAIL
52,72,51,95,67.5,270.0,67.5,B,PASS
47,9,99,93,62.0,248.0,62.0,B,FAIL
96,54,41,17,52.0,208.0,52.0,C+,FAIL
43,70,76,11,50.0,200.0,50.0,C+,FAIL
5,48,84,54,47.75,191.0,47.75,C,FAIL
41,46,50,96,58.25,233.0,58.25,C+,PASS
88,85,98,62,83.25,333.0,83.25,A,PASS
13,7,9,17,11.5,46.0,11.5,NG,FAIL
82,94,28,37,60.25,241.0,60.25,B,FAIL
13,30,50,96,47.25,189.0,47.25,C,FAIL
12,69,59,8,37.0,148.0,37.0,C,FAIL
74,91,90,60,78.75,315.0,78.75,B+,PASS
63,76,15,25,44.75,179.0,44.75,C,FAIL
31,87,35,93,61.5,246.0,61.5,B,FAIL
73,28,19,13,33.25,133.0,33.25,NG,FAIL
57,48,63,65,58.25,233.0,58.25,C+,PASS
88,73,16,20,49.25,197.0,49.25,C,FAIL
57,67,40,21,46.25,185.0,46.25,C,FAIL
47,24,94,3,42.0,168.0,42.0,C,FAIL
30,47,35,22,33.5,134.0,33.5,NG,FAIL
62,55,93,0,52.5,210.0,52.5,C+,FAIL
28,31,62,72,48.25,193.0,48.25,C,FAIL
28,79,80,75,65.5,262.0,65.5,B,FAIL
85,72,2,18,44.25,177.0,44.25,C,FAIL
1,94,84,75,63.5,254.0,63.5,B,FAIL
9,9,28,44,22.5,90.0,22.5,NG,FAIL
55,97,62,35,62.25,249.0,62.25,B,PASS
75,6,35,69,46.25,185.0,46.25,C,FAIL
35,64,50,53,50.5,202.0,50.5,C+,PASS
35,31,28,4,24.5,98.0,24.5,NG,FAIL
69,88,77,49,70.75,283.0,70.75,B+,PASS
45,11,5,86,36.75,147.0,36.75,C,FAIL
62,0,51,96,52.25,209.0,52.25,C+,FAIL
15,34,94,7,37.5,150.0,37.5,C,FAIL
64,68,81,46,64.75,259.0,64.75,B,PASS
58,11,24,44,34.25,137.0,34.25,NG,FAIL
62,23,4,81,42.5,170.0,42.5,C,FAIL
97,53,50,47,61.75,247.0,61.75,B,PASS
0,21,62,2,21.25,85.0,21.25,NG,FAIL
3,15,4,51,18.25,73.0,18.25,NG,FAIL
64,41,9,15,32.25,129.0,32.25,NG,FAIL
86,62,24,62,58.5,234.0,58.5,C+,FAIL
86,14,9,56,41.25,165.0,41.25,C,FAIL
89,73,10,10,45.5,182.0,45.5,C,FAIL
52,19,92,65,57.0,228.0,57.0,C+,FAIL
92,12,79,47,57.5,230.0,57.5,C+,FAIL
4,13,77,1,23.75,95.0,23.75,NG,FAIL
54,40,19,74,46.75,187.0,46.75,C,FAIL
29,18,5,36,22.0,88.0,22.0,NG,FAIL
53,79,19,83,58.5,234.0,58.5,C+,FAIL
29,47,7,9,23.0,92.0,23.0,NG,FAIL
99,36,26,71,58.0,232.0,58.0,C+,FAIL
32,43,81,91,61.75,247.0,61.75,B,FAIL
91,66,83,42,70.5,282.0,70.5,B+,PASS
25,56,8,35,31.0,124.0,31.0,NG,FAIL
27,22,73,9,32.75,131.0,32.75,NG,FAIL
65,49,62,38,53.5,214.0,53.5,C+,PASS
95,42,7,51,48.75,195.0,48.75,C,FAIL
78,27,63,18,46.5,186.0,46.5,C,FAIL
32,80,85,71,67.0,268.0,67.0,B,FAIL
25,12,76,48,40.25,161.0,40.25,C,FAIL
88,33,85,91,74.25,297.0,74.25,B+,FAIL
34,48,67,88,59.25,237.0,59.25,C+,FAIL
0,27,68,34,32.25,129.0,32.25,NG,FAIL
2,5,62,68,34.25,137.0,34.25,NG,FAIL
84,81,54,25,61.0,244.0,61.0,B,FAIL
22,66,66,95,62.25,249.0,62.25,B,FAIL
19,78,48,81,56.5,226.0,56.5,C+,FAIL
85,49,47,44,56.25,225.0,56.25,C+,PASS
4,23,86,27,35.0,140.0,35.0,C,FAIL
19,44,25,40,32.0,128.0,32.0,NG,FAIL
83,87,48,76,73.5,294.0,73.5,B+,PASS
14,99,84,56,63.25,253.0,63.25,B,FAIL
74,96,8,69,61.75,247.0,61.75,B,FAIL
79,30,88,69,66.5,266.0,66.5,B,FAIL
62,67,92,40,65.25,261.0,65.25,B,PASS
40,15,43,31,32.25,129.0,32.25,NG,FAIL
46,7,67,94,53.5,214.0,53.5,C+,FAIL
75,0,67,0,35.5,142.0,35.5,C,FAIL
92,43,12,56,50.75,203.0,50.75,C+,FAIL
85,33,54,97,67.25,269.0,67.25,B,FAIL
73,42,39,50,51.0,204.0,51.0,C+,PASS
83,9,88,47,56.75,227.0,56.75,C+,FAIL
9,54,78,55,49.0,196.0,49.0,C,FAIL
19,62,94,37,53.0,212.0,53.0,C+,FAIL
94,33,67,43,59.25,237.0,59.25,C+,FAIL
37,31,70,26,41.0,164.0,41.0,C,FAIL
43,27,24,38,33.0,132.0,33.0,NG,FAIL
36,36,87,27,46.5,186.0,46.5,C,FAIL
26,62,49,93,57.5,230.0,57.5,C+,FAIL
47,31,54,5,34.25,137.0,34.25,NG,FAIL
97,59,72,33,65.25,261.0,65.25,B,FAIL
19,35,74,43,42.75,171.0,42.75,C,FAIL
18,73,59,57,51.75,207.0,51.75,C+,FAIL
97,54,65,35,62.75,251.0,62.75,B,PASS
18,34,30,50,33.0,132.0,33.0,NG,FAIL
42,75,24,77,54.5,218.0,54.5,C+,FAIL
31,97,8,5,35.25,141.0,35.25,C,FAIL
40,47,79,96,65.5,262.0,65.5,B,PASS
57,0,97,74,57.0,228.0,57.0,C+,FAIL
78,20,19,19,34.0,136.0,34.0,NG,FAIL
88,55,55,9,51.75,207.0,51.75,C+,FAIL
35,11,43,71,40.0,160.0,40.0,C,FAIL
81,56,92,6,58.75,235.0,58.75,C+,FAIL
65,30,12,28,33.75,135.0,33.75,NG,FAIL
70,20,80,1,42.75,171.0,42.75,C,FAIL
31,72,13,48,41.0,164.0,41.0,C,FAIL
50,73,10,71,51.0,204.0,51.0,C+,FAIL
44,50,90,39,55.75,223.0,55.75,C+,PASS
17,7,9,48,20.25,81.0,20.25,NG,FAIL
88,37,41,21,46.75,187.0,46.75,C,FAIL
90,79,15,36,55.0,220.0,55.0,C+,FAIL
5,6,33,8,13.0,52.0,13.0,NG,FAIL
87,6,50,51,48.5,194.0,48.5,C,FAIL
64,8,91,18,45.25,181.0,45.25,C,FAIL
36,67,11,80,48.5,194.0,48.5,C,FAIL
59,27,61,46,48.25,193.0,48.25,C,FAIL
43,2,52,88,46.25,185.0,46.25,C,FAIL
95,94,6,52,61.75,247.0,61.75,B,FAIL
24,45,55,30,38.5,154.0,38.5,C,FAIL
47,45,40,61,48.25,193.0,48.25,C,PASS
2,73,74,18,41.75,167.0,41.75,C,FAIL
9,65,58,10,35.5,142.0,35.5,C,FAIL
20,94,57,6,44.25,177.0,44.25,C,FAIL
46,44,35,61,46.5,186.0,46.5,C,PASS
29,85,44,1,39.75,159.0,39.75,C,FAIL
70,31,50,98,62.25,249.0,62.25,B,FAIL
31,82,53,56,55.5,222.0,55.5,C+,FAIL
53,92,56,74,68.75,275.0,68.75,B,PASS
89,79,48,92,77.0,308.0,77.0,B+,PASS
31,40,46,16,33.25,133.0,33.25,NG,FAIL
0,2,7,20,7.25,29.0,7.25,NG,FAIL
77,23,30,56,46.5,186.0,46.5,C,FAIL
45,4,10,94,38.25,153.0,38.25,C,FAIL
69,54,58,94,68.75,275.0,68.75,B,PASS
74,1,20,80,43.75,175.0,43.75,C,FAIL
35,16,97,43,47.75,191.0,47.75,C,FAIL
91,36,70,9,51.5,206.0,51.5,C+,FAIL
63,92,80,20,63.75,255.0,63.75,B,FAIL
34,3,35,47,29.75,119.0,29.75,NG,FAIL
70,85,87,21,65.75,263.0,65.75,B,FAIL
22,98,28,27,43.75,175.0,43.75,C,FAIL
31,42,25,71,42.25,169.0,42.25,C,FAIL
58,58,66,64,61.5,246.0,61.5,B,PASS
34,78,45,32,47.25,189.0,47.25,C,FAIL
19,72,20,52,40.75,163.0,40.75,C,FAIL
82,86,51,24,60.75,243.0,60.75,B,FAIL
27,27,60,52,41.5,166.0,41.5,C,FAIL
49,6,34,31,30.0,120.0,30.0,NG,FAIL
97,74,82,56,77.25,309.0,77.25,B+,PASS
61,72,27,9,42.25,169.0,42.25,C,FAIL
45,52,23,38,39.5,158.0,39.5,C,FAIL
29,25,60,63,44.25,177.0,44.25,C,FAIL
82,53,77,74,71.5,286.0,71.5,B+,PASS
90,78,92,2,65.5,262.0,65.5,B,FAIL
74,28,2,42,36.5,146.0,36.5,C,FAIL
45,76,18,18,39.25,157.0,39.25,C,FAIL
96,20,53,21,47.5,190.0,47.5,C,FAIL
50,92,25,36,50.75,203.0,50.75,C+,FAIL
22,89,53,84,62.0,248.0,62.0,B,FAIL
23,41,72,40,44.0,176.0,44.0,C,FAIL
29,34,98,30,47.75,191.0,47.75,C,FAIL
97,14,21,77,52.25,209.0,52.25,C+,FAIL
55,78,17,90,60.0,240.0,60.0,B,FAIL
11,33,27,24,23.75,95.0,23.75,NG,FAIL
28,41,6,93,42.0,168.0,42.0,C,FAIL
56,93,19,86,63.5,254.0,63.5,B,FAIL
30,71,0,36,34.25,137.0,34.25,NG,FAIL
13,97,50,51,52.75,211.0,52.75,C+,FAIL
6,47,65,15,33.25,133.0,33.25,NG,FAIL
19,34,35,69,39.25,157.0,39.25,C,FAIL
90,82,22,26,55.0,220.0,55.0,C+,FAIL
75,94,90,73,83.0,332.0,83.0,A,PASS
33,77,6,45,40.25,161.0,40.25,C,FAIL
80,33,47,29,47.25,189.0,47.25,C,FAIL
28,10,4,8,12.5,50.0,12.5,NG,FAIL
82,74,68,61,71.25,285.0,71.25,B+,PASS
42,30,73,75,55.0,220.0,55.0,C+,FAIL
41,96,13,24,43.5,174.0,43.5,C,FAIL
79,43,17,32,42.75,171.0,42.75,C,FAIL
63,60,1,90,53.5,214.0,53.5,C+,FAIL
29,72,37,61,49.75,199.0,49.75,C,FAIL
64,51,32,83,57.5,230.0,57.5,C+,FAIL
65,97,51,3,54.0,216.0,54.0,C+,FAIL
64,46,16,3,32.25,129.0,32.25,NG,FAIL
36,73,22,17,37.0,148.0,37.0,C,FAIL
8,6,40,90,36.0,144.0,36.0,C,FAIL
22,96,25,48,47.75,191.0,47.75,C,FAIL
23,43,77,86,57.25,229.0,57.25,C+,FAIL
6,11,76,17,27.5,110.0,27.5,NG,FAIL
46,91,78,37,63.0,252.0,63.0,B,PASS
83,95,18,16,53.0,212.0,53.0,C+,FAIL
48,12,45,5,27.5,110.0,27.5,NG,FAIL
25,14,97,80,54.0,216.0,54.0,C+,FAIL
31,77,97,54,64.75,259.0,64.75,B,FAIL
61,91,24,58,58.5,234.0,58.5,C+,FAIL
14,69,73,73,57.25,229.0,57.25,C+,FAIL
24,39,31,46,35.0,140.0,35.0,C,FAIL
96,2,98,38,58.5,234.0,58.5,C+,FAIL
53,49,84,75,65.25,261.0,65.25,B,PASS
8,65,18,88,44.75,179.0,44.75,C,FAIL
89,71,71,73,76.0,304.0,76.0,B+,PASS
76,99,96,56,81.75,327.0,81.75,A,PASS
91,71,57,91,77.5,310.0,77.5,B+,PASS
30,93,80,4,51.75,207.0,51.75,C+,FAIL
55,27,58,23,40.75,163.0,40.75,C,FAIL
38,47,74,78,59.25,237.0,59.25,C+,PASS
84,15,60,38,49.25,197.0,49.25,C,FAIL
43,55,76,28,50.5,202.0,50.5,C+,FAIL
2,15,31,16,16.0,64.0,16.0,NG,FAIL
89,96,3,1,47.25,189.0,47.25,C,FAIL
4,22,75,10,27.75,111.0,27.75,NG,FAIL
81,21,62,23,46.75,187.0,46.75,C,FAIL
31,71,55,66,55.75,223.0,55.75,C+,FAIL
49,25,89,85,62.0,248.0,62.0,B,FAIL
35,82,41,28,46.5,186.0,46.5,C,FAIL
74,62,20,38,48.5,194.0,48.5,C,FAIL
12,65,86,69,58.0,232.0,58.0,C+,FAIL
70,35,89,70,66.0,264.0,66.0,B,PASS
49,54,68,38,52.25,209.0,52.25,C+,PASS
66,86,70,19,60.25,241.0,60.25,B,FAIL
65,62,74,64,66.25,265.0,66.25,B,PASS
27,70,83,38,54.5,218.0,54.5,C+,FAIL
28,84,88,46,61.5,246.0,61.5,B,FAIL
95,51,94,69,77.25,309.0,77.25,B+,PASS
43,24,29,35,32.75,131.0,32.75,NG,FAIL
11,32,38,40,30.25,121.0,30.25,NG,FAIL
85,34,16,66,50.25,201.0,50.25,C+,FAIL
5,75,29,66,43.75,175.0,43.75,C,FAIL
34,82,51,31,49.5,198.0,49.5,C,FAIL
27,56,94,6,45.75,183.0,45.75,C,FAIL
95,1,13,21,32.5,130.0,32.5,NG,FAIL
10,24,57,13,26.0,104.0,26.0,NG,FAIL
68,99,94,22,70.75,283.0,70.75,B+,FAIL
62,82,70,20,58.5,234.0,58.5,C+,FAIL
23,40,44,91,49.5,198.0,49.5,C,FAIL
11,69,52,81,53.25,213.0,53.25,C+,FAIL
53,65,56,4,44.5,178.0,44.5,C,FAIL
92,24,43,90,62.25,249.0,62.25,B,FAIL
61,47,90,39,59.25,237.0,59.25,C+,PASS
6,8,84,22,30.0,120.0,30.0,NG,FAIL
17,76,3,63,39.75,159.0,39.75,C,FAIL
32,86,51,51,55.0,220.0,55.0,C+,FAIL
60,53,20,88,55.25,221.0,55.25,C+,FAIL
37,42,77,35,47.75,191.0,47.75,C,PASS
79,86,18,19,50.5,202.0,50.5,C+,FAIL
41,71,9,30,37.75,151.0,37.75,C,FAIL
89,62,41,66,64.5,258.0,64.5,B,PASS
25,0,64,98,46.75,187.0,46.75,C,FAIL
58,98,24,16,49.0,196.0,49.0,C,FAIL
53,68,1,83,51.25,205.0,51.25,C+,FAIL
39,33,87,49,52.0,208.0,52.0,C+,FAIL
63,8,71,29,42.75,171.0,42.75,C,FAIL
73,74,97,77,80.25,321.0,80.25,A,PASS
22,1,46,0,17.25,69.0,17.25,NG,FAIL
2,76,88,9,43.75,175.0,43.75,C,FAIL
52,27,13,4,24.0,96.0,24.0,NG,FAIL
29,61,72,75,59.25,237.0,59.25,C+,FAIL
56,68,75,78,69.25,277.0,69.25,B,PASS
1,10,2,4,4.25,17.0,4.25,NG,FAIL
81,6,34,40,40.25,161.0,40.25,C,FAIL
8,81,71,77,59.25,237.0,59.25,C+,FAIL
45,50,72,17,46.0,184.0,46.0,C,FAIL
60,7,44,27,34.5,138.0,34.5,NG,FAIL
68,77,28,76,62.25,249.0,62.25,B,FAIL
78,90,36,31,58.75,235.0,58.75,C+,FAIL
39,40,92,86,64.25,257.0,64.25,B,PASS
20,77,71,52,55.0,220.0,55.0,C+,FAIL
3,57,87,90,59.25,237.0,59.25,C+,FAIL
42,66,43,15,41.5,166.0,41.5,C,FAIL
11,83,3,38,33.75,135.0,33.75,NG,FAIL
13,26,86,83,52.0,208.0,52.0,C+,FAIL
81,15,12,83,47.75,191.0,47.75,C,FAIL
52,0,4,11,16.75,67.0,16.75,NG,FAIL
39,57,85,40,55.25,221.0,55.25,C+,PASS
84,98,86,75,85.75,343.0,85.75,A,PASS
14,91,94,90,72.25,289.0,72.25,B+,FAIL
83,24,5,7,29.75,119.0,29.75,NG,FAIL
45,28,87,26,46.5,186.0,46.5,C,FAIL
96,5,27,63,47.75,191.0,47.75,C,FAIL
91,62,75,37,66.25,265.0,66.25,B,PASS
47,3,75,24,37.25,149.0,37.25,C,FAIL
58,90,81,57,71.5,286.0,71.5,B+,PASS
63,0,45,68,44.0,176.0,44.0,C,FAIL
75,13,35,11,33.5,134.0,33.5,NG,FAIL
40,15,5,90,37.5,150.0,37.5,C,FAIL
19,24,78,97,54.5,218.0,54.5,C+,FAIL
29,81,53,28,47.75,191.0,47.75,C,FAIL
84,82,41,49,64.0,256.0,64.0,B,PASS
62,64,22,79,56.75,227.0,56.75,C+,FAIL
32,38,23,44,34.25,137.0,34.25,NG,FAIL
73,56,31,63,55.75,223.0,55.75,C+,FAIL
