Physics,Chemistry,Math,Computer,English,Total Marks,Percentages %,Grades,GPA,Final Results
11,48,47,15,4,125.0,25.0,NG,1.0,FAIL
3,77,5,97,42,224.0,44.8,C,1.7920000000000003,FAIL
99,34,20,36,64,253.0,50.6,C+,2.024,FAIL
58,21,39,37,2,157.0,31.4,NG,1.256,FAIL
49,45,65,92,43,294.0,58.8,C+,2.352,PASS
15,85,68,15,57,240.0,48.0,C,1.92,FAIL
61,85,32,27,31,236.0,47.2,C,1.888,FAIL
96,87,42,8,7,240.0,48.0,C,1.92,FAIL
84,79,54,87,90,394.0,78.8,B+,3.1519999999999997,PASS
30,94,34,12,40,210.0,42.0,C,1.68,FAIL
32,70,89,74,49,314.0,62.8,B,2.512,FAIL
97,59,95,26,11,288.0,57.6,C+,2.304,FAIL
37,10,19,56,55,177.0,35.4,C,1.416,FAIL
7,77,7,26,79,196.0,39.2,C,1.568,FAIL
74,12,81,47,40,254.0,50.8,C+,2.032,FAIL
1,12,19,55,74,161.0,32.2,NG,1.288,FAIL
52,82,10,15,25,184.0,36.8,C,1.472,FAIL
45,50,67,50,83,295.0,59.0,C+,2.36,PASS
71,16,25,69,26,207.0,41.4,C,1.656,FAIL
65,50,95,12,9,231.0,46.2,C,1.848,FAIL
45,29,4,13,89,180.0,36.0,C,1.44,FAIL
17,98,72,67,54,308.0,61.6,B,2.464,FAIL
17,25,42,40,37,161.0,32.2,NG,1.288,FAIL
82,61,94,72,74,383.0,76.6,B+,3.0639999999999996,PASS
3,55,79,83,6,226.0,45.2,C,1.808,FAIL
21,92,49,18,50,230.0,46.0,C,1.84,FAIL
90,75,30,38,27,260.0,52.0,C+,2.08,FAIL
86,25,8,49,27,195.0,39.0,C,1.56,FAIL
68,2,64,33,59,226.0,45.2,C,1.808,FAIL
66,99,65,13,68,311.0,62.2,B,2.488,FAIL
82,56,34,88,87,347.0,69.4,B,2.776,FAIL
15,19,40,53,1,128.0,25.6,NG,1.024,FAIL
24,4,85,34,56,203.0,40.6,C,1.624,FAIL
17,48,73,19,24,181.0,36.2,C,1.4479999999999997,FAIL
24,85,9,65,2,185.0,37.0,C,1.48,FAIL
18,49,8,88,75,238.0,47.6,C,1.9039999999999997,FAIL
82,72,39,82,5,280.0,56.0,C+,2.24,FAIL
97,50,41,79,11,278.0,55.6,C+,2.224,FAIL
12,26,96,0,17,151.0,30.2,NG,1.208,FAIL
22,34,34,49,4,143.0,28.6,NG,1.144,FAIL
40,57,95,93,86,371.0,74.2,B+,2.968,PASS
79,70,89,16,8,262.0,52.4,C+,2.096,FAIL
24,16,52,51,3,146.0,29.2,NG,1.168,FAIL
40,72,59,72,16,259.0,51.8,C+,2.072,FAIL
66,25,56,58,92,297.0,59.4,C+,2.376,FAIL
91,2,14,51,95,253.0,50.6,C+,2.024,FAIL
68,35,73,60,93,329.0,65.8,B,2.6319999999999997,PASS
71,45,66,32,91,305.0,61.0,B,2.44,FAIL
91,97,50,11,50,299.0,59.8,C+,2.392,FAIL
6,74,91,5,56,232.0,46.4,C,1.8560000000000003,FAIL
87,69,81,54,85,376.0,75.2,B+,3.008,PASS
76,49,19,4,47,195.0,39.0,C,1.56,FAIL
66,38,44,50,77,275.0,55.0,C+,2.2,PASS
57,1,92,74,6,230.0,46.0,C,1.84,FAIL
5,18,74,42,50,189.0,37.8,C,1.5119999999999998,FAIL
65,49,31,43,36,224.0,44.8,C,1.7920000000000003,FAIL
8,57,68,52,90,275.0,55.0,C+,2.2,FAIL
86,82,84,39,62,353.0,70.6,B+,2.824,PASS
99,61,70,26,47,303.0,60.6,B,2.424,FAIL
44,18,52,0,46,160.0,32.0,NG,1.28,FAIL
45,4,7,44,17,117.0,23.4,NG,0.936,FAIL
29,91,19,37,38,214.0,42.8,C,1.712,FAIL
69,78,89,73,1,310.0,62.0,B,2.48,FAIL
27,58,70,38,3,196.0,39.2,C,1.568,FAIL
79,79,58,73,54,343.0,68.6,B,2.744,PASS
13,48,92,8,73,234.0,46.8,C,1.872,FAIL
21,51,42,13,6,133.0,26.6,NG,1.064,FAIL
30,68,74,53,91,316.0,63.2,B,2.528,FAIL
59,82,13,11,9,174.0,34.8,NG,1.392,FAIL
10,19,48,5,22,104.0,20.8,NG,0.8320000000000001,FAIL
85,96,97,85,98,461.0,92.2,A+,3.688,PASS
80,14,11,56,82,243.0,48.6,C,1.944,FAIL
7,1,21,35,69,133.0,26.6,NG,1.064,FAIL
23,62,79,84,10,258.0,51.6,C+,2.064,FAIL
35,71,1,53,35,195.0,39.0,C,1.56,FAIL
68,41,65,16,93,283.0,56.6,C+,2.264,FAIL
75,63,53,19,81,291.0,58.2,C+,2.328,FAIL
93,95,53,79,0,320.0,64.0,B,2.56,FAIL
44,48,99,88,34,313.0,62.6,B,2.504,FAIL
19,30,90,37,52,228.0,45.6,C,1.824,FAIL
16,70,21,72,86,265.0,53.0,C+,2.12,FAIL
44,45,87,90,3,269.0,53.8,C+,2.152,FAIL
80,40,77,6,79,282.0,56.4,C+,2.256,FAIL
83,32,39,79,69,302.0,60.4,B,2.416,FAIL
82,68,80,73,46,349.0,69.8,B,2.792,PASS
1,31,74,4,97,207.0,41.4,C,1.656,FAIL
68,61,21,74,64,288.0,57.6,C+,2.304,FAIL
23,74,36,47,26,206.0,41.2,C,1.648,FAIL
87,29,36,65,36,253.0,50.6,C+,2.024,FAIL
20,44,94,51,99,308.0,61.6,B,2.464,FAIL
88,30,33,69,13,233.0,46.6,C,1.864,FAIL
41,82,43,56,35,257.0,51.4,C+,2.056,PASS
28,79,54,11,35,207.0,41.4,C,1.656,FAIL
40,27,96,32,13,208.0,41.6,C,1.6640000000000001,FAIL
57,47,37,66,86,293.0,58.6,C+,2.344,PASS
19,73,82,64,97,335.0,67.0,B,2.68,FAIL
5,95,85,59,75,319.0,63.8,B,2.552,FAIL
74,11,99,77,51,312.0,62.4,B,2.496,FAIL
36,94,96,51,62,339.0,67.8,B,2.7120000000000006,PASS
89,59,64,78,16,306.0,61.2,B,2.448,FAIL
34,50,35,7,92,218.0,43.6,C,1.744,FAIL
20,37,13,35,66,171.0,34.2,NG,1.368,FAIL
68,12,21,7,11,119.0,23.8,NG,0.9519999999999998,FAIL
63,69,2,65,67,266.0,53.2,C+,2.128,FAIL
52,13,96,32,86,279.0,55.8,C+,2.232,FAIL
66,81,78,3,17,245.0,49.0,C,1.96,FAIL
44,86,92,10,66,298.0,59.6,C+,2.384,FAIL
46,10,92,30,10,188.0,37.6,C,1.504,FAIL
37,1,43,66,69,216.0,43.2,C,1.7280000000000002,FAIL
64,95,52,45,52,308.0,61.6,B,2.464,PASS
50,78,54,22,34,238.0,47.6,C,1.9039999999999997,FAIL
40,50,64,79,32,265.0,53.0,C+,2.12,FAIL
57,35,23,33,86,234.0,46.8,C,1.872,FAIL
10,73,35,36,38,192.0,38.4,C,1.536,FAIL
81,79,61,3,38,262.0,52.4,C+,2.096,FAIL
86,99,96,55,62,398.0,79.6,B+,3.184,PASS
71,44,65,22,33,235.0,47.0,C,1.88,FAIL
26,72,55,87,50,290.0,58.0,C+,2.32,FAIL
99,32,41,11,64,247.0,49.4,C,1.976,FAIL
50,59,49,18,74,250.0,50.0,C+,2.0,FAIL
34,98,68,87,94,381.0,76.2,B+,3.048,FAIL
8,94,76,0,20,198.0,39.6,C,1.584,FAIL
93,67,94,50,22,326.0,65.2,B,2.608,FAIL
49,63,45,41,24,222.0,44.4,C,1.776,FAIL
27,14,24,98,44,207.0,41.4,C,1.656,FAIL
77,4,13,2,81,177.0,35.4,C,1.416,FAIL
74,72,25,68,9,248.0,49.6,C,1.984,FAIL
13,82,48,30,27,200.0,40.0,C,1.6,FAIL
96,40,44,24,41,245.0,49.0,C,1.96,FAIL
60,70,92,31,20,273.0,54.6,C+,2.184,FAIL
40,1,91,12,84,228.0,45.6,C,1.824,FAIL
90,18,2,70,15,195.0,39.0,C,1.56,FAIL
51,69,47,94,72,333.0,66.6,B,2.664,PASS
54,99,46,95,38,332.0,66.4,B,2.656,PASS
76,78,25,96,85,360.0,72.0,B+,2.88,FAIL
69,9,95,36,52,261.0,52.2,C+,2.088,FAIL
41,28,77,13,68,227.0,45.4,C,1.8159999999999998,FAIL
83,25,74,81,82,345.0,69.0,B,2.76,FAIL
39,84,3,0,56,182.0,36.4,C,1.456,FAIL
43,89,4,22,81,239.0,47.8,C,1.912,FAIL
69,49,55,96,82,351.0,70.2,B+,2.8079999999999994,PASS
4,59,69,74,84,290.0,58.0,C+,2.32,FAIL
47,69,13,49,84,262.0,52.4,C+,2.096,FAIL
80,18,40,59,0,197.0,39.4,C,1.5759999999999998,FAIL
72,70,99,97,91,429.0,85.8,A,3.432,PASS
46,44,20,94,98,302.0,60.4,B,2.416,FAIL
24,45,63,32,45,209.0,41.8,C,1.672,FAIL
93,89,96,78,86,442.0,88.4,A,3.536,PASS
31,18,55,40,37,181.0,36.2,C,1.4479999999999997,FAIL
29,13,93,30,22,187.0,37.4,C,1.496,FAIL
5,24,20,66,57,172.0,34.4,NG,1.376,FAIL
30,55,25,29,62,201.0,40.2,C,1.608,FAIL
20,46,67,2,56,191.0,38.2,C,1.528,FAIL
96,61,5,29,64,255.0,51.0,C+,2.04,FAIL
95,20,47,92,11,265.0,53.0,C+,2.12,FAIL
35,11,23,30,70,169.0,33.8,NG,1.352,FAIL
25,49,90,0,21,185.0,37.0,C,1.48,FAIL
2,84,17,18,86,207.0,41.4,C,1.656,FAIL
73,91,66,54,48,332.0,66.4,B,2.656,PASS
38,12,22,75,48,195.0,39.0,C,1.56,FAIL
30,58,73,73,41,275.0,55.0,C+,2.2,FAIL
12,36,28,23,66,165.0,33.0,NG,1.32,FAIL
96,82,93,97,14,382.0,76.4,B+,3.056,FAIL
5,96,9,11,27,148.0,29.6,NG,1.184,FAIL
55,84,45,33,37,254.0,50.8,C+,2.032,FAIL
74,1,93,88,31,287.0,57.4,C+,2.296,FAIL
33,53,7,8,61,162.0,32.4,NG,1.296,FAIL
4,41,49,22,85,201.0,40.2,C,1.608,FAIL
69,24,42,15,21,171.0,34.2,NG,1.368,FAIL
49,11,94,99,71,324.0,64.8,B,2.592,FAIL
36,30,80,83,53,282.0,56.4,C+,2.256,FAIL
57,59,34,18,23,191.0,38.2,C,1.528,FAIL
52,36,49,93,80,310.0,62.0,B,2.48,PASS
41,43,3,91,58,236.0,47.2,C,1.888,FAIL
26,66,90,20,60,262.0,52.4,C+,2.096,FAIL
32,76,52,75,60,295.0,59.0,C+,2.36,FAIL
13,21,20,1,41,96.0,19.2,NG,0.768,FAIL
45,58,29,84,35,251.0,50.2,C+,2.008,FAIL
19,89,96,81,74,359.0,71.8,B+,2.872,FAIL
89,32,73,39,34,267.0,53.4,C+,2.136,FAIL
3,96,82,10,41,232.0,46.4,C,1.8560000000000003,FAIL
14,37,28,60,99,238.0,47.6,C,1.9039999999999997,FAIL
37,94,61,0,52,244.0,48.8,C,1.952,FAIL
9,89,51,10,82,241.0,48.2,C,1.928,FAIL
8,58,68,56,87,277.0,55.4,C+,2.216,FAIL
34,71,78,43,92,318.0,63.6,B,2.544,FAIL
9,24,30,99,70,232.0,46.4,C,1.8560000000000003,FAIL
32,22,4,89,79,226.0,45.2,C,1.808,FAIL
23,76,30,42,88,259.0,51.8,C+,2.072,FAIL
28,44,42,15,90,219.0,43.8,C,1.7519999999999998,FAIL
7,66,26,90,27,216.0,43.2,C,1.7280000000000002,FAIL
68,77,21,57,60,283.0,56.6,C+,2.264,FAIL
91,30,75,87,88,371.0,74.2,B+,2.968,FAIL
97,78,37,12,1,225.0,45.0,C,1.8,FAIL
9,63,67,68,47,254.0,50.8,C+,2.032,FAIL
80,26,22,74,45,247.0,49.4,C,1.976,FAIL
93,36,84,86,52,351.0,70.2,B+,2.8079999999999994,PASS
53,59,48,82,38,280.0,56.0,C+,2.24,PASS
96,53,67,26,48,290.0,58.0,C+,2.32,FAIL
51,4,72,92,17,236.0,47.2,C,1.888,FAIL
15,86,65,53,91,310.0,62.0,B,2.48,FAIL
15,77,61,75,59,287.0,57.4,C+,2.296,FAIL
62,48,43,73,70,296.0,59.2,C+,2.368,PASS
19,71,89,61,41,281.0,56.2,C+,2.248,FAIL
35,44,30,42,98,249.0,49.8,C,1.992,FAIL
14,66,98,81,85,344.0,68.8,B,2.752,FAIL
64,71,18,54,49,256.0,51.2,C+,2.048,FAIL
10,9,70,61,77,227.0,45.4,C,1.8159999999999998,FAIL
68,99,67,60,47,341.0,68.2,B,2.728,PASS
21,28,43,73,99,264.0,52.8,C+,2.112,FAIL
14,9,98,27,79,227.0,45.4,C,1.8159999999999998,FAIL
99,33,48,20,35,235.0,47.0,C,1.88,FAIL
90,8,53,50,43,244.0,48.8,C,1.952,FAIL
3,20,87,11,45,166.0,33.2,NG,1.328,FAIL
68,76,20,88,17,269.0,53.8,C+,2.152,FAIL
29,89,52,72,3,245.0,49.0,C,1.96,FAIL
66,93,64,61,50,334.0,66.8,B,2.6719999999999997,PASS
0,50,39,65,42,196.0,39.2,C,1.568,FAIL
20,11,26,92,84,233.0,46.6,C,1.864,FAIL
62,76,76,9,66,289.0,57.8,C+,2.312,FAIL
73,64,14,88,64,303.0,60.6,B,2.424,FAIL
32,62,54,30,4,182.0,36.4,C,1.456,FAIL
39,46,12,27,11,135.0,27.0,NG,1.08,FAIL
10,99,36,47,68,260.0,52.0,C+,2.08,FAIL
27,4,29,20,61,141.0,28.2,NG,1.128,FAIL
23,2,76,82,82,265.0,53.0,C+,2.12,FAIL
98,55,59,57,29,298.0,59.6,C+,2.384,FAIL
74,91,28,27,74,294.0,58.8,C+,2.352,FAIL
48,88,29,52,98,315.0,63.0,B,2.52,FAIL
79,26,40,10,53,208.0,41.6,C,1.6640000000000001,FAIL
86,14,90,89,74,353.0,70.6,B+,2.824,FAIL
19,54,22,45,15,155.0,31.0,NG,1.24,FAIL
34,32,31,6,1,104.0,20.8,NG,0.8320000000000001,FAIL
12,64,69,37,20,202.0,40.4,C,1.6160000000000003,FAIL
13,77,57,11,87,245.0,49.0,C,1.96,FAIL
86,36,92,81,42,337.0,67.4,B,2.696,PASS
89,98,37,58,99,381.0,76.2,B+,3.048,PASS
28,97,84,87,78,374.0,74.8,B+,2.992,FAIL
2,64,72,50,84,272.0,54.4,C+,2.176,FAIL
11,27,95,93,0,226.0,45.2,C,1.808,FAIL
33,51,97,15,36,232.0,46.4,C,1.8560000000000003,FAIL
34,21,67,54,74,250.0,50.0,C+,2.0,FAIL
16,82,21,40,31,190.0,38.0,C,1.52,FAIL
52,98,61,58,41,310.0,62.0,B,2.48,PASS
82,19,93,85,66,345.0,69.0,B,2.76,FAIL
23,68,2,61,0,154.0,30.8,NG,1.232,FAIL
79,0,50,62,10,201.0,40.2,C,1.608,FAIL
20,64,65,2,89,240.0,48.0,C,1.92,FAIL
95,72,5,8,2,182.0,36.4,C,1.456,FAIL
56,10,35,10,57,168.0,33.6,NG,1.344,FAIL
32,96,2,23,16,169.0,33.8,NG,1.352,FAIL
8,93,73,93,97,364.0,72.8,B+,2.912,FAIL
49,54,93,22,19,237.0,47.4,C,1.896,FAIL
42,80,94,8,27,251.0,50.2,C+,2.008,FAIL
74,39,46,88,29,276.0,55.2,C+,2.208,FAIL
15,22,88,96,97,318.0,63.6,B,2.544,FAIL
93,7,70,47,9,226.0,45.2,C,1.808,FAIL
26,65,36,67,10,204.0,40.8,C,1.632,FAIL
60,31,99,69,86,345.0,69.0,B,2.76,FAIL
96,93,82,92,32,395.0,79.0,B+,3.16,FAIL
21,12,91,0,77,201.0,40.2,C,1.608,FAIL
70,63,65,76,48,322.0,64.4,B,2.576,PASS
79,48,29,74,10,240.0,48.0,C,1.92,FAIL
11,53,73,40,98,275.0,55.0,C+,2.2,FAIL
89,11,87,67,82,336.0,67.2,B,2.688,FAIL
60,42,77,65,56,300.0,60.0,B,2.4,PASS
13,4,27,37,41,122.0,24.4,NG,0.976,FAIL
84,1,60,84,18,247.0,49.4,C,1.976,FAIL
4,68,55,16,78,221.0,44.2,C,1.768,FAIL
64,53,48,2,53,220.0,44.0,C,1.76,FAIL
83,1,17,45,4,150.0,30.0,NG,1.2,FAIL
90,29,85,51,77,332.0,66.4,B,2.656,FAIL
19,95,19,77,89,299.0,59.8,C+,2.392,FAIL
65,79,25,55,68,292.0,58.4,C+,2.336,FAIL
39,34,80,40,58,251.0,50.2,C+,2.008,FAIL
87,41,81,86,99,394.0,78.8,B+,3.1519999999999997,PASS
83,30,7,68,71,259.0,51.8,C+,2.072,FAIL
24,61,48,98,41,272.0,54.4,C+,2.176,FAIL
28,28,13,8,74,151.0,30.2,NG,1.208,FAIL
22,7,40,59,11,139.0,27.8,NG,1.112,FAIL
95,57,4,8,26,190.0,38.0,C,1.52,FAIL
32,1,68,78,42,221.0,44.2,C,1.768,FAIL
8,95,73,16,50,242.0,48.4,C,1.936,FAIL
85,27,68,9,67,256.0,51.2,C+,2.048,FAIL
47,34,71,4,20,176.0,35.2,C,1.408,FAIL
74,77,70,78,44,343.0,68.6,B,2.744,PASS
67,77,65,70,22,301.0,60.2,B,2.408,FAIL
20,68,29,37,21,175.0,35.0,C,1.4,FAIL
94,6,40,46,14,200.0,40.0,C,1.6,FAIL
71,69,65,55,83,343.0,68.6,B,2.744,PASS
45,93,5,93,93,329.0,65.8,B,2.6319999999999997,FAIL
97,42,33,68,92,332.0,66.4,B,2.656,FAIL
34,82,12,5,59,192.0,38.4,C,1.536,FAIL
87,79,83,93,23,365.0,73.0,B+,2.92,FAIL
95,51,41,81,21,289.0,57.8,C+,2.312,FAIL
43,99,98,50,71,361.0,72.2,B+,2.888,PASS
5,44,43,6,19,117.0,23.4,NG,0.936,FAIL
47,57,49,81,93,327.0,65.4,B,2.616,PASS
2,48,69,44,83,246.0,49.2,C,1.9680000000000002,FAIL
9,33,16,77,27,162.0,32.4,NG,1.296,FAIL
20,36,88,25,34,203.0,40.6,C,1.624,FAIL
53,18,24,60,59,214.0,42.8,C,1.712,FAIL
13,85,19,44,20,181.0,36.2,C,1.4479999999999997,FAIL
21,75,16,9,51,172.0,34.4,NG,1.376,FAIL
65,99,50,36,81,331.0,66.2,B,2.648,PASS
75,29,94,22,77,297.0,59.4,C+,2.376,FAIL
36,42,81,49,39,247.0,49.4,C,1.976,PASS
63,88,66,35,73,325.0,65.0,B,2.6,PASS
93,89,26,80,63,351.0,70.2,B+,2.8079999999999994,FAIL
37,76,29,32,3,177.0,35.4,C,1.416,FAIL
36,15,58,45,3,157.0,31.4,NG,1.256,FAIL
34,29,64,57,58,242.0,48.4,C,1.936,FAIL
97,69,18,51,36,271.0,54.2,C+,2.168,FAIL
18,92,3,86,60,259.0,51.8,C+,2.072,FAIL
82,49,58,8,36,233.0,46.6,C,1.864,FAIL
57,41,16,76,12,202.0,40.4,C,1.6160000000000003,FAIL
8,32,85,78,70,273.0,54.6,C+,2.184,FAIL
73,55,82,55,99,364.0,72.8,B+,2.912,PASS
0,23,52,87,95,257.0,51.4,C+,2.056,FAIL
11,36,20,16,5,88.0,17.6,NG,0.704,FAIL
85,67,17,25,6,200.0,40.0,C,1.6,FAIL
44,41,70,16,8,179.0,35.8,C,1.432,FAIL
36,23,66,49,14,188.0,37.6,C,1.504,FAIL
92,32,14,28,70,236.0,47.2,C,1.888,FAIL
57,79,37,34,91,298.0,59.6,C+,2.384,FAIL
80,58,94,66,79,377.0,75.4,B+,3.016,PASS
52,22,75,87,85,321.0,64.2,B,2.568,FAIL
26,79,44,64,9,222.0,44.4,C,1.776,FAIL
92,4,91,89,46,322.0,64.4,B,2.576,FAIL
55,72,84,18,39,268.0,53.6,C+,2.144,FAIL
18,30,91,62,23,224.0,44.8,C,1.7920000000000003,FAIL
99,67,62,90,79,397.0,79.4,B+,3.176,PASS
34,56,84,56,29,259.0,51.8,C+,2.072,FAIL
39,94,72,28,26,259.0,51.8,C+,2.072,FAIL
43,33,8,64,44,192.0,38.4,C,1.536,FAIL
89,60,68,43,83,343.0,68.6,B,2.744,PASS
61,45,15,58,93,272.0,54.4,C+,2.176,FAIL
26,53,54,34,22,189.0,37.8,C,1.5119999999999998,FAIL
78,32,94,41,85,330.0,66.0,B,2.64,FAIL
46,9,31,70,34,190.0,38.0,C,1.52,FAIL
59,99,13,21,75,267.0,53.4,C+,2.136,FAIL
80,22,9,13,0,124.0,24.8,NG,0.992,FAIL
36,15,30,97,24,202.0,40.4,C,1.6160000000000003,FAIL
36,71,77,42,27,253.0,50.6,C+,2.024,FAIL
83,92,12,73,71,331.0,66.2,B,2.648,FAIL
40,22,76,83,51,272.0,54.4,C+,2.176,FAIL
60,43,87,59,72,321.0,64.2,B,2.568,PASS
47,50,26,98,89,310.0,62.0,B,2.48,FAIL
96,39,50,16,69,270.0,54.0,C+,2.16,FAIL
43,92,35,2,90,262.0,52.4,C+,2.096,FAIL
4,54,26,35,31,150.0,30.0,NG,1.2,FAIL
37,88,9,25,13,172.0,34.4,NG,1.376,FAIL
44,7,91,86,16,244.0,48.8,C,1.952,FAIL
54,92,73,20,55,294.0,58.8,C+,2.352,FAIL
23,83,34,30,84,254.0,50.8,C+,2.032,FAIL
50,64,87,36,18,255.0,51.0,C+,2.04,FAIL
75,41,99,83,22,320.0,64.0,B,2.56,FAIL
64,1,39,1,24,129.0,25.8,NG,1.032,FAIL
13,88,85,2,25,213.0,42.6,C,1.704,FAIL
39,95,94,81,74,383.0,76.6,B+,3.0639999999999996,PASS
17,32,0,58,63,170.0,34.0,NG,1.36,FAIL
77,66,56,58,96,353.0,70.6,B+,2.824,PASS
15,28,0,50,14,107.0,21.4,NG,0.856,FAIL
3,24,39,59,1,126.0,25.2,NG,1.008,FAIL
58,3,64,72,16,213.0,42.6,C,1.704,FAIL
25,34,61,56,83,259.0,51.8,C+,2.072,FAIL
85,93,57,20,42,297.0,59.4,C+,2.376,FAIL
89,25,65,49,88,316.0,63.2,B,2.528,FAIL
98,25,44,73,15,255.0,51.0,C+,2.04,FAIL
93,12,62,90,68,325.0,65.0,B,2.6,FAIL
50,22,7,84,67,230.0,46.0,C,1.84,FAIL
28,36,65,40,97,266.0,53.2,C+,2.128,FAIL
69,75,95,33,57,329.0,65.8,B,2.6319999999999997,FAIL
87,75,6,15,32,215.0,43.0,C,1.72,FAIL
53,76,36,23,14,202.0,40.4,C,1.6160000000000003,FAIL
34,54,27,20,71,206.0,41.2,C,1.648,FAIL
40,98,37,99,63,337.0,67.4,B,2.696,PASS
55,4,58,95,55,267.0,53.4,C+,2.136,FAIL
8,83,5,64,82,242.0,48.4,C,1.936,FAIL
71,14,86,98,71,340.0,68.0,B,2.72,FAIL
29,11,36,77,94,247.0,49.4,C,1.976,FAIL
16,69,66,89,28,268.0,53.6,C+,2.144,FAIL
6,35,60,59,37,197.0,39.4,C,1.5759999999999998,FAIL
51,49,76,61,58,295.0,59.0,C+,2.36,PASS
95,58,60,91,99,403.0,80.6,A,3.224,PASS
43,80,13,44,98,278.0,55.6,C+,2.224,FAIL
73,47,65,0,73,258.0,51.6,C+,2.064,FAIL
48,38,9,25,67,187.0,37.4,C,1.496,FAIL
63,90,80,98,55,386.0,77.2,B+,3.088,PASS
6,18,99,9,38,170.0,34.0,NG,1.36,FAIL
52,30,76,73,37,268.0,53.6,C+,2.144,FAIL
49,64,14,2,78,207.0,41.4,C,1.656,FAIL
36,14,83,70,53,256.0,51.2,C+,2.048,FAIL
35,83,52,86,94,350.0,70.0,B+,2.8,PASS
77,22,42,15,7,163.0,32.6,NG,1.304,FAIL
75,41,16,12,1,145.0,29.0,NG,1.16,FAIL
11,22,92,27,18,170.0,34.0,NG,1.36,FAIL
29,42,51,37,39,198.0,39.6,C,1.584,FAIL
50,90,15,85,58,298.0,59.6,C+,2.384,FAIL
20,52,97,67,99,335.0,67.0,B,2.68,FAIL
44,27,88,0,92,251.0,50.2,C+,2.008,FAIL
45,43,40,82,95,305.0,61.0,B,2.44,PASS
12,91,57,27,22,209.0,41.8,C,1.672,FAIL
51,38,11,11,10,121.0,24.2,NG,0.968,FAIL
55,16,42,83,77,273.0,54.6,C+,2.184,FAIL
57,28,32,87,23,227.0,45.4,C,1.8159999999999998,FAIL
67,88,31,70,14,270.0,54.0,C+,2.16,FAIL
58,74,84,1,79,296.0,59.2,C+,2.368,FAIL
13,31,89,64,15,212.0,42.4,C,1.696,FAIL
63,69,70,81,90,373.0,74.6,B+,2.984,PASS
95,39,17,1,59,211.0,42.2,C,1.6879999999999997,FAIL
31,62,34,77,77,281.0,56.2,C+,2.248,FAIL
2,83,86,71,69,311.0,62.2,B,2.488,FAIL
19,39,9,63,24,154.0,30.8,NG,1.232,FAIL
1,23,9,15,23,71.0,14.2,NG,0.568,FAIL
14,69,35,52,51,221.0,44.2,C,1.768,FAIL
26,42,89,88,20,265.0,53.0,C+,2.12,FAIL
27,60,22,10,43,162.0,32.4,NG,1.296,FAIL
71,55,17,36,92,271.0,54.2,C+,2.168,FAIL
51,87,83,58,34,313.0,62.6,B,2.504,FAIL
15,88,21,74,47,245.0,49.0,C,1.96,FAIL
48,47,65,42,29,231.0,46.2,C,1.848,FAIL
69,26,36,13,68,212.0,42.4,C,1.696,FAIL
80,71,28,50,14,243.0,48.6,C,1.944,FAIL
85,75,0,75,90,325.0,65.0,B,2.6,FAIL
11,87,9,93,15,215.0,43.0,C,1.72,FAIL
39,67,42,85,53,286.0,57.2,C+,2.288,PASS
67,32,6,48,75,228.0,45.6,C,1.824,FAIL
95,86,38,90,70,379.0,75.8,B+,3.032,PASS
54,96,1,72,9,232.0,46.4,C,1.8560000000000003,FAIL
2,25,5,74,51,157.0,31.4,NG,1.256,FAIL
19,80,51,0,41,191.0,38.2,C,1.528,FAIL
90,23,62,1,98,274.0,54.8,C+,2.192,FAIL
85,53,83,79,41,341.0,68.2,B,2.728,PASS
97,12,57,15,75,256.0,51.2,C+,2.048,FAIL
29,37,98,61,39,264.0,52.8,C+,2.112,FAIL
95,90,98,52,53,388.0,77.6,B+,3.1040000000000005,PASS
28,4,29,26,12,99.0,19.8,NG,0.792,FAIL
0,25,1,82,92,200.0,40.0,C,1.6,FAIL
61,31,57,66,65,280.0,56.0,C+,2.24,FAIL
20,2,18,91,46,177.0,35.4,C,1.416,FAIL
75,85,48,77,20,305.0,61.0,B,2.44,FAIL
19,66,39,42,92,258.0,51.6,C+,2.064,FAIL
96,53,95,70,16,330.0,66.0,B,2.64,FAIL
71,34,27,80,20,232.0,46.4,C,1.8560000000000003,FAIL
72,90,21,95,37,315.0,63.0,B,2.52,FAIL
68,20,6,80,95,269.0,53.8,C+,2.152,FAIL
57,76,1,3,97,234.0,46.8,C,1.872,FAIL
56,89,57,55,75,332.0,66.4,B,2.656,PASS
97,34,39,70,38,278.0,55.6,C+,2.224,FAIL
4,17,70,68,46,205.0,41.0,C,1.64,FAIL
94,2,29,82,23,230.0,46.0,C,1.84,FAIL
48,98,98,10,16,270.0,54.0,C+,2.16,FAIL
17,57,70,74,31,249.0,49.8,C,1.992,FAIL
92,13,13,66,31,215.0,43.0,C,1.72,FAIL
29,26,36,68,17,176.0,35.2,C,1.408,FAIL
37,2,16,22,60,137.0,27.4,NG,1.096,FAIL
19,99,91,95,25,329.0,65.8,B,2.6319999999999997,FAIL
68,80,65,13,66,292.0,58.4,C+,2.336,FAIL
88,66,14,77,58,303.0,60.6,B,2.424,FAIL
14,84,39,24,60,221.0,44.2,C,1.768,FAIL
47,38,11,30,81,207.0,41.4,C,1.656,FAIL
94,4,68,88,63,317.0,63.4,B,2.536,FAIL
98,75,20,15,88,296.0,59.2,C+,2.368,FAIL
78,24,49,93,6,250.0,50.0,C+,2.0,FAIL
98,20,41,70,80,309.0,61.8,B,2.472,FAIL
55,76,15,17,14,177.0,35.4,C,1.416,FAIL
46,70,32,92,81,321.0,64.2,B,2.568,FAIL
30,71,21,73,35,230.0,46.0,C,1.84,FAIL
56,33,93,59,22,263.0,52.6,C+,2.104,FAIL
6,3,25,57,61,152.0,30.4,NG,1.216,FAIL
2,28,12,77,52,171.0,34.2,NG,1.368,FAIL
63,46,18,55,59,241.0,48.2,C,1.928,FAIL
23,66,97,5,61,252.0,50.4,C+,2.016,FAIL
86,71,61,69,49,336.0,67.2,B,2.688,PASS
13,42,70,3,90,218.0,43.6,C,1.744,FAIL
57,97,61,57,10,282.0,56.4,C+,2.256,FAIL
6,20,56,5,1,88.0,17.6,NG,0.704,FAIL
18,75,16,76,97,282.0,56.4,C+,2.256,FAIL
86,52,5,33,58,234.0,46.8,C,1.872,FAIL
16,28,49,27,14,134.0,26.8,NG,1.072,FAIL
59,85,19,26,51,240.0,48.0,C,1.92,FAIL
64,46,73,51,99,333.0,66.6,B,2.664,PASS
50,14,93,1,99,257.0,51.4,C+,2.056,FAIL
37,55,53,35,8,188.0,37.6,C,1.504,FAIL
71,0,76,39,90,276.0,55.2,C+,2.208,FAIL
70,28,89,67,25,279.0,55.8,C+,2.232,FAIL
11,44,50,55,72,232.0,46.4,C,1.8560000000000003,FAIL
91,29,9,59,98,286.0,57.2,C+,2.288,FAIL
9,37,79,30,90,245.0,49.0,C,1.96,FAIL
91,90,25,6,70,282.0,56.4,C+,2.256,FAIL
70,77,7,74,97,325.0,65.0,B,2.6,FAIL
87,55,98,89,48,377.0,75.4,B+,3.016,PASS
47,59,52,96,40,294.0,58.8,C+,2.352,PASS
83,54,26,93,0,256.0,51.2,C+,2.048,FAIL
20,71,21,67,86,265.0,53.0,C+,2.12,FAIL
99,69,9,69,90,336.0,67.2,B,2.688,FAIL
15,31,21,1,26,94.0,18.8,NG,0.752,FAIL
71,39,76,43,10,239.0,47.8,C,1.912,FAIL
4,34,1,3,34,76.0,15.2,NG,0.608,FAIL
13,71,99,63,39,285.0,57.0,C+,2.28,FAIL
99,10,93,76,69,347.0,69.4,B,2.776,FAIL
90,93,74,68,83,408.0,81.6,A,3.264,PASS
39,64,27,82,79,291.0,58.2,C+,2.328,FAIL
35,63,2,42,33,175.0,35.0,C,1.4,FAIL
71,79,33,37,65,285.0,57.0,C+,2.28,FAIL
31,95,56,26,39,247.0,49.4,C,1.976,FAIL
45,82,13,76,48,264.0,52.8,C+,2.112,FAIL
56,43,66,52,50,267.0,53.4,C+,2.136,PASS
32,90,2,60,25,209.0,41.8,C,1.672,FAIL
32,57,71,17,12,189.0,37.8,C,1.5119999999999998,FAIL
93,78,54,40,85,350.0,70.0,B+,2.8,PASS
92,36,37,14,13,192.0,38.4,C,1.536,FAIL
7,45,33,14,65,164.0,32.8,NG,1.3120000000000003,FAIL
79,63,33,5,85,265.0,53.0,C+,2.12,FAIL
50,79,74,10,43,256.0,51.2,C+,2.048,FAIL
8,44,36,66,54,208.0,41.6,C,1.6640000000000001,FAIL
23,32,2,57,79,193.0,38.6,C,1.544,FAIL
4,80,8,89,20,201.0,40.2,C,1.608,FAIL
19,29,57,41,93,239.0,47.8,C,1.912,FAIL
70,45,23,53,59,250.0,50.0,C+,2.0,FAIL
62,84,65,67,97,375.0,75.0,B+,3.0,PASS
28,91,4,49,51,223.0,44.6,C,1.784,FAIL
62,24,30,62,38,216.0,43.2,C,1.7280000000000002,FAIL
99,89,86,66,22,362.0,72.4,B+,2.8959999999999995,FAIL
27,22,91,72,86,298.0,59.6,C+,2.384,FAIL
17,74,94,5,58,248.0,49.6,C,1.984,FAIL
33,54,1,84,82,254.0,50.8,C+,2.032,FAIL
90,75,26,64,19,274.0,54.8,C+,2.192,FAIL
84,49,55,19,97,304.0,60.8,B,2.432,FAIL
87,15,60,17,26,205.0,41.0,C,1.64,FAIL
89,70,66,44,3,272.0,54.4,C+,2.176,FAIL
89,66,26,16,98,295.0,59.0,C+,2.36,FAIL
97,3,85,75,85,345.0,69.0,B,2.76,FAIL
53,2,80,41,81,257.0,51.4,C+,2.056,FAIL
13,0,6,94,12,125.0,25.0,NG,1.0,FAIL
76,96,93,72,22,359.0,71.8,B+,2.872,FAIL
95,49,47,14,23,228.0,45.6,C,1.824,FAIL
47,77,64,30,14,232.0,46.4,C,1.8560000000000003,FAIL
10,26,64,87,68,255.0,51.0,C+,2.04,FAIL
6,32,54,52,95,239.0,47.8,C,1.912,FAIL
9,31,70,23,19,152.0,30.4,NG,1.216,FAIL
63,59,35,51,67,275.0,55.0,C+,2.2,PASS
63,86,1,78,95,323.0,64.6,B,2.5840000000000005,FAIL
98,64,5,49,47,263.0,52.6,C+,2.104,FAIL
34,37,1,29,73,174.0,34.8,NG,1.392,FAIL
24,15,89,35,40,203.0,40.6,C,1.624,FAIL
3,62,55,74,95,289.0,57.8,C+,2.312,FAIL
52,71,20,36,9,188.0,37.6,C,1.504,FAIL
5,61,29,63,49,207.0,41.4,C,1.656,FAIL
11,85,92,97,67,352.0,70.4,B+,2.816,FAIL
2,3,30,20,88,143.0,28.6,NG,1.144,FAIL
58,43,97,35,58,291.0,58.2,C+,2.328,PASS
7,9,30,24,35,105.0,21.0,NG,0.84,FAIL
67,66,3,67,63,266.0,53.2,C+,2.128,FAIL
52,63,45,24,37,221.0,44.2,C,1.768,FAIL
10,94,47,78,40,269.0,53.8,C+,2.152,FAIL
0,29,99,36,38,202.0,40.4,C,1.6160000000000003,FAIL
74,46,37,28,48,233.0,46.6,C,1.864,FAIL
33,43,84,11,38,209.0,41.8,C,1.672,FAIL
27,62,15,24,74,202.0,40.4,C,1.6160000000000003,FAIL
15,17,56,99,48,235.0,47.0,C,1.88,FAIL
91,85,42,72,9,299.0,59.8,C+,2.392,FAIL
93,86,32,71,29,311.0,62.2,B,2.488,FAIL
88,19,93,76,5,281.0,56.2,C+,2.248,FAIL
58,92,7,38,91,286.0,57.2,C+,2.288,FAIL
44,89,61,5,61,260.0,52.0,C+,2.08,FAIL
77,65,21,27,44,234.0,46.8,C,1.872,FAIL
12,91,10,5,25,143.0,28.6,NG,1.144,FAIL
32,34,2,11,8,87.0,17.4,NG,0.696,FAIL
71,89,81,37,76,354.0,70.8,B+,2.832,PASS
24,5,94,58,44,225.0,45.0,C,1.8,FAIL
26,44,7,98,19,194.0,38.8,C,1.5520000000000003,FAIL
39,87,82,50,46,304.0,60.8,B,2.432,PASS
99,59,69,33,31,291.0,58.2,C+,2.328,FAIL
52,8,38,40,82,220.0,44.0,C,1.76,FAIL
38,53,17,62,59,229.0,45.8,C,1.832,FAIL
73,29,81,76,97,356.0,71.2,B+,2.8480000000000003,FAIL
27,71,21,64,35,218.0,43.6,C,1.744,FAIL
22,59,35,70,55,241.0,48.2,C,1.928,FAIL
40,21,44,49,23,177.0,35.4,C,1.416,FAIL
34,60,90,17,5,206.0,41.2,C,1.648,FAIL
25,77,5,41,13,161.0,32.2,NG,1.288,FAIL
72,68,49,7,80,276.0,55.2,C+,2.208,FAIL
34,17,2,16,82,151.0,30.2,NG,1.208,FAIL
67,23,9,99,83,281.0,56.2,C+,2.248,FAIL
18,23,98,73,84,296.0,59.2,C+,2.368,FAIL
79,25,75,74,57,310.0,62.0,B,2.48,FAIL
11,4,5,76,55,151.0,30.2,NG,1.208,FAIL
60,21,71,36,33,221.0,44.2,C,1.768,FAIL
8,62,67,87,55,279.0,55.8,C+,2.232,FAIL
11,46,83,9,96,245.0,49.0,C,1.96,FAIL
30,70,63,68,6,237.0,47.4,C,1.896,FAIL
41,80,98,46,48,313.0,62.6,B,2.504,PASS
74,22,67,91,28,282.0,56.4,C+,2.256,FAIL
96,24,62,51,67,300.0,60.0,B,2.4,FAIL
90,56,76,93,13,328.0,65.6,B,2.6240000000000006,FAIL
29,34,83,1,81,228.0,45.6,C,1.824,FAIL
19,69,14,72,44,218.0,43.6,C,1.744,FAIL
87,49,25,87,41,289.0,57.8,C+,2.312,FAIL
66,54,38,34,96,288.0,57.6,C+,2.304,FAIL
92,97,53,44,11,297.0,59.4,C+,2.376,FAIL
60,16,38,42,73,229.0,45.8,C,1.832,FAIL
22,73,74,9,11,189.0,37.8,C,1.5119999999999998,FAIL
10,13,75,1,32,131.0,26.2,NG,1.048,FAIL
12,46,50,88,33,229.0,45.8,C,1.832,FAIL
87,66,61,64,33,311.0,62.2,B,2.488,FAIL
69,77,46,28,40,260.0,52.0,C+,2.08,FAIL
73,3,76,59,86,297.0,59.4,C+,2.376,FAIL
27,63,90,1,85,266.0,53.2,C+,2.128,FAIL
42,47,36,9,17,151.0,30.2,NG,1.208,FAIL
59,21,63,68,21,232.0,46.4,C,1.8560000000000003,FAIL
10,86,41,38,38,213.0,42.6,C,1.704,FAIL
11,81,62,47,60,261.0,52.2,C+,2.088,FAIL
8,4,35,42,0,89.0,17.8,NG,0.7120000000000001,FAIL
64,4,36,26,51,181.0,36.2,C,1.4479999999999997,FAIL
99,72,76,63,43,353.0,70.6,B+,2.824,PASS
45,4,37,90,94,270.0,54.0,C+,2.16,FAIL
33,51,3,89,24,200.0,40.0,C,1.6,FAIL
27,94,28,66,98,313.0,62.6,B,2.504,FAIL
4,15,83,38,1,141.0,28.2,NG,1.128,FAIL
66,50,42,81,49,288.0,57.6,C+,2.304,PASS
51,2,40,55,30,178.0,35.6,C,1.4240000000000002,FAIL
95,71,1,2,59,228.0,45.6,C,1.824,FAIL
59,24,75,47,1,206.0,41.2,C,1.648,FAIL
5,39,24,41,24,133.0,26.6,NG,1.064,FAIL
57,97,99,58,20,331.0,66.2,B,2.648,FAIL
82,8,4,84,86,264.0,52.8,C+,2.112,FAIL
6,3,32,30,41,112.0,22.4,NG,0.8960000000000001,FAIL
50,32,48,95,57,282.0,56.4,C+,2.256,FAIL
56,52,53,43,66,270.0,54.0,C+,2.16,PASS
55,48,53,92,88,336.0,67.2,B,2.688,PASS
20,70,40,0,91,221.0,44.2,C,1.768,FAIL
89,74,83,3,5,254.0,50.8,C+,2.032,FAIL
25,52,83,31,43,234.0,46.8,C,1.872,FAIL
47,63,30,61,51,252.0,50.4,C+,2.016,FAIL
46,98,0,72,47,263.0,52.6,C+,2.104,FAIL
95,58,92,34,5,284.0,56.8,C+,2.272,FAIL
0,28,65,5,76,174.0,34.8,NG,1.392,FAIL
77,90,74,81,14,336.0,67.2,B,2.688,FAIL
40,37,71,62,87,297.0,59.4,C+,2.376,PASS
45,61,52,64,68,290.0,58.0,C+,2.32,PASS
22,97,24,69,49,261.0,52.2,C+,2.088,FAIL
84,83,48,33,80,328.0,65.6,B,2.6240000000000006,FAIL
34,80,21,97,30,262.0,52.4,C+,2.096,FAIL
83,88,53,57,55,336.0,67.2,B,2.688,PASS
75,72,57,6,41,251.0,50.2,C+,2.008,FAIL
56,26,82,71,64,299.0,59.8,C+,2.392,FAIL
37,11,75,52,4,179.0,35.8,C,1.432,FAIL
62,9,22,0,35,128.0,25.6,NG,1.024,FAIL
86,85,54,76,63,364.0,72.8,B+,2.912,PASS
84,6,27,93,45,255.0,51.0,C+,2.04,FAIL
48,59,19,47,80,253.0,50.6,C+,2.024,FAIL
17,14,21,30,69,151.0,30.2,NG,1.208,FAIL
16,32,86,49,21,204.0,40.8,C,1.632,FAIL
85,33,52,37,66,273.0,54.6,C+,2.184,FAIL
42,76,1,81,10,210.0,42.0,C,1.68,FAIL
45,93,96,89,89,412.0,82.4,A,3.296,PASS
77,77,25,22,8,209.0,41.8,C,1.672,FAIL
98,93,60,78,15,344.0,68.8,B,2.752,FAIL
92,20,73,55,20,260.0,52.0,C+,2.08,FAIL
64,99,32,4,44,243.0,48.6,C,1.944,FAIL
52,68,15,43,82,260.0,52.0,C+,2.08,FAIL
13,60,54,3,96,226.0,45.2,C,1.808,FAIL
97,84,53,24,24,282.0,56.4,C+,2.256,FAIL
5,1,67,67,48,188.0,37.6,C,1.504,FAIL
47,23,75,77,12,234.0,46.8,C,1.872,FAIL
77,8,62,82,21,250.0,50.0,C+,2.0,FAIL
77,59,95,37,98,366.0,73.2,B+,2.928,PASS
5,57,60,20,4,146.0,29.2,NG,1.168,FAIL
25,64,49,77,57,272.0,54.4,C+,2.176,FAIL
55,65,54,91,96,361.0,72.2,B+,2.888,PASS
11,25,22,67,20,145.0,29.0,NG,1.16,FAIL
40,36,58,51,89,274.0,54.8,C+,2.192,PASS
10,7,98,77,97,289.0,57.8,C+,2.312,FAIL
15,39,99,18,0,171.0,34.2,NG,1.368,FAIL
40,6,19,53,14,132.0,26.4,NG,1.056,FAIL
14,97,49,39,49,248.0,49.6,C,1.984,FAIL
27,4,11,32,33,107.0,21.4,NG,0.856,FAIL
78,32,81,67,21,279.0,55.8,C+,2.232,FAIL
11,10,17,2,7,47.0,9.4,NG,0.376,FAIL
89,11,98,53,9,260.0,52.0,C+,2.08,FAIL
68,81,7,28,83,267.0,53.4,C+,2.136,FAIL
29,1,93,17,10,150.0,30.0,NG,1.2,FAIL
94,5,32,60,44,235.0,47.0,C,1.88,FAIL
4,1,37,90,85,217.0,43.4,C,1.736,FAIL
12,43,64,68,58,245.0,49.0,C,1.96,FAIL
30,7,23,54,27,141.0,28.2,NG,1.128,FAIL
91,28,95,17,40,271.0,54.2,C+,2.168,FAIL
93,99,88,34,66,380.0,76.0,B+,3.04,FAIL
91,4,46,54,3,198.0,39.6,C,1.584,FAIL
19,56,68,60,79,282.0,56.4,C+,2.256,FAIL
51,31,59,57,81,279.0,55.8,C+,2.232,FAIL
72,59,28,45,54,258.0,51.6,C+,2.064,FAIL
96,5,72,95,6,274.0,54.8,C+,2.192,FAIL
42,4,92,73,24,235.0,47.0,C,1.88,FAIL
32,23,83,75,48,261.0,52.2,C+,2.088,FAIL
4,31,33,71,56,195.0,39.0,C,1.56,FAIL
70,21,46,21,10,168.0,33.6,NG,1.344,FAIL
83,55,45,93,18,294.0,58.8,C+,2.352,FAIL
31,14,54,61,37,197.0,39.4,C,1.5759999999999998,FAIL
43,0,27,9,36,115.0,23.0,NG,0.92,FAIL
83,80,48,78,78,367.0,73.4,B+,2.9360000000000004,PASS
10,79,23,40,98,250.0,50.0,C+,2.0,FAIL
10,33,70,54,59,226.0,45.2,C,1.808,FAIL
17,86,71,46,89,309.0,61.8,B,2.472,FAIL
51,3,83,90,84,311.0,62.2,B,2.488,FAIL
70,54,33,2,42,201.0,40.2,C,1.608,FAIL
54,88,70,21,92,325.0,65.0,B,2.6,FAIL
60,12,73,47,38,230.0,46.0,C,1.84,FAIL
18,56,53,92,0,219.0,43.8,C,1.7519999999999998,FAIL
77,85,16,7,0,185.0,37.0,C,1.48,FAIL
92,3,3,89,99,286.0,57.2,C+,2.288,FAIL
47,3,66,71,12,199.0,39.8,C,1.592,FAIL
80,47,87,40,62,316.0,63.2,B,2.528,PASS
19,88,71,93,91,362.0,72.4,B+,2.8959999999999995,FAIL
71,36,88,15,50,260.0,52.0,C+,2.08,FAIL
41,62,10,41,73,227.0,45.4,C,1.8159999999999998,FAIL
74,42,31,68,0,215.0,43.0,C,1.72,FAIL
35,81,18,11,14,159.0,31.8,NG,1.272,FAIL
57,11,21,62,7,158.0,31.6,NG,1.264,FAIL
59,60,16,26,87,248.0,49.6,C,1.984,FAIL
63,2,67,2,39,173.0,34.6,NG,1.3839999999999997,FAIL
28,66,3,65,4,166.0,33.2,NG,1.328,FAIL
65,95,69,32,85,346.0,69.2,B,2.7679999999999993,FAIL
65,51,97,51,79,343.0,68.6,B,2.744,PASS
34,66,99,35,29,263.0,52.6,C+,2.104,FAIL
27,59,61,98,43,288.0,57.6,C+,2.304,FAIL
63,34,50,29,99,275.0,55.0,C+,2.2,FAIL
93,9,97,63,35,297.0,59.4,C+,2.376,FAIL
46,77,86,18,64,291.0,58.2,C+,2.328,FAIL
14,38,55,43,42,192.0,38.4,C,1.536,FAIL
50,38,62,89,45,284.0,56.8,C+,2.272,PASS
79,23,59,10,51,222.0,44.4,C,1.776,FAIL
55,83,55,26,51,270.0,54.0,C+,2.16,FAIL
60,36,70,68,15,249.0,49.8,C,1.992,FAIL
65,17,55,0,5,142.0,28.4,NG,1.136,FAIL
28,31,31,77,56,223.0,44.6,C,1.784,FAIL
2,90,74,38,27,231.0,46.2,C,1.848,FAIL
38,11,37,90,65,241.0,48.2,C,1.928,FAIL
1,65,95,34,82,277.0,55.4,C+,2.216,FAIL
29,2,2,83,64,180.0,36.0,C,1.44,FAIL
80,53,86,18,23,260.0,52.0,C+,2.08,FAIL
78,7,36,75,41,237.0,47.4,C,1.896,FAIL
63,70,47,36,94,310.0,62.0,B,2.48,PASS
87,88,72,31,79,357.0,71.4,B+,2.856,FAIL
96,13,82,3,55,249.0,49.8,C,1.992,FAIL
4,78,37,31,72,222.0,44.4,C,1.776,FAIL
86,0,44,75,51,256.0,51.2,C+,2.048,FAIL
10,23,60,62,85,240.0,48.0,C,1.92,FAIL
95,9,54,96,79,333.0,66.6,B,2.664,FAIL
46,47,78,81,52,304.0,60.8,B,2.432,PASS
15,10,30,99,11,165.0,33.0,NG,1.32,FAIL
5,91,10,66,56,228.0,45.6,C,1.824,FAIL
11,39,86,37,63,236.0,47.2,C,1.888,FAIL
40,78,71,36,77,302.0,60.4,B,2.416,PASS
98,62,23,16,52,251.0,50.2,C+,2.008,FAIL
14,84,70,49,98,315.0,63.0,B,2.52,FAIL
84,62,21,89,66,322.0,64.4,B,2.576,FAIL
54,47,73,8,84,266.0,53.2,C+,2.128,FAIL
34,73,44,67,69,287.0,57.4,C+,2.296,FAIL
78,96,27,85,56,342.0,68.4,B,2.736,FAIL
62,43,78,9,99,291.0,58.2,C+,2.328,FAIL
36,55,11,58,63,223.0,44.6,C,1.784,FAIL
54,87,61,16,59,277.0,55.4,C+,2.216,FAIL
76,18,61,18,28,201.0,40.2,C,1.608,FAIL
58,16,84,55,41,254.0,50.8,C+,2.032,FAIL
78,27,81,62,67,315.0,63.0,B,2.52,FAIL
7,1,47,17,35,107.0,21.4,NG,0.856,FAIL
98,60,98,63,23,342.0,68.4,B,2.736,FAIL
50,83,44,61,69,307.0,61.4,B,2.456,PASS
12,55,94,60,73,294.0,58.8,C+,2.352,FAIL
99,86,26,33,15,259.0,51.8,C+,2.072,FAIL
58,31,3,92,33,217.0,43.4,C,1.736,FAIL
60,16,9,47,86,218.0,43.6,C,1.744,FAIL
84,52,24,51,68,279.0,55.8,C+,2.232,FAIL
8,51,22,49,23,153.0,30.6,NG,1.224,FAIL
36,11,48,80,21,196.0,39.2,C,1.568,FAIL
22,7,73,78,42,222.0,44.4,C,1.776,FAIL
40,11,74,41,33,199.0,39.8,C,1.592,FAIL
52,89,14,38,5,198.0,39.6,C,1.584,FAIL
51,20,39,57,96,263.0,52.6,C+,2.104,FAIL
78,85,43,33,95,334.0,66.8,B,2.6719999999999997,FAIL
67,7,16,74,69,233.0,46.6,C,1.864,FAIL
76,95,83,86,40,380.0,76.0,B+,3.04,PASS
57,69,82,65,18,291.0,58.2,C+,2.328,FAIL
77,70,51,74,86,358.0,71.6,B+,2.864,PASS
73,69,30,35,95,302.0,60.4,B,2.416,FAIL
45,48,39,71,86,289.0,57.8,C+,2.312,PASS
82,77,60,88,28,335.0,67.0,B,2.68,FAIL
2,0,97,20,88,207.0,41.4,C,1.656,FAIL
37,2,70,18,91,218.0,43.6,C,1.744,FAIL
6,82,64,95,45,292.0,58.4,C+,2.336,FAIL
76,35,14,37,56,218.0,43.6,C,1.744,FAIL
64,61,8,36,32,201.0,40.2,C,1.608,FAIL
35,39,81,74,90,319.0,63.8,B,2.552,PASS
75,15,51,53,55,249.0,49.8,C,1.992,FAIL
37,83,31,4,72,227.0,45.4,C,1.8159999999999998,FAIL
6,70,95,91,32,294.0,58.8,C+,2.352,FAIL
92,1,60,10,39,202.0,40.4,C,1.6160000000000003,FAIL
4,90,7,53,81,235.0,47.0,C,1.88,FAIL
29,74,69,94,90,356.0,71.2,B+,2.8480000000000003,FAIL
33,73,1,92,46,245.0,49.0,C,1.96,FAIL
20,8,65,47,8,148.0,29.6,NG,1.184,FAIL
24,47,33,93,24,221.0,44.2,C,1.768,FAIL
87,73,86,77,54,377.0,75.4,B+,3.016,PASS
6,46,50,13,68,183.0,36.6,C,1.464,FAIL
30,52,16,14,80,192.0,38.4,C,1.536,FAIL
80,48,38,71,3,240.0,48.0,C,1.92,FAIL
24,30,48,60,6,168.0,33.6,NG,1.344,FAIL
98,45,5,55,54,257.0,51.4,C+,2.056,FAIL
10,11,18,45,34,118.0,23.6,NG,0.944,FAIL
59,3,58,57,57,234.0,46.8,C,1.872,FAIL
54,77,32,64,13,240.0,48.0,C,1.92,FAIL
1,3,96,98,37,235.0,47.0,C,1.88,FAIL
49,71,72,27,64,283.0,56.6,C+,2.264,FAIL
29,65,75,79,25,273.0,54.6,C+,2.184,FAIL
49,90,21,27,29,216.0,43.2,C,1.7280000000000002,FAIL
98,99,89,20,55,361.0,72.2,B+,2.888,FAIL
18,89,30,72,90,299.0,59.8,C+,2.392,FAIL
88,75,61,73,25,322.0,64.4,B,2.576,FAIL
27,31,60,27,84,229.0,45.8,C,1.832,FAIL
49,77,91,7,54,278.0,55.6,C+,2.224,FAIL
36,62,7,19,42,166.0,33.2,NG,1.328,FAIL
19,91,72,98,65,345.0,69.0,B,2.76,FAIL
35,43,82,47,95,302.0,60.4,B,2.416,PASS
46,91,5,12,39,193.0,38.6,C,1.544,FAIL
74,99,95,47,41,356.0,71.2,B+,2.8480000000000003,PASS
77,75,80,92,63,387.0,77.4,B+,3.096,PASS
35,14,14,90,46,199.0,39.8,C,1.592,FAIL
28,67,37,28,98,258.0,51.6,C+,2.064,FAIL
4,65,34,45,45,193.0,38.6,C,1.544,FAIL
18,33,78,68,85,282.0,56.4,C+,2.256,FAIL
63,84,58,82,30,317.0,63.4,B,2.536,FAIL
41,86,43,68,60,298.0,59.6,C+,2.384,PASS
62,2,36,78,7,185.0,37.0,C,1.48,FAIL
38,69,16,10,1,134.0,26.8,NG,1.072,FAIL
20,9,10,38,38,115.0,23.0,NG,0.92,FAIL
4,88,52,73,30,247.0,49.4,C,1.976,FAIL
51,41,70,34,47,243.0,48.6,C,1.944,FAIL
92,43,18,53,30,236.0,47.2,C,1.888,FAIL
6,52,75,16,93,242.0,48.4,C,1.936,FAIL
77,18,14,35,91,235.0,47.0,C,1.88,FAIL
90,91,68,16,32,297.0,59.4,C+,2.376,FAIL
15,75,47,1,97,235.0,47.0,C,1.88,FAIL
4,79,28,58,80,249.0,49.8,C,1.992,FAIL
71,47,96,93,87,394.0,78.8,B+,3.1519999999999997,PASS
51,26,13,38,99,227.0,45.4,C,1.8159999999999998,FAIL
25,43,66,91,0,225.0,45.0,C,1.8,FAIL
60,57,10,69,43,239.0,47.8,C,1.912,FAIL
36,83,86,41,24,270.0,54.0,C+,2.16,FAIL
84,3,75,25,34,221.0,44.2,C,1.768,FAIL
92,33,9,57,86,277.0,55.4,C+,2.216,FAIL
50,5,42,89,41,227.0,45.4,C,1.8159999999999998,FAIL
9,50,37,90,1,187.0,37.4,C,1.496,FAIL
32,64,92,21,64,273.0,54.6,C+,2.184,FAIL
10,33,28,38,99,208.0,41.6,C,1.6640000000000001,FAIL
62,5,92,17,39,215.0,43.0,C,1.72,FAIL
97,79,55,65,17,313.0,62.6,B,2.504,FAIL
9,84,75,7,68,243.0,48.6,C,1.944,FAIL
58,81,15,45,98,297.0,59.4,C+,2.376,FAIL
22,88,85,84,38,317.0,63.4,B,2.536,FAIL
31,92,16,75,86,300.0,60.0,B,2.4,FAIL
72,42,12,43,53,222.0,44.4,C,1.776,FAIL
81,11,24,67,36,219.0,43.8,C,1.7519999999999998,FAIL
48,10,70,24,58,210.0,42.0,C,1.68,FAIL
10,75,44,1,43,173.0,34.6,NG,1.3839999999999997,FAIL
64,66,67,61,37,295.0,59.0,C+,2.36,PASS
58,60,38,45,89,290.0,58.0,C+,2.32,PASS
10,86,81,89,92,358.0,71.6,B+,2.864,FAIL
39,14,86,84,83,306.0,61.2,B,2.448,FAIL
4,75,10,11,27,127.0,25.4,NG,1.016,FAIL
5,54,46,29,21,155.0,31.0,NG,1.24,FAIL
99,92,27,45,1,264.0,52.8,C+,2.112,FAIL
89,10,29,80,23,231.0,46.2,C,1.848,FAIL
71,83,6,47,91,298.0,59.6,C+,2.384,FAIL
74,29,84,44,55,286.0,57.2,C+,2.288,FAIL
92,79,46,62,4,283.0,56.6,C+,2.264,FAIL
70,17,96,10,22,215.0,43.0,C,1.72,FAIL
97,7,26,85,79,294.0,58.8,C+,2.352,FAIL
96,28,4,3,47,178.0,35.6,C,1.4240000000000002,FAIL
91,32,26,42,49,240.0,48.0,C,1.92,FAIL
7,17,52,79,25,180.0,36.0,C,1.44,FAIL
15,55,40,14,91,215.0,43.0,C,1.72,FAIL
41,77,18,89,41,266.0,53.2,C+,2.128,FAIL
98,12,56,44,76,286.0,57.2,C+,2.288,FAIL
49,91,85,11,42,278.0,55.6,C+,2.224,FAIL
19,72,72,97,61,321.0,64.2,B,2.568,FAIL
92,62,31,27,30,242.0,48.4,C,1.936,FAIL
23,5,72,14,37,151.0,30.2,NG,1.208,FAIL
1,57,22,81,53,214.0,42.8,C,1.712,FAIL
13,29,95,90,69,296.0,59.2,C+,2.368,FAIL
93,36,85,60,35,309.0,61.8,B,2.472,PASS
48,48,97,81,46,320.0,64.0,B,2.56,PASS
25,72,40,88,38,263.0,52.6,C+,2.104,FAIL
20,83,58,96,35,292.0,58.4,C+,2.336,FAIL
81,14,85,86,82,348.0,69.6,B,2.784,FAIL
46,95,81,79,93,394.0,78.8,B+,3.1519999999999997,PASS
40,3,42,77,76,238.0,47.6,C,1.9039999999999997,FAIL
65,81,87,54,97,384.0,76.8,B+,3.072,PASS
0,67,49,99,68,283.0,56.6,C+,2.264,FAIL
76,94,33,77,31,311.0,62.2,B,2.488,FAIL
53,36,52,45,7,193.0,38.6,C,1.544,FAIL
31,21,44,76,45,217.0,43.4,C,1.736,FAIL
59,96,65,49,74,343.0,68.6,B,2.744,PASS
19,50,0,51,45,165.0,33.0,NG,1.32,FAIL
34,84,71,98,15,302.0,60.4,B,2.416,FAIL
14,15,52,79,63,223.0,44.6,C,1.784,FAIL
36,34,78,88,9,245.0,49.0,C,1.96,FAIL
87,0,54,85,0,226.0,45.2,C,1.808,FAIL
0,91,55,76,59,281.0,56.2,C+,2.248,FAIL
26,56,80,75,11,248.0,49.6,C,1.984,FAIL
27,48,94,10,30,209.0,41.8,C,1.672,FAIL
49,47,91,77,66,330.0,66.0,B,2.64,PASS
93,64,45,68,75,345.0,69.0,B,2.76,PASS
68,65,65,6,99,303.0,60.6,B,2.424,FAIL
4,33,19,63,33,152.0,30.4,NG,1.216,FAIL
4,62,88,90,74,318.0,63.6,B,2.544,FAIL
13,95,19,9,5,141.0,28.2,NG,1.128,FAIL
41,97,76,55,28,297.0,59.4,C+,2.376,FAIL
14,95,61,69,62,301.0,60.2,B,2.408,FAIL
37,55,2,73,27,194.0,38.8,C,1.5520000000000003,FAIL
30,84,33,9,32,188.0,37.6,C,1.504,FAIL
39,0,25,60,11,135.0,27.0,NG,1.08,FAIL
38,93,25,30,8,194.0,38.8,C,1.5520000000000003,FAIL
68,73,54,54,67,316.0,63.2,B,2.528,PASS
36,27,2,82,99,246.0,49.2,C,1.9680000000000002,FAIL
88,8,9,71,75,251.0,50.2,C+,2.008,FAIL
41,33,0,72,61,207.0,41.4,C,1.656,FAIL
54,65,39,93,88,339.0,67.8,B,2.7120000000000006,PASS
86,36,95,64,43,324.0,64.8,B,2.592,PASS
56,99,20,22,43,240.0,48.0,C,1.92,FAIL
32,73,56,20,67,248.0,49.6,C,1.984,FAIL
53,82,85,34,49,303.0,60.6,B,2.424,FAIL
13,18,64,74,36,205.0,41.0,C,1.64,FAIL
63,43,76,10,67,259.0,51.8,C+,2.072,FAIL
4,94,48,78,30,254.0,50.8,C+,2.032,FAIL
31,0,76,62,6,175.0,35.0,C,1.4,FAIL
99,78,38,73,53,341.0,68.2,B,2.728,PASS
24,42,42,56,75,239.0,47.8,C,1.912,FAIL
61,71,57,82,97,368.0,73.6,B+,2.944,PASS
38,92,50,32,98,310.0,62.0,B,2.48,FAIL
84,56,64,75,58,337.0,67.4,B,2.696,PASS
89,26,79,14,31,239.0,47.8,C,1.912,FAIL
66,39,94,36,98,333.0,66.6,B,2.664,PASS
28,46,6,71,65,216.0,43.2,C,1.7280000000000002,FAIL
18,45,17,28,35,143.0,28.6,NG,1.144,FAIL
21,23,95,92,15,246.0,49.2,C,1.9680000000000002,FAIL
3,78,22,48,47,198.0,39.6,C,1.584,FAIL
64,72,11,48,83,278.0,55.6,C+,2.224,FAIL
76,39,72,60,34,281.0,56.2,C+,2.248,FAIL
56,88,16,62,96,318.0,63.6,B,2.544,FAIL
58,64,57,82,71,332.0,66.4,B,2.656,PASS
1,33,86,75,82,277.0,55.4,C+,2.216,FAIL
92,45,98,20,20,275.0,55.0,C+,2.2,FAIL
31,8,35,83,60,217.0,43.4,C,1.736,FAIL
14,19,98,27,89,247.0,49.4,C,1.976,FAIL
59,41,37,2,87,226.0,45.2,C,1.808,FAIL
67,49,88,5,61,270.0,54.0,C+,2.16,FAIL
71,65,58,43,16,253.0,50.6,C+,2.024,FAIL
21,11,2,84,36,154.0,30.8,NG,1.232,FAIL
14,20,87,62,23,206.0,41.2,C,1.648,FAIL
77,4,56,43,94,274.0,54.8,C+,2.192,FAIL
11,11,65,38,28,153.0,30.6,NG,1.224,FAIL
75,29,17,5,47,173.0,34.6,NG,1.3839999999999997,FAIL
3,80,60,28,30,201.0,40.2,C,1.608,FAIL
5,90,19,36,31,181.0,36.2,C,1.4479999999999997,FAIL
38,18,94,89,42,281.0,56.2,C+,2.248,FAIL
62,51,91,9,54,267.0,53.4,C+,2.136,FAIL
1,87,33,2,12,135.0,27.0,NG,1.08,FAIL
8,1,42,58,95,204.0,40.8,C,1.632,FAIL
81,71,24,54,95,325.0,65.0,B,2.6,FAIL
23,67,48,32,59,229.0,45.8,C,1.832,FAIL
20,31,56,87,71,265.0,53.0,C+,2.12,FAIL
36,45,32,90,86,289.0,57.8,C+,2.312,FAIL
42,6,21,1,68,138.0,27.6,NG,1.104,FAIL
92,45,27,40,3,207.0,41.4,C,1.656,FAIL
78,34,16,52,66,246.0,49.2,C,1.9680000000000002,FAIL
4,6,63,48,46,167.0,33.4,NG,1.3359999999999999,FAIL
40,98,99,84,43,364.0,72.8,B+,2.912,PASS
94,67,2,76,65,304.0,60.8,B,2.432,FAIL
54,16,96,53,33,252.0,50.4,C+,2.016,FAIL
19,77,95,48,3,242.0,48.4,C,1.936,FAIL
48,84,96,97,50,375.0,75.0,B+,3.0,PASS
68,17,35,13,17,150.0,30.0,NG,1.2,FAIL
42,35,73,13,75,238.0,47.6,C,1.9039999999999997,FAIL
44,95,41,23,82,285.0,57.0,C+,2.28,FAIL
94,63,24,60,38,279.0,55.8,C+,2.232,FAIL
96,39,5,70,34,244.0,48.8,C,1.952,FAIL
12,6,49,39,89,195.0,39.0,C,1.56,FAIL
33,61,69,79,33,275.0,55.0,C+,2.2,FAIL
74,56,90,25,50,295.0,59.0,C+,2.36,FAIL
41,53,31,51,23,199.0,39.8,C,1.592,FAIL
26,77,57,55,31,246.0,49.2,C,1.9680000000000002,FAIL
1,11,77,57,4,150.0,30.0,NG,1.2,FAIL
96,74,95,21,53,339.0,67.8,B,2.7120000000000006,FAIL
68,85,20,92,26,291.0,58.2,C+,2.328,FAIL
93,37,78,91,75,374.0,74.8,B+,2.992,PASS
10,77,24,34,56,201.0,40.2,C,1.608,FAIL
11,73,16,47,58,205.0,41.0,C,1.64,FAIL
97,10,24,3,66,200.0,40.0,C,1.6,FAIL
84,76,46,37,88,331.0,66.2,B,2.648,PASS
82,21,9,10,95,217.0,43.4,C,1.736,FAIL
51,29,54,79,90,303.0,60.6,B,2.424,FAIL
85,15,27,76,16,219.0,43.8,C,1.7519999999999998,FAIL
98,98,49,87,66,398.0,79.6,B+,3.184,PASS
31,66,77,12,42,228.0,45.6,C,1.824,FAIL
41,41,24,46,16,168.0,33.6,NG,1.344,FAIL
84,97,89,41,84,395.0,79.0,B+,3.16,PASS
61,25,25,89,25,225.0,45.0,C,1.8,FAIL
73,18,24,3,43,161.0,32.2,NG,1.288,FAIL
49,78,78,67,57,329.0,65.8,B,2.6319999999999997,PASS
42,44,55,78,86,305.0,61.0,B,2.44,PASS
22,74,91,39,58,284.0,56.8,C+,2.272,FAIL
5,40,73,41,59,218.0,43.6,C,1.744,FAIL
87,25,1,46,29,188.0,37.6,C,1.504,FAIL
47,1,4,59,55,166.0,33.2,NG,1.328,FAIL
25,95,45,49,41,255.0,51.0,C+,2.04,FAIL
24,45,36,79,50,234.0,46.8,C,1.872,FAIL
35,58,94,29,10,226.0,45.2,C,1.808,FAIL
42,57,2,25,79,205.0,41.0,C,1.64,FAIL
26,48,0,4,92,170.0,34.0,NG,1.36,FAIL
0,45,1,99,54,199.0,39.8,C,1.592,FAIL
76,22,37,4,47,186.0,37.2,C,1.4880000000000002,FAIL
94,63,90,67,58,372.0,74.4,B+,2.9760000000000004,PASS
41,18,10,26,1,96.0,19.2,NG,0.768,FAIL
53,83,85,60,84,365.0,73.0,B+,2.92,PASS
80,92,83,50,11,316.0,63.2,B,2.528,FAIL
77,53,33,84,52,299.0,59.8,C+,2.392,FAIL
70,84,72,61,81,368.0,73.6,B+,2.944,PASS
80,37,88,24,19,248.0,49.6,C,1.984,FAIL
73,48,16,92,14,243.0,48.6,C,1.944,FAIL
90,95,64,69,34,352.0,70.4,B+,2.816,FAIL
98,25,1,91,86,301.0,60.2,B,2.408,FAIL
31,84,59,56,45,275.0,55.0,C+,2.2,FAIL
69,28,45,37,96,275.0,55.0,C+,2.2,FAIL
12,42,70,63,35,222.0,44.4,C,1.776,FAIL
62,52,29,81,95,319.0,63.8,B,2.552,FAIL
55,59,31,85,41,271.0,54.2,C+,2.168,FAIL
24,3,95,24,14,160.0,32.0,NG,1.28,FAIL
3,12,10,77,72,174.0,34.8,NG,1.392,FAIL
64,11,89,44,89,297.0,59.4,C+,2.376,FAIL
60,50,81,2,89,282.0,56.4,C+,2.256,FAIL
93,96,83,15,16,303.0,60.6,B,2.424,FAIL
23,58,62,22,86,251.0,50.2,C+,2.008,FAIL
91,57,78,77,94,397.0,79.4,B+,3.176,PASS
6,74,40,92,21,233.0,46.6,C,1.864,FAIL
25,23,66,40,91,245.0,49.0,C,1.96,FAIL
27,36,94,75,12,244.0,48.8,C,1.952,FAIL
29,19,55,15,11,129.0,25.8,NG,1.032,FAIL
4,41,29,57,2,133.0,26.6,NG,1.064,FAIL
97,57,28,47,54,283.0,56.6,C+,2.264,FAIL
72,67,86,50,55,330.0,66.0,B,2.64,PASS
84,51,9,90,11,245.0,49.0,C,1.96,FAIL
91,77,80,28,3,279.0,55.8,C+,2.232,FAIL
51,0,81,85,30,247.0,49.4,C,1.976,FAIL
5,12,92,90,37,236.0,47.2,C,1.888,FAIL
10,6,9,80,41,146.0,29.2,NG,1.168,FAIL
83,12,80,43,36,254.0,50.8,C+,2.032,FAIL
74,86,35,27,98,320.0,64.0,B,2.56,FAIL
19,21,17,14,17,88.0,17.6,NG,0.704,FAIL
25,54,33,19,51,182.0,36.4,C,1.456,FAIL
25,75,87,19,70,276.0,55.2,C+,2.208,FAIL
29,36,11,98,35,209.0,41.8,C,1.672,FAIL
45,6,96,84,57,288.0,57.6,C+,2.304,FAIL
62,77,32,1,18,190.0,38.0,C,1.52,FAIL
31,73,54,32,11,201.0,40.2,C,1.608,FAIL
49,23,69,3,59,203.0,40.6,C,1.624,FAIL
54,19,77,73,17,240.0,48.0,C,1.92,FAIL
36,2,58,58,73,227.0,45.4,C,1.8159999999999998,FAIL
19,32,43,53,45,192.0,38.4,C,1.536,FAIL
10,43,61,74,62,250.0,50.0,C+,2.0,FAIL
95,7,69,66,2,239.0,47.8,C,1.912,FAIL
50,79,32,25,50,236.0,47.2,C,1.888,FAIL
1,79,86,49,22,237.0,47.4,C,1.896,FAIL
66,9,76,72,2,225.0,45.0,C,1.8,FAIL
72,75,97,79,29,352.0,70.4,B+,2.816,FAIL
64,25,0,35,49,173.0,34.6,NG,1.3839999999999997,FAIL
21,84,11,30,28,174.0,34.8,NG,1.392,FAIL
84,97,65,28,6,280.0,56.0,C+,2.24,FAIL
21,68,78,78,6,251.0,50.2,C+,2.008,FAIL
27,71,84,36,99,317.0,63.4,B,2.536,FAIL
75,52,90,92,73,382.0,76.4,B+,3.056,PASS
13,43,18,68,39,181.0,36.2,C,1.4479999999999997,FAIL
61,2,51,43,19,176.0,35.2,C,1.408,FAIL
86,27,51,20,95,279.0,55.8,C+,2.232,FAIL
6,1,68,33,12,120.0,24.0,NG,0.96,FAIL
30,2,40,22,49,143.0,28.6,NG,1.144,FAIL
88,53,8,26,94,269.0,53.8,C+,2.152,FAIL
99,79,54,29,23,284.0,56.8,C+,2.272,FAIL
39,27,74,38,17,195.0,39.0,C,1.56,FAIL
99,99,67,57,13,335.0,67.0,B,2.68,FAIL
37,95,39,27,78,276.0,55.2,C+,2.208,FAIL
53,18,55,93,59,278.0,55.6,C+,2.224,FAIL
72,58,52,28,63,273.0,54.6,C+,2.184,FAIL
48,56,60,30,68,262.0,52.4,C+,2.096,FAIL
55,27,84,15,22,203.0,40.6,C,1.624,FAIL
5,12,86,58,77,238.0,47.6,C,1.9039999999999997,FAIL
9,61,66,83,79,298.0,59.6,C+,2.384,FAIL
16,32,34,58,2,142.0,28.4,NG,1.136,FAIL
42,27,59,20,53,201.0,40.2,C,1.608,FAIL
10,17,41,94,92,254.0,50.8,C+,2.032,FAIL
80,26,88,83,28,305.0,61.0,B,2.44,FAIL
39,69,34,65,48,255.0,51.0,C+,2.04,FAIL
59,69,37,30,65,260.0,52.0,C+,2.08,FAIL
3,16,69,5,79,172.0,34.4,NG,1.376,FAIL
76,50,14,23,87,250.0,50.0,C+,2.0,FAIL
68,12,91,96,40,307.0,61.4,B,2.456,FAIL
80,97,32,97,46,352.0,70.4,B+,2.816,FAIL
67,45,24,87,82,305.0,61.0,B,2.44,FAIL
20,37,97,97,32,283.0,56.6,C+,2.264,FAIL
16,28,92,9,43,188.0,37.6,C,1.504,FAIL
79,95,23,79,32,308.0,61.6,B,2.464,FAIL
45,25,26,62,41,199.0,39.8,C,1.592,FAIL
4,16,69,63,88,240.0,48.0,C,1.92,FAIL
13,98,1,67,38,217.0,43.4,C,1.736,FAIL
13,77,19,58,88,255.0,51.0,C+,2.04,FAIL
61,4,1,63,4,133.0,26.6,NG,1.064,FAIL
45,63,25,72,78,283.0,56.6,C+,2.264,FAIL
83,33,35,83,93,327.0,65.4,B,2.616,FAIL
52,30,25,21,91,219.0,43.8,C,1.7519999999999998,FAIL
67,45,55,10,37,214.0,42.8,C,1.712,FAIL
49,47,36,3,99,234.0,46.8,C,1.872,FAIL
43,69,37,16,61,226.0,45.2,C,1.808,FAIL
97,76,93,1,0,267.0,53.4,C+,2.136,FAIL
4,72,51,22,52,201.0,40.2,C,1.608,FAIL
65,41,3,45,34,188.0,37.6,C,1.504,FAIL
61,83,90,7,26,267.0,53.4,C+,2.136,FAIL
25,61,7,16,50,159.0,31.8,NG,1.272,FAIL
80,38,17,23,11,169.0,33.8,NG,1.352,FAIL
39,25,87,96,88,335.0,67.0,B,2.68,FAIL
53,94,73,34,81,335.0,67.0,B,2.68,FAIL
34,15,89,24,63,225.0,45.0,C,1.8,FAIL
21,12,9,77,22,141.0,28.2,NG,1.128,FAIL
58,23,40,5,29,155.0,31.0,NG,1.24,FAIL
0,3,11,45,52,111.0,22.2,NG,0.888,FAIL
92,76,96,97,77,438.0,87.6,A,3.5039999999999996,PASS
71,2,2,79,80,234.0,46.8,C,1.872,FAIL
55,34,60,22,67,238.0,47.6,C,1.9039999999999997,FAIL
83,36,65,11,41,236.0,47.2,C,1.888,FAIL
86,70,50,97,94,397.0,79.4,B+,3.176,PASS
46,65,99,20,44,274.0,54.8,C+,2.192,FAIL
0,27,78,29,29,163.0,32.6,NG,1.304,FAIL
93,69,76,95,95,428.0,85.6,A,3.424,PASS
36,65,66,87,71,325.0,65.0,B,2.6,PASS
71,66,9,33,42,221.0,44.2,C,1.768,FAIL
93,62,64,94,37,350.0,70.0,B+,2.8,PASS
76,62,96,16,28,278.0,55.6,C+,2.224,FAIL
99,11,54,50,80,294.0,58.8,C+,2.352,FAIL
27,46,89,13,30,205.0,41.0,C,1.64,FAIL
34,6,73,33,71,217.0,43.4,C,1.736,FAIL
36,41,38,58,3,176.0,35.2,C,1.408,FAIL
72,69,42,41,72,296.0,59.2,C+,2.368,PASS
11,6,89,30,60,196.0,39.2,C,1.568,FAIL
8,63,94,87,68,320.0,64.0,B,2.56,FAIL
97,38,81,4,87,307.0,61.4,B,2.456,FAIL
37,95,99,89,58,378.0,75.6,B+,3.0239999999999996,PASS
87,98,11,73,46,315.0,63.0,B,2.52,FAIL
73,2,19,81,58,233.0,46.6,C,1.864,FAIL
65,93,32,87,80,357.0,71.4,B+,2.856,FAIL
75,35,28,8,32,178.0,35.6,C,1.4240000000000002,FAIL
67,62,20,10,85,244.0,48.8,C,1.952,FAIL
28,17,1,24,67,137.0,27.4,NG,1.096,FAIL
58,61,5,70,10,204.0,40.8,C,1.632,FAIL
34,87,87,41,47,296.0,59.2,C+,2.368,FAIL
34,78,70,14,88,284.0,56.8,C+,2.272,FAIL
74,41,84,3,86,288.0,57.6,C+,2.304,FAIL
12,80,16,38,98,244.0,48.8,C,1.952,FAIL
96,52,60,11,96,315.0,63.0,B,2.52,FAIL
53,72,59,99,62,345.0,69.0,B,2.76,PASS
56,0,14,44,12,126.0,25.2,NG,1.008,FAIL
40,4,73,69,10,196.0,39.2,C,1.568,FAIL
89,89,35,76,83,372.0,74.4,B+,2.9760000000000004,PASS
61,24,88,31,81,285.0,57.0,C+,2.28,FAIL
61,71,77,18,19,246.0,49.2,C,1.9680000000000002,FAIL
70,4,37,20,95,226.0,45.2,C,1.808,FAIL
61,19,35,57,54,226.0,45.2,C,1.808,FAIL
85,69,74,99,1,328.0,65.6,B,2.6240000000000006,FAIL
31,86,43,27,80,267.0,53.4,C+,2.136,FAIL
74,7,37,36,95,249.0,49.8,C,1.992,FAIL
4,81,77,32,0,194.0,38.8,C,1.5520000000000003,FAIL
79,86,93,48,0,306.0,61.2,B,2.448,FAIL
9,59,41,96,66,271.0,54.2,C+,2.168,FAIL
95,7,73,14,79,268.0,53.6,C+,2.144,FAIL
60,39,4,78,97,278.0,55.6,C+,2.224,FAIL
18,45,82,35,74,254.0,50.8,C+,2.032,FAIL
97,44,27,41,86,295.0,59.0,C+,2.36,FAIL
14,11,98,35,75,233.0,46.6,C,1.864,FAIL
1,13,57,48,38,157.0,31.4,NG,1.256,FAIL
75,89,17,21,72,274.0,54.8,C+,2.192,FAIL
99,47,9,28,52,235.0,47.0,C,1.88,FAIL
72,88,38,41,12,251.0,50.2,C+,2.008,FAIL
0,38,96,71,49,254.0,50.8,C+,2.032,FAIL
1,0,42,34,72,149.0,29.8,NG,1.192,FAIL
80,91,97,26,32,326.0,65.2,B,2.608,FAIL
55,38,3,34,66,196.0,39.2,C,1.568,FAIL
53,24,82,99,96,354.0,70.8,B+,2.832,FAIL
40,32,36,66,14,188.0,37.6,C,1.504,FAIL
28,83,59,66,33,269.0,53.8,C+,2.152,FAIL
52,43,36,91,48,270.0,54.0,C+,2.16,PASS
63,54,89,68,85,359.0,71.8,B+,2.872,PASS
73,25,9,15,37,159.0,31.8,NG,1.272,FAIL
99,20,24,29,22,194.0,38.8,C,1.5520000000000003,FAIL
50,47,58,95,55,305.0,61.0,B,2.44,PASS
30,50,86,6,8,180.0,36.0,C,1.44,FAIL
84,86,97,56,57,380.0,76.0,B+,3.04,PASS
12,88,64,33,30,227.0,45.4,C,1.8159999999999998,FAIL
45,85,46,60,14,250.0,50.0,C+,2.0,FAIL
44,57,17,60,82,260.0,52.0,C+,2.08,FAIL
80,59,19,8,69,235.0,47.0,C,1.88,FAIL
25,33,59,69,39,225.0,45.0,C,1.8,FAIL
40,81,6,62,57,246.0,49.2,C,1.9680000000000002,FAIL
25,97,44,57,15,238.0,47.6,C,1.9039999999999997,FAIL
47,83,1,27,18,176.0,35.2,C,1.408,FAIL
23,2,28,69,2,124.0,24.8,NG,0.992,FAIL
67,80,66,65,18,296.0,59.2,C+,2.368,FAIL
96,31,64,49,3,243.0,48.6,C,1.944,FAIL
24,83,78,5,55,245.0,49.0,C,1.96,FAIL
50,27,14,23,68,182.0,36.4,C,1.456,FAIL
43,54,26,15,67,205.0,41.0,C,1.64,FAIL
63,43,10,34,67,217.0,43.4,C,1.736,FAIL
20,93,70,71,16,270.0,54.0,C+,2.16,FAIL
45,4,64,50,43,206.0,41.2,C,1.648,FAIL
14,25,89,45,24,197.0,39.4,C,1.5759999999999998,FAIL
56,60,92,77,40,325.0,65.0,B,2.6,PASS
47,93,33,99,22,294.0,58.8,C+,2.352,FAIL
4,62,38,88,65,257.0,51.4,C+,2.056,FAIL
22,41,2,15,94,174.0,34.8,NG,1.392,FAIL
64,57,77,93,87,378.0,75.6,B+,3.0239999999999996,PASS
31,70,55,91,8,255.0,51.0,C+,2.04,FAIL
66,51,95,70,29,311.0,62.2,B,2.488,FAIL
98,87,68,71,41,365.0,73.0,B+,2.92,PASS
57,76,12,86,53,284.0,56.8,C+,2.272,FAIL
70,39,58,60,51,278.0,55.6,C+,2.224,PASS
55,5,83,6,77,226.0,45.2,C,1.808,FAIL
59,49,41,78,38,265.0,53.0,C+,2.12,PASS
65,95,81,23,45,309.0,61.8,B,2.472,FAIL
37,20,97,38,68,260.0,52.0,C+,2.08,FAIL
7,51,49,38,39,184.0,36.8,C,1.472,FAIL
81,56,20,97,99,353.0,70.6,B+,2.824,FAIL
62,13,74,23,84,256.0,51.2,C+,2.048,FAIL
18,71,47,34,73,243.0,48.6,C,1.944,FAIL
18,67,17,3,25,130.0,26.0,NG,1.04,FAIL
79,79,92,13,53,316.0,63.2,B,2.528,FAIL
57,14,0,61,57,189.0,37.8,C,1.5119999999999998,FAIL
6,40,37,23,85,191.0,38.2,C,1.528,FAIL
57,27,8,25,53,170.0,34.0,NG,1.36,FAIL
26,76,8,56,88,254.0,50.8,C+,2.032,FAIL
15,62,73,66,96,312.0,62.4,B,2.496,FAIL
96,90,75,54,2,317.0,63.4,B,2.536,FAIL
5,0,15,60,30,110.0,22.0,NG,0.88,FAIL
52,43,89,11,83,278.0,55.6,C+,2.224,FAIL
84,15,72,70,68,309.0,61.8,B,2.472,FAIL
11,58,74,52,44,239.0,47.8,C,1.912,FAIL
40,17,74,96,65,292.0,58.4,C+,2.336,FAIL
91,45,3,52,8,199.0,39.8,C,1.592,FAIL
3,16,45,94,43,201.0,40.2,C,1.608,FAIL
60,46,42,58,17,223.0,44.6,C,1.784,FAIL
76,12,39,79,38,244.0,48.8,C,1.952,FAIL
31,2,43,52,41,169.0,33.8,NG,1.352,FAIL
79,1,86,24,13,203.0,40.6,C,1.624,FAIL
93,37,97,31,91,349.0,69.8,B,2.792,FAIL
5,84,52,63,81,285.0,57.0,C+,2.28,FAIL
14,38,21,56,92,221.0,44.2,C,1.768,FAIL
71,27,35,37,35,205.0,41.0,C,1.64,FAIL
78,46,71,56,40,291.0,58.2,C+,2.328,PASS
88,26,87,32,86,319.0,63.8,B,2.552,FAIL
95,51,11,50,0,207.0,41.4,C,1.656,FAIL
37,20,35,78,51,221.0,44.2,C,1.768,FAIL
0,37,91,94,1,223.0,44.6,C,1.784,FAIL
29,97,37,30,63,256.0,51.2,C+,2.048,FAIL
4,34,86,29,89,242.0,48.4,C,1.936,FAIL
58,25,43,5,74,205.0,41.0,C,1.64,FAIL
2,53,77,90,31,253.0,50.6,C+,2.024,FAIL
41,22,24,70,67,224.0,44.8,C,1.7920000000000003,FAIL
34,8,0,44,44,130.0,26.0,NG,1.04,FAIL
2,51,97,78,50,278.0,55.6,C+,2.224,FAIL
70,41,88,50,87,336.0,67.2,B,2.688,PASS
73,13,72,96,73,327.0,65.4,B,2.616,FAIL
4,2,28,26,20,80.0,16.0,NG,0.64,FAIL
73,84,52,48,74,331.0,66.2,B,2.648,PASS
60,95,7,60,26,248.0,49.6,C,1.984,FAIL
34,19,99,46,4,202.0,40.4,C,1.6160000000000003,FAIL
95,96,83,46,74,394.0,78.8,B+,3.1519999999999997,PASS
27,86,88,64,42,307.0,61.4,B,2.456,FAIL
37,42,89,60,39,267.0,53.4,C+,2.136,PASS
17,44,85,43,79,268.0,53.6,C+,2.144,FAIL
84,24,53,29,38,228.0,45.6,C,1.824,FAIL
99,40,72,99,49,359.0,71.8,B+,2.872,PASS
29,46,58,87,14,234.0,46.8,C,1.872,FAIL
21,97,0,99,52,269.0,53.8,C+,2.152,FAIL
2,97,48,6,63,216.0,43.2,C,1.7280000000000002,FAIL
71,81,18,53,28,251.0,50.2,C+,2.008,FAIL
40,41,98,20,63,262.0,52.4,C+,2.096,FAIL
91,67,39,17,31,245.0,49.0,C,1.96,FAIL
9,81,91,81,7,269.0,53.8,C+,2.152,FAIL
95,32,45,2,59,233.0,46.6,C,1.864,FAIL
79,17,30,48,86,260.0,52.0,C+,2.08,FAIL
0,65,68,42,27,202.0,40.4,C,1.6160000000000003,FAIL
28,38,10,28,38,142.0,28.4,NG,1.136,FAIL
40,63,94,73,54,324.0,64.8,B,2.592,PASS
95,39,89,83,42,348.0,69.6,B,2.784,PASS
38,85,42,69,64,298.0,59.6,C+,2.384,PASS
88,53,94,17,24,276.0,55.2,C+,2.208,FAIL
68,93,3,53,51,268.0,53.6,C+,2.144,FAIL
46,35,92,9,23,205.0,41.0,C,1.64,FAIL
17,51,31,52,51,202.0,40.4,C,1.6160000000000003,FAIL
19,95,3,0,42,159.0,31.8,NG,1.272,FAIL
1,32,31,87,9,160.0,32.0,NG,1.28,FAIL
72,51,40,16,23,202.0,40.4,C,1.6160000000000003,FAIL
61,82,3,48,68,262.0,52.4,C+,2.096,FAIL
22,35,41,38,60,196.0,39.2,C,1.568,FAIL
43,41,0,54,39,177.0,35.4,C,1.416,FAIL
74,45,6,67,93,285.0,57.0,C+,2.28,FAIL
28,1,15,30,88,162.0,32.4,NG,1.296,FAIL
19,24,10,55,59,167.0,33.4,NG,1.3359999999999999,FAIL
3,63,84,3,71,224.0,44.8,C,1.7920000000000003,FAIL
13,37,41,75,86,252.0,50.4,C+,2.016,FAIL
38,64,99,14,47,262.0,52.4,C+,2.096,FAIL
53,95,27,52,7,234.0,46.8,C,1.872,FAIL
63,78,47,18,41,247.0,49.4,C,1.976,FAIL
14,37,61,38,87,237.0,47.4,C,1.896,FAIL
23,63,12,7,99,204.0,40.8,C,1.632,FAIL
37,22,51,33,20,163.0,32.6,NG,1.304,FAIL
56,20,79,41,26,222.0,44.4,C,1.776,FAIL
82,47,76,94,73,372.0,74.4,B+,2.9760000000000004,PASS
23,23,33,11,58,148.0,29.6,NG,1.184,FAIL
96,4,13,77,27,217.0,43.4,C,1.736,FAIL
81,57,64,79,96,377.0,75.4,B+,3.016,PASS
55,22,72,38,76,263.0,52.6,C+,2.104,FAIL
43,45,65,14,7,174.0,34.8,NG,1.392,FAIL
87,77,29,6,49,248.0,49.6,C,1.984,FAIL
1,77,24,9,14,125.0,25.0,NG,1.0,FAIL
1,93,58,51,55,258.0,51.6,C+,2.064,FAIL
21,32,84,68,6,211.0,42.2,C,1.6879999999999997,FAIL
73,98,73,25,88,357.0,71.4,B+,2.856,FAIL
51,30,19,44,35,179.0,35.8,C,1.432,FAIL
89,33,99,14,5,240.0,48.0,C,1.92,FAIL
20,22,15,15,1,73.0,14.6,NG,0.584,FAIL
19,34,47,1,29,130.0,26.0,NG,1.04,FAIL
67,91,37,92,18,305.0,61.0,B,2.44,FAIL
94,44,99,68,21,326.0,65.2,B,2.608,FAIL
24,88,91,59,14,276.0,55.2,C+,2.208,FAIL
8,90,25,35,90,248.0,49.6,C,1.984,FAIL
47,72,11,45,73,248.0,49.6,C,1.984,FAIL
7,33,25,20,22,107.0,21.4,NG,0.856,FAIL
67,71,73,4,31,246.0,49.2,C,1.9680000000000002,FAIL
14,62,63,64,79,282.0,56.4,C+,2.256,FAIL
30,63,59,65,60,277.0,55.4,C+,2.216,FAIL
64,88,96,53,2,303.0,60.6,B,2.424,FAIL
30,40,6,40,49,165.0,33.0,NG,1.32,FAIL
17,71,15,62,38,203.0,40.6,C,1.624,FAIL
80,8,12,44,20,164.0,32.8,NG,1.3120000000000003,FAIL
99,44,45,71,66,325.0,65.0,B,2.6,PASS
9,64,61,99,36,269.0,53.8,C+,2.152,FAIL
25,21,20,8,91,165.0,33.0,NG,1.32,FAIL
46,26,96,2,10,180.0,36.0,C,1.44,FAIL
59,24,84,3,21,191.0,38.2,C,1.528,FAIL
65,78,37,95,99,374.0,74.8,B+,2.992,PASS
82,24,60,67,89,322.0,64.4,B,2.576,FAIL
45,32,83,73,11,244.0,48.8,C,1.952,FAIL
24,29,63,50,29,195.0,39.0,C,1.56,FAIL
11,85,38,24,43,201.0,40.2,C,1.608,FAIL
97,50,60,53,10,270.0,54.0,C+,2.16,FAIL
84,2,93,12,77,268.0,53.6,C+,2.144,FAIL
73,85,43,77,37,315.0,63.0,B,2.52,PASS
26,69,1,55,94,245.0,49.0,C,1.96,FAIL
68,38,45,49,9,209.0,41.8,C,1.672,FAIL
95,61,54,3,39,252.0,50.4,C+,2.016,FAIL
96,99,22,77,35,329.0,65.8,B,2.6319999999999997,FAIL
13,47,16,73,31,180.0,36.0,C,1.44,FAIL
64,61,45,24,73,267.0,53.4,C+,2.136,FAIL
75,82,63,41,80,341.0,68.2,B,2.728,PASS
31,35,3,83,70,222.0,44.4,C,1.776,FAIL
32,67,91,64,85,339.0,67.8,B,2.7120000000000006,FAIL
85,99,75,6,76,341.0,68.2,B,2.728,FAIL
58,91,40,82,81,352.0,70.4,B+,2.816,PASS
57,89,92,22,38,298.0,59.6,C+,2.384,FAIL
20,23,87,51,10,191.0,38.2,C,1.528,FAIL
78,0,73,5,1,157.0,31.4,NG,1.256,FAIL
38,34,40,69,22,203.0,40.6,C,1.624,FAIL
82,49,11,33,9,184.0,36.8,C,1.472,FAIL
80,20,78,34,3,215.0,43.0,C,1.72,FAIL
45,67,20,10,41,183.0,36.6,C,1.464,FAIL
62,3,37,87,94,283.0,56.6,C+,2.264,FAIL
40,43,20,65,78,246.0,49.2,C,1.9680000000000002,FAIL
16,17,60,86,71,250.0,50.0,C+,2.0,FAIL
79,25,20,75,99,298.0,59.6,C+,2.384,FAIL
75,28,39,76,31,249.0,49.8,C,1.992,FAIL
54,95,28,53,57,287.0,57.4,C+,2.296,FAIL
24,99,67,4,13,207.0,41.4,C,1.656,FAIL
93,91,63,76,78,401.0,80.2,A,3.208,PASS
40,93,64,83,4,284.0,56.8,C+,2.272,FAIL
98,32,43,3,42,218.0,43.6,C,1.744,FAIL
27,62,18,63,23,193.0,38.6,C,1.544,FAIL
81,36,65,26,95,303.0,60.6,B,2.424,FAIL
76,21,55,26,14,192.0,38.4,C,1.536,FAIL
2,98,41,97,60,298.0,59.6,C+,2.384,FAIL
67,29,76,46,0,218.0,43.6,C,1.744,FAIL
59,91,30,99,37,316.0,63.2,B,2.528,FAIL
49,49,70,77,46,291.0,58.2,C+,2.328,PASS
93,54,37,73,68,325.0,65.0,B,2.6,PASS
12,4,61,7,45,129.0,25.8,NG,1.032,FAIL
89,1,15,67,24,196.0,39.2,C,1.568,FAIL
72,4,25,5,21,127.0,25.4,NG,1.016,FAIL
8,40,89,50,1,188.0,37.6,C,1.504,FAIL
95,15,62,47,19,238.0,47.6,C,1.9039999999999997,FAIL
10,87,33,77,19,226.0,45.2,C,1.808,FAIL
20,36,47,83,69,255.0,51.0,C+,2.04,FAIL
30,63,15,46,57,211.0,42.2,C,1.6879999999999997,FAIL
23,99,81,40,71,314.0,62.8,B,2.512,FAIL
39,24,93,60,76,292.0,58.4,C+,2.336,FAIL
5,87,47,11,64,214.0,42.8,C,1.712,FAIL
54,22,32,74,20,202.0,40.4,C,1.6160000000000003,FAIL
56,45,96,98,53,348.0,69.6,B,2.784,PASS
85,62,85,88,82,402.0,80.4,A,3.216,PASS
36,4,93,98,9,240.0,48.0,C,1.92,FAIL
10,9,74,98,76,267.0,53.4,C+,2.136,FAIL
2,10,81,12,14,119.0,23.8,NG,0.9519999999999998,FAIL
88,40,21,9,55,213.0,42.6,C,1.704,FAIL
51,67,65,58,88,329.0,65.8,B,2.6319999999999997,PASS
16,61,2,18,51,148.0,29.6,NG,1.184,FAIL
89,39,51,61,31,271.0,54.2,C+,2.168,FAIL
42,66,0,58,40,206.0,41.2,C,1.648,FAIL
58,3,58,30,56,205.0,41.0,C,1.64,FAIL
46,44,55,65,13,223.0,44.6,C,1.784,FAIL
55,24,79,64,16,238.0,47.6,C,1.9039999999999997,FAIL
51,33,36,32,23,175.0,35.0,C,1.4,FAIL
75,43,90,27,46,281.0,56.2,C+,2.248,FAIL
6,50,52,32,80,220.0,44.0,C,1.76,FAIL
82,75,86,26,9,278.0,55.6,C+,2.224,FAIL
76,38,76,3,65,258.0,51.6,C+,2.064,FAIL
19,73,31,51,1,175.0,35.0,C,1.4,FAIL
28,96,80,77,75,356.0,71.2,B+,2.8480000000000003,FAIL
69,47,86,86,70,358.0,71.6,B+,2.864,PASS
86,71,23,29,80,289.0,57.8,C+,2.312,FAIL
63,10,47,50,85,255.0,51.0,C+,2.04,FAIL
14,95,22,34,34,199.0,39.8,C,1.592,FAIL
73,94,94,46,38,345.0,69.0,B,2.76,PASS
3,43,73,88,50,257.0,51.4,C+,2.056,FAIL
70,58,5,20,9,162.0,32.4,NG,1.296,FAIL
49,63,67,85,11,275.0,55.0,C+,2.2,FAIL
53,54,20,92,72,291.0,58.2,C+,2.328,FAIL
28,96,6,38,69,237.0,47.4,C,1.896,FAIL
25,92,71,74,42,304.0,60.8,B,2.432,FAIL
60,44,32,38,47,221.0,44.2,C,1.768,FAIL
68,76,66,35,92,337.0,67.4,B,2.696,PASS
75,60,64,44,18,261.0,52.2,C+,2.088,FAIL
36,36,43,54,30,199.0,39.8,C,1.592,FAIL
55,51,64,57,2,229.0,45.8,C,1.832,FAIL
88,47,80,8,24,247.0,49.4,C,1.976,FAIL
67,39,6,19,20,151.0,30.2,NG,1.208,FAIL
62,19,59,31,79,250.0,50.0,C+,2.0,FAIL
1,61,42,55,68,227.0,45.4,C,1.8159999999999998,FAIL
80,65,43,32,63,283.0,56.6,C+,2.264,FAIL
51,35,96,92,5,279.0,55.8,C+,2.232,FAIL
44,32,55,3,23,157.0,31.4,NG,1.256,FAIL
54,4,55,24,83,220.0,44.0,C,1.76,FAIL
28,11,30,24,47,140.0,28.0,NG,1.12,FAIL
17,93,7,57,5,179.0,35.8,C,1.432,FAIL
99,20,38,29,37,223.0,44.6,C,1.784,FAIL
2,87,44,18,57,208.0,41.6,C,1.6640000000000001,FAIL
28,52,97,97,17,291.0,58.2,C+,2.328,FAIL
55,1,93,57,68,274.0,54.8,C+,2.192,FAIL
8,86,91,43,33,261.0,52.2,C+,2.088,FAIL
14,58,29,41,49,191.0,38.2,C,1.528,FAIL
80,68,51,18,2,219.0,43.8,C,1.7519999999999998,FAIL
46,84,98,22,74,324.0,64.8,B,2.592,FAIL
47,56,11,70,55,239.0,47.8,C,1.912,FAIL
57,28,41,17,90,233.0,46.6,C,1.864,FAIL
50,78,74,14,37,253.0,50.6,C+,2.024,FAIL
31,34,2,93,69,229.0,45.8,C,1.832,FAIL
1,80,98,73,30,282.0,56.4,C+,2.256,FAIL
25,16,53,74,12,180.0,36.0,C,1.44,FAIL
27,78,84,32,92,313.0,62.6,B,2.504,FAIL
30,50,11,59,72,222.0,44.4,C,1.776,FAIL
57,37,43,92,13,242.0,48.4,C,1.936,FAIL
52,53,22,51,44,222.0,44.4,C,1.776,FAIL
94,30,73,7,30,234.0,46.8,C,1.872,FAIL
66,0,81,97,47,291.0,58.2,C+,2.328,FAIL
3,49,77,47,52,228.0,45.6,C,1.824,FAIL
94,22,81,40,17,254.0,50.8,C+,2.032,FAIL
34,72,83,59,60,308.0,61.6,B,2.464,FAIL
98,98,68,90,90,444.0,88.8,A,3.552,PASS
87,58,87,29,22,283.0,56.6,C+,2.264,FAIL
34,1,69,86,46,236.0,47.2,C,1.888,FAIL
65,30,85,79,85,344.0,68.8,B,2.752,FAIL
81,56,60,41,81,319.0,63.8,B,2.552,PASS
47,15,21,57,85,225.0,45.0,C,1.8,FAIL
6,53,54,10,71,194.0,38.8,C,1.5520000000000003,FAIL
78,22,84,26,88,298.0,59.6,C+,2.384,FAIL
78,83,0,22,0,183.0,36.6,C,1.464,FAIL
68,70,45,68,2,253.0,50.6,C+,2.024,FAIL
76,0,66,85,93,320.0,64.0,B,2.56,FAIL
32,43,86,73,23,257.0,51.4,C+,2.056,FAIL
85,53,9,90,87,324.0,64.8,B,2.592,FAIL
41,0,23,95,58,217.0,43.4,C,1.736,FAIL
10,51,69,89,58,277.0,55.4,C+,2.216,FAIL
86,22,89,68,0,265.0,53.0,C+,2.12,FAIL
83,5,35,42,2,167.0,33.4,NG,1.3359999999999999,FAIL
32,92,19,37,16,196.0,39.2,C,1.568,FAIL
4,29,38,77,65,213.0,42.6,C,1.704,FAIL
40,46,97,25,38,246.0,49.2,C,1.9680000000000002,FAIL
95,75,71,71,54,366.0,73.2,B+,2.928,PASS
35,1,26,84,45,191.0,38.2,C,1.528,FAIL
76,65,93,60,51,345.0,69.0,B,2.76,PASS
10,47,82,95,41,275.0,55.0,C+,2.2,FAIL
92,90,38,73,17,310.0,62.0,B,2.48,FAIL
10,15,52,44,32,153.0,30.6,NG,1.224,FAIL
6,58,20,40,60,184.0,36.8,C,1.472,FAIL
86,8,60,84,58,296.0,59.2,C+,2.368,FAIL
13,89,54,19,74,249.0,49.8,C,1.992,FAIL
97,18,35,62,92,304.0,60.8,B,2.432,FAIL
81,56,94,71,16,318.0,63.6,B,2.544,FAIL
75,73,80,78,46,352.0,70.4,B+,2.816,PASS
92,94,36,67,16,305.0,61.0,B,2.44,FAIL
39,93,52,47,38,269.0,53.8,C+,2.152,PASS
45,57,96,71,3,272.0,54.4,C+,2.176,FAIL
53,64,52,75,89,333.0,66.6,B,2.664,PASS
5,12,93,54,99,263.0,52.6,C+,2.104,FAIL
60,4,82,65,53,264.0,52.8,C+,2.112,FAIL
12,93,94,92,26,317.0,63.4,B,2.536,FAIL
42,54,45,69,62,272.0,54.4,C+,2.176,PASS
30,98,26,91,7,252.0,50.4,C+,2.016,FAIL
13,36,45,78,45,217.0,43.4,C,1.736,FAIL
81,9,67,71,89,317.0,63.4,B,2.536,FAIL
54,4,23,21,53,155.0,31.0,NG,1.24,FAIL
46,61,34,86,10,237.0,47.4,C,1.896,FAIL
27,14,52,13,54,160.0,32.0,NG,1.28,FAIL
98,34,11,56,9,208.0,41.6,C,1.6640000000000001,FAIL
19,76,64,27,67,253.0,50.6,C+,2.024,FAIL
6,78,21,82,67,254.0,50.8,C+,2.032,FAIL
69,45,27,88,2,231.0,46.2,C,1.848,FAIL
90,51,79,56,17,293.0,58.6,C+,2.344,FAIL
13,98,55,73,9,248.0,49.6,C,1.984,FAIL
46,11,59,75,79,270.0,54.0,C+,2.16,FAIL
9,55,67,89,41,261.0,52.2,C+,2.088,FAIL
12,53,77,13,62,217.0,43.4,C,1.736,FAIL
84,65,36,44,39,268.0,53.6,C+,2.144,PASS
24,0,26,89,20,159.0,31.8,NG,1.272,FAIL
92,27,51,83,69,322.0,64.4,B,2.576,FAIL
1,76,49,58,95,279.0,55.8,C+,2.232,FAIL
98,95,96,99,97,485.0,97.0,A+,3.88,PASS
73,90,65,1,25,254.0,50.8,C+,2.032,FAIL
3,67,3,41,94,208.0,41.6,C,1.6640000000000001,FAIL
39,3,19,60,90,211.0,42.2,C,1.6879999999999997,FAIL
49,54,77,79,99,358.0,71.6,B+,2.864,PASS
0,65,68,20,16,169.0,33.8,NG,1.352,FAIL
6,40,43,99,96,284.0,56.8,C+,2.272,FAIL
58,22,18,71,16,185.0,37.0,C,1.48,FAIL
68,97,16,99,34,314.0,62.8,B,2.512,FAIL
76,82,79,19,37,293.0,58.6,C+,2.344,FAIL
66,80,87,43,86,362.0,72.4,B+,2.8959999999999995,PASS
11,99,73,3,71,257.0,51.4,C+,2.056,FAIL
27,91,65,31,75,289.0,57.8,C+,2.312,FAIL
5,22,97,53,95,272.0,54.4,C+,2.176,FAIL
69,82,22,21,87,281.0,56.2,C+,2.248,FAIL
42,13,36,58,25,174.0,34.8,NG,1.392,FAIL
26,35,54,77,69,261.0,52.2,C+,2.088,FAIL
74,91,57,34,40,296.0,59.2,C+,2.368,FAIL
73,60,98,80,82,393.0,78.6,B+,3.144,PASS
86,55,0,98,68,307.0,61.4,B,2.456,FAIL
55,58,6,71,22,212.0,42.4,C,1.696,FAIL
34,37,9,87,28,195.0,39.0,C,1.56,FAIL
39,17,38,74,61,229.0,45.8,C,1.832,FAIL
59,57,47,65,95,323.0,64.6,B,2.5840000000000005,PASS
89,78,64,5,82,318.0,63.6,B,2.544,FAIL
73,50,39,80,64,306.0,61.2,B,2.448,PASS
78,76,2,64,7,227.0,45.4,C,1.8159999999999998,FAIL
26,94,66,66,42,294.0,58.8,C+,2.352,FAIL
59,87,73,98,8,325.0,65.0,B,2.6,FAIL
85,5,80,61,15,246.0,49.2,C,1.9680000000000002,FAIL
94,86,4,81,80,345.0,69.0,B,2.76,FAIL
81,0,17,19,60,177.0,35.4,C,1.416,FAIL
21,11,61,87,76,256.0,51.2,C+,2.048,FAIL
89,80,13,36,17,235.0,47.0,C,1.88,FAIL
64,84,61,87,0,296.0,59.2,C+,2.368,FAIL
20,26,71,10,60,187.0,37.4,C,1.496,FAIL
96,44,11,68,37,256.0,51.2,C+,2.048,FAIL
29,81,59,52,77,298.0,59.6,C+,2.384,FAIL
2,64,95,39,47,247.0,49.4,C,1.976,FAIL
37,81,26,14,35,193.0,38.6,C,1.544,FAIL
19,7,40,11,5,82.0,16.4,NG,0.6560000000000001,FAIL
2,28,52,21,42,145.0,29.0,NG,1.16,FAIL
84,56,74,91,46,351.0,70.2,B+,2.8079999999999994,PASS
81,7,40,2,93,223.0,44.6,C,1.784,FAIL
1,87,7,46,12,153.0,30.6,NG,1.224,FAIL
43,56,34,21,7,161.0,32.2,NG,1.288,FAIL
88,69,83,93,98,431.0,86.2,A,3.448,PASS
82,2,41,68,55,248.0,49.6,C,1.984,FAIL
40,44,71,73,99,327.0,65.4,B,2.616,PASS
54,88,64,13,62,281.0,56.2,C+,2.248,FAIL
90,85,41,59,86,361.0,72.2,B+,2.888,PASS
93,53,21,30,33,230.0,46.0,C,1.84,FAIL
62,51,34,97,5,249.0,49.8,C,1.992,FAIL
62,15,43,71,89,280.0,56.0,C+,2.24,FAIL
96,93,30,96,58,373.0,74.6,B+,2.984,FAIL
94,87,42,81,90,394.0,78.8,B+,3.1519999999999997,PASS
97,62,21,71,15,266.0,53.2,C+,2.128,FAIL
32,59,54,95,63,303.0,60.6,B,2.424,FAIL
87,74,41,43,62,307.0,61.4,B,2.456,PASS
16,93,5,47,37,198.0,39.6,C,1.584,FAIL
26,93,42,14,22,197.0,39.4,C,1.5759999999999998,FAIL
18,95,8,16,2,139.0,27.8,NG,1.112,FAIL
94,61,49,33,25,262.0,52.4,C+,2.096,FAIL
68,10,30,47,86,241.0,48.2,C,1.928,FAIL
83,33,5,59,10,190.0,38.0,C,1.52,FAIL
86,4,80,14,93,277.0,55.4,C+,2.216,FAIL
10,66,86,67,5,234.0,46.8,C,1.872,FAIL
75,0,84,81,76,316.0,63.2,B,2.528,FAIL
24,6,14,24,38,106.0,21.2,NG,0.848,FAIL
83,76,33,76,64,332.0,66.4,B,2.656,FAIL
73,60,82,86,23,324.0,64.8,B,2.592,FAIL
50,37,49,59,29,224.0,44.8,C,1.7920000000000003,FAIL
95,17,24,42,63,241.0,48.2,C,1.928,FAIL
91,93,25,49,32,290.0,58.0,C+,2.32,FAIL
99,90,64,38,34,325.0,65.0,B,2.6,FAIL
52,71,9,2,64,198.0,39.6,C,1.584,FAIL
90,92,52,19,74,327.0,65.4,B,2.616,FAIL
4,88,75,88,70,325.0,65.0,B,2.6,FAIL
13,14,59,55,89,230.0,46.0,C,1.84,FAIL
94,56,2,99,48,299.0,59.8,C+,2.392,FAIL
63,69,2,53,93,280.0,56.0,C+,2.24,FAIL
97,25,46,43,92,303.0,60.6,B,2.424,FAIL
12,31,79,97,99,318.0,63.6,B,2.544,FAIL
36,35,88,18,21,198.0,39.6,C,1.584,FAIL
96,97,84,98,5,380.0,76.0,B+,3.04,FAIL
29,18,31,71,30,179.0,35.8,C,1.432,FAIL
1,73,50,38,69,231.0,46.2,C,1.848,FAIL
37,24,4,42,6,113.0,22.6,NG,0.904,FAIL
85,66,77,76,31,335.0,67.0,B,2.68,FAIL
47,21,58,6,35,167.0,33.4,NG,1.3359999999999999,FAIL
90,98,75,31,93,387.0,77.4,B+,3.096,FAIL
29,19,74,51,41,214.0,42.8,C,1.712,FAIL
73,81,93,90,79,416.0,83.2,A,3.3280000000000003,PASS
91,37,97,86,47,358.0,71.6,B+,2.864,PASS
87,38,27,67,19,238.0,47.6,C,1.9039999999999997,FAIL
23,75,96,87,31,312.0,62.4,B,2.496,FAIL
12,67,94,67,88,328.0,65.6,B,2.6240000000000006,FAIL
64,30,60,35,49,238.0,47.6,C,1.9039999999999997,FAIL
84,62,21,73,81,321.0,64.2,B,2.568,FAIL
69,98,6,77,27,277.0,55.4,C+,2.216,FAIL
60,86,34,89,81,350.0,70.0,B+,2.8,FAIL
64,56,22,15,13,170.0,34.0,NG,1.36,FAIL
47,40,95,49,19,250.0,50.0,C+,2.0,FAIL
87,12,57,52,29,237.0,47.4,C,1.896,FAIL
22,57,11,77,12,179.0,35.8,C,1.432,FAIL
55,81,5,67,97,305.0,61.0,B,2.44,FAIL
7,66,57,34,57,221.0,44.2,C,1.768,FAIL
8,35,86,70,82,281.0,56.2,C+,2.248,FAIL
97,20,79,67,23,286.0,57.2,C+,2.288,FAIL
36,22,11,65,70,204.0,40.8,C,1.632,FAIL
93,42,70,72,94,371.0,74.2,B+,2.968,PASS
12,86,70,2,60,230.0,46.0,C,1.84,FAIL
52,56,12,89,40,249.0,49.8,C,1.992,FAIL
53,90,10,53,56,262.0,52.4,C+,2.096,FAIL
95,49,97,99,12,352.0,70.4,B+,2.816,FAIL
54,77,11,68,45,255.0,51.0,C+,2.04,FAIL
80,99,26,63,75,343.0,68.6,B,2.744,FAIL
93,93,42,0,42,270.0,54.0,C+,2.16,FAIL
59,3,3,0,22,87.0,17.4,NG,0.696,FAIL
48,51,11,91,3,204.0,40.8,C,1.632,FAIL
7,8,77,15,32,139.0,27.8,NG,1.112,FAIL
95,36,96,4,85,316.0,63.2,B,2.528,FAIL
90,39,95,26,2,252.0,50.4,C+,2.016,FAIL
68,80,81,35,93,357.0,71.4,B+,2.856,PASS
91,35,13,17,98,254.0,50.8,C+,2.032,FAIL
84,95,9,71,75,334.0,66.8,B,2.6719999999999997,FAIL
88,4,70,66,68,296.0,59.2,C+,2.368,FAIL
67,64,85,91,14,321.0,64.2,B,2.568,FAIL
72,24,17,99,81,293.0,58.6,C+,2.344,FAIL
46,75,27,34,25,207.0,41.4,C,1.656,FAIL
95,73,89,91,25,373.0,74.6,B+,2.984,FAIL
63,85,80,84,27,339.0,67.8,B,2.7120000000000006,FAIL
66,56,26,10,17,175.0,35.0,C,1.4,FAIL
62,20,1,56,6,145.0,29.0,NG,1.16,FAIL
62,94,48,96,65,365.0,73.0,B+,2.92,PASS
64,67,39,74,92,336.0,67.2,B,2.688,PASS
32,53,43,30,39,197.0,39.4,C,1.5759999999999998,FAIL
89,48,82,15,29,263.0,52.6,C+,2.104,FAIL
6,35,95,46,1,183.0,36.6,C,1.464,FAIL
53,97,31,30,2,213.0,42.6,C,1.704,FAIL
48,14,17,13,9,101.0,20.2,NG,0.8080000000000002,FAIL
37,62,89,30,25,243.0,48.6,C,1.944,FAIL
27,19,39,8,97,190.0,38.0,C,1.52,FAIL
53,53,81,64,60,311.0,62.2,B,2.488,PASS
77,69,41,9,77,273.0,54.6,C+,2.184,FAIL
83,59,45,58,26,271.0,54.2,C+,2.168,FAIL
10,62,91,11,10,184.0,36.8,C,1.472,FAIL
54,26,41,45,33,199.0,39.8,C,1.592,FAIL
46,21,96,46,69,278.0,55.6,C+,2.224,FAIL
49,57,37,68,89,300.0,60.0,B,2.4,PASS
54,71,49,7,73,254.0,50.8,C+,2.032,FAIL
19,75,25,8,28,155.0,31.0,NG,1.24,FAIL
77,11,45,57,47,237.0,47.4,C,1.896,FAIL
30,66,86,11,40,233.0,46.6,C,1.864,FAIL
74,26,6,94,61,261.0,52.2,C+,2.088,FAIL
95,68,4,80,23,270.0,54.0,C+,2.16,FAIL
19,69,43,38,28,197.0,39.4,C,1.5759999999999998,FAIL
47,61,3,11,9,131.0,26.2,NG,1.048,FAIL
63,81,24,47,23,238.0,47.6,C,1.9039999999999997,FAIL
52,89,79,61,88,369.0,73.8,B+,2.952,PASS
24,96,79,2,94,295.0,59.0,C+,2.36,FAIL
58,41,59,54,15,227.0,45.4,C,1.8159999999999998,FAIL
1,95,67,21,10,194.0,38.8,C,1.5520000000000003,FAIL
43,37,79,76,99,334.0,66.8,B,2.6719999999999997,PASS
44,63,16,32,34,189.0,37.8,C,1.5119999999999998,FAIL
34,62,18,2,64,180.0,36.0,C,1.44,FAIL
98,27,97,24,22,268.0,53.6,C+,2.144,FAIL
10,26,68,52,57,213.0,42.6,C,1.704,FAIL
3,58,60,96,21,238.0,47.6,C,1.9039999999999997,FAIL
17,68,11,50,95,241.0,48.2,C,1.928,FAIL
12,71,53,6,82,224.0,44.8,C,1.7920000000000003,FAIL
40,87,83,10,96,316.0,63.2,B,2.528,FAIL
86,99,14,37,17,253.0,50.6,C+,2.024,FAIL
95,45,2,69,41,252.0,50.4,C+,2.016,FAIL
2,68,41,49,59,219.0,43.8,C,1.7519999999999998,FAIL
56,26,61,5,73,221.0,44.2,C,1.768,FAIL
2,20,25,52,5,104.0,20.8,NG,0.8320000000000001,FAIL
52,2,90,68,85,297.0,59.4,C+,2.376,FAIL
69,65,85,68,8,295.0,59.0,C+,2.36,FAIL
63,72,4,73,70,282.0,56.4,C+,2.256,FAIL
98,27,66,23,44,258.0,51.6,C+,2.064,FAIL
61,72,9,9,5,156.0,31.2,NG,1.248,FAIL
72,63,78,60,81,354.0,70.8,B+,2.832,PASS
12,42,13,67,62,196.0,39.2,C,1.568,FAIL
36,4,51,47,67,205.0,41.0,C,1.64,FAIL
13,63,21,68,3,168.0,33.6,NG,1.344,FAIL
49,89,50,49,63,300.0,60.0,B,2.4,PASS
86,3,59,66,55,269.0,53.8,C+,2.152,FAIL
91,40,99,8,7,245.0,49.0,C,1.96,FAIL
88,5,49,55,57,254.0,50.8,C+,2.032,FAIL
55,32,72,78,15,252.0,50.4,C+,2.016,FAIL
54,96,87,59,74,370.0,74.0,B+,2.96,PASS
80,86,14,53,31,264.0,52.8,C+,2.112,FAIL
71,79,75,82,84,391.0,78.2,B+,3.128,PASS
63,85,83,16,80,327.0,65.4,B,2.616,FAIL
85,14,22,33,53,207.0,41.4,C,1.656,FAIL
39,17,19,91,17,183.0,36.6,C,1.464,FAIL
17,33,71,63,35,219.0,43.8,C,1.7519999999999998,FAIL
16,68,6,12,89,191.0,38.2,C,1.528,FAIL
17,26,95,99,36,273.0,54.6,C+,2.184,FAIL
1,92,43,23,60,219.0,43.8,C,1.7519999999999998,FAIL
85,83,77,26,44,315.0,63.0,B,2.52,FAIL
2,5,81,23,17,128.0,25.6,NG,1.024,FAIL
86,68,34,85,54,327.0,65.4,B,2.616,FAIL
10,14,23,62,18,127.0,25.4,NG,1.016,FAIL
24,48,60,84,55,271.0,54.2,C+,2.168,FAIL
95,41,29,21,48,234.0,46.8,C,1.872,FAIL
16,70,74,16,5,181.0,36.2,C,1.4479999999999997,FAIL
79,69,83,16,45,292.0,58.4,C+,2.336,FAIL
8,15,24,36,59,142.0,28.4,NG,1.136,FAIL
30,98,30,56,47,261.0,52.2,C+,2.088,FAIL
80,50,42,42,8,222.0,44.4,C,1.776,FAIL
54,17,52,40,86,249.0,49.8,C,1.992,FAIL
68,98,53,30,31,280.0,56.0,C+,2.24,FAIL
96,79,53,6,27,261.0,52.2,C+,2.088,FAIL
18,63,97,97,38,313.0,62.6,B,2.504,FAIL
38,99,31,2,48,218.0,43.6,C,1.744,FAIL
86,97,37,40,25,285.0,57.0,C+,2.28,FAIL
73,2,88,47,66,276.0,55.2,C+,2.208,FAIL
62,17,96,43,37,255.0,51.0,C+,2.04,FAIL
78,95,3,8,11,195.0,39.0,C,1.56,FAIL
67,48,42,17,50,224.0,44.8,C,1.7920000000000003,FAIL
2,74,50,12,17,155.0,31.0,NG,1.24,FAIL
66,47,38,76,11,238.0,47.6,C,1.9039999999999997,FAIL
87,45,88,56,32,308.0,61.6,B,2.464,FAIL
47,81,4,62,30,224.0,44.8,C,1.7920000000000003,FAIL
2,87,57,44,6,196.0,39.2,C,1.568,FAIL
21,42,62,41,13,179.0,35.8,C,1.432,FAIL
43,31,15,10,40,139.0,27.8,NG,1.112,FAIL
37,18,65,78,12,210.0,42.0,C,1.68,FAIL
64,21,67,25,14,191.0,38.2,C,1.528,FAIL
48,70,68,25,65,276.0,55.2,C+,2.208,FAIL
7,23,9,1,95,135.0,27.0,NG,1.08,FAIL
77,56,24,61,36,254.0,50.8,C+,2.032,FAIL
12,34,21,97,85,249.0,49.8,C,1.992,FAIL
56,95,70,40,71,332.0,66.4,B,2.656,PASS
71,74,16,31,50,242.0,48.4,C,1.936,FAIL
86,93,83,27,74,363.0,72.6,B+,2.904,FAIL
60,97,70,39,2,268.0,53.6,C+,2.144,FAIL
72,83,80,71,58,364.0,72.8,B+,2.912,PASS
97,86,68,8,66,325.0,65.0,B,2.6,FAIL
92,44,81,34,75,326.0,65.2,B,2.608,FAIL
6,96,60,46,90,298.0,59.6,C+,2.384,FAIL
99,0,81,66,73,319.0,63.8,B,2.552,FAIL
73,8,76,43,49,249.0,49.8,C,1.992,FAIL
54,82,42,26,86,290.0,58.0,C+,2.32,FAIL
66,23,35,65,2,191.0,38.2,C,1.528,FAIL
89,81,51,23,10,254.0,50.8,C+,2.032,FAIL
75,9,87,64,34,269.0,53.8,C+,2.152,FAIL
53,23,90,65,64,295.0,59.0,C+,2.36,FAIL
46,4,85,57,21,213.0,42.6,C,1.704,FAIL
8,88,72,95,74,337.0,67.4,B,2.696,FAIL
7,88,45,28,8,176.0,35.2,C,1.408,FAIL
13,72,35,56,78,254.0,50.8,C+,2.032,FAIL
39,12,70,67,86,274.0,54.8,C+,2.192,FAIL
34,11,89,36,66,236.0,47.2,C,1.888,FAIL
71,79,26,36,73,285.0,57.0,C+,2.28,FAIL
55,92,2,1,99,249.0,49.8,C,1.992,FAIL
85,43,81,10,83,302.0,60.4,B,2.416,FAIL
53,4,10,9,23,99.0,19.8,NG,0.792,FAIL
86,11,4,32,54,187.0,37.4,C,1.496,FAIL
56,65,85,44,99,349.0,69.8,B,2.792,PASS
70,66,99,64,12,311.0,62.2,B,2.488,FAIL
31,70,1,48,90,240.0,48.0,C,1.92,FAIL
31,19,91,82,67,290.0,58.0,C+,2.32,FAIL
7,13,73,38,11,142.0,28.4,NG,1.136,FAIL
59,93,25,31,91,299.0,59.8,C+,2.392,FAIL
99,72,87,48,31,337.0,67.4,B,2.696,FAIL
7,49,81,53,93,283.0,56.6,C+,2.264,FAIL
10,10,8,3,68,99.0,19.8,NG,0.792,FAIL
11,47,31,53,54,196.0,39.2,C,1.568,FAIL
54,40,32,94,99,319.0,63.8,B,2.552,FAIL
52,88,63,77,64,344.0,68.8,B,2.752,PASS
51,40,48,42,72,253.0,50.6,C+,2.024,PASS
55,66,72,21,19,233.0,46.6,C,1.864,FAIL
85,99,77,57,11,329.0,65.8,B,2.6319999999999997,FAIL
81,91,71,31,66,340.0,68.0,B,2.72,FAIL
79,75,47,9,52,262.0,52.4,C+,2.096,FAIL
36,54,4,94,21,209.0,41.8,C,1.672,FAIL
30,61,47,95,4,237.0,47.4,C,1.896,FAIL
78,10,94,81,29,292.0,58.4,C+,2.336,FAIL
92,62,73,63,97,387.0,77.4,B+,3.096,PASS
42,51,74,40,17,224.0,44.8,C,1.7920000000000003,FAIL
61,56,88,69,66,340.0,68.0,B,2.72,PASS
7,97,44,59,61,268.0,53.6,C+,2.144,FAIL
6,53,2,37,88,186.0,37.2,C,1.4880000000000002,FAIL
89,27,66,54,51,287.0,57.4,C+,2.296,FAIL
87,33,5,3,61,189.0,37.8,C,1.5119999999999998,FAIL
3,40,93,12,92,240.0,48.0,C,1.92,FAIL
30,93,90,66,70,349.0,69.8,B,2.792,FAIL
33,94,82,4,69,282.0,56.4,C+,2.256,FAIL
18,62,77,6,75,238.0,47.6,C,1.9039999999999997,FAIL
10,51,90,23,18,192.0,38.4,C,1.536,FAIL
80,94,12,84,79,349.0,69.8,B,2.792,FAIL
60,53,19,32,69,233.0,46.6,C,1.864,FAIL
92,60,36,68,68,324.0,64.8,B,2.592,PASS
18,20,83,87,42,250.0,50.0,C+,2.0,FAIL
40,40,49,5,6,140.0,28.0,NG,1.12,FAIL
99,40,96,35,96,366.0,73.2,B+,2.928,PASS
95,6,71,27,46,245.0,49.0,C,1.96,FAIL
14,21,50,38,96,219.0,43.8,C,1.7519999999999998,FAIL
89,69,36,91,76,361.0,72.2,B+,2.888,PASS
26,89,24,53,3,195.0,39.0,C,1.56,FAIL
31,8,86,11,72,208.0,41.6,C,1.6640000000000001,FAIL
97,15,20,90,98,320.0,64.0,B,2.56,FAIL
84,94,10,67,13,268.0,53.6,C+,2.144,FAIL
76,1,96,17,15,205.0,41.0,C,1.64,FAIL
6,87,81,57,63,294.0,58.8,C+,2.352,FAIL
23,60,36,22,61,202.0,40.4,C,1.6160000000000003,FAIL
3,92,79,0,62,236.0,47.2,C,1.888,FAIL
11,80,93,45,85,314.0,62.8,B,2.512,FAIL
42,93,84,11,84,314.0,62.8,B,2.512,FAIL
14,84,29,79,95,301.0,60.2,B,2.408,FAIL
13,92,71,73,4,253.0,50.6,C+,2.024,FAIL
80,11,34,48,80,253.0,50.6,C+,2.024,FAIL
88,28,91,85,95,387.0,77.4,B+,3.096,FAIL
88,41,63,33,57,282.0,56.4,C+,2.256,FAIL
61,71,98,73,74,377.0,75.4,B+,3.016,PASS
65,45,56,16,28,210.0,42.0,C,1.68,FAIL
77,47,35,60,64,283.0,56.6,C+,2.264,PASS
21,64,29,51,62,227.0,45.4,C,1.8159999999999998,FAIL
79,36,36,22,20,193.0,38.6,C,1.544,FAIL
6,53,53,67,81,260.0,52.0,C+,2.08,FAIL
90,14,34,18,8,164.0,32.8,NG,1.3120000000000003,FAIL
92,13,74,20,73,272.0,54.4,C+,2.176,FAIL
35,94,84,45,2,260.0,52.0,C+,2.08,FAIL
35,68,56,11,3,173.0,34.6,NG,1.3839999999999997,FAIL
61,33,33,89,11,227.0,45.4,C,1.8159999999999998,FAIL
19,0,40,61,80,200.0,40.0,C,1.6,FAIL
76,67,47,25,16,231.0,46.2,C,1.848,FAIL
82,0,97,19,12,210.0,42.0,C,1.68,FAIL
36,63,1,53,65,218.0,43.6,C,1.744,FAIL
98,82,81,7,26,294.0,58.8,C+,2.352,FAIL
5,34,61,52,30,182.0,36.4,C,1.456,FAIL
65,19,7,56,99,246.0,49.2,C,1.9680000000000002,FAIL
55,79,92,24,65,315.0,63.0,B,2.52,FAIL
6,7,64,2,75,154.0,30.8,NG,1.232,FAIL
84,11,51,33,34,213.0,42.6,C,1.704,FAIL
75,65,38,40,76,294.0,58.8,C+,2.352,PASS
98,60,12,31,64,265.0,53.0,C+,2.12,FAIL
86,17,73,9,54,239.0,47.8,C,1.912,FAIL
88,99,56,34,41,318.0,63.6,B,2.544,FAIL
17,95,19,64,39,234.0,46.8,C,1.872,FAIL
53,75,8,88,63,287.0,57.4,C+,2.296,FAIL
80,84,6,30,40,240.0,48.0,C,1.92,FAIL
1,89,6,97,14,207.0,41.4,C,1.656,FAIL
67,61,63,17,24,232.0,46.4,C,1.8560000000000003,FAIL
23,23,88,69,56,259.0,51.8,C+,2.072,FAIL
86,16,77,9,15,203.0,40.6,C,1.624,FAIL
54,3,58,95,29,239.0,47.8,C,1.912,FAIL
62,90,35,4,17,208.0,41.6,C,1.6640000000000001,FAIL
43,48,34,44,31,200.0,40.0,C,1.6,FAIL
2,9,47,88,24,170.0,34.0,NG,1.36,FAIL
89,11,57,4,22,183.0,36.6,C,1.464,FAIL
53,36,46,17,81,233.0,46.6,C,1.864,FAIL
70,42,47,63,19,241.0,48.2,C,1.928,FAIL
19,96,16,70,40,241.0,48.2,C,1.928,FAIL
46,1,24,7,57,135.0,27.0,NG,1.08,FAIL
10,15,42,66,43,176.0,35.2,C,1.408,FAIL
87,67,50,36,44,284.0,56.8,C+,2.272,PASS
13,95,37,96,80,321.0,64.2,B,2.568,FAIL
63,76,40,82,87,348.0,69.6,B,2.784,PASS
75,65,90,52,76,358.0,71.6,B+,2.864,PASS
40,43,54,71,86,294.0,58.8,C+,2.352,PASS
45,18,53,83,75,274.0,54.8,C+,2.192,FAIL
4,75,82,93,9,263.0,52.6,C+,2.104,FAIL
46,8,95,82,73,304.0,60.8,B,2.432,FAIL
19,76,19,17,12,143.0,28.6,NG,1.144,FAIL
96,34,12,1,46,189.0,37.8,C,1.5119999999999998,FAIL
0,44,28,15,6,93.0,18.6,NG,0.7440000000000001,FAIL
82,43,23,80,51,279.0,55.8,C+,2.232,FAIL
24,87,95,10,96,312.0,62.4,B,2.496,FAIL
24,85,97,69,46,321.0,64.2,B,2.568,FAIL
34,2,74,57,22,189.0,37.8,C,1.5119999999999998,FAIL
11,85,78,32,84,290.0,58.0,C+,2.32,FAIL
2,63,3,63,51,182.0,36.4,C,1.456,FAIL
67,30,50,87,97,331.0,66.2,B,2.648,FAIL
61,74,98,10,40,283.0,56.6,C+,2.264,FAIL
22,86,41,43,57,249.0,49.8,C,1.992,FAIL
81,22,60,46,17,226.0,45.2,C,1.808,FAIL
52,57,48,11,53,221.0,44.2,C,1.768,FAIL
57,46,99,74,16,292.0,58.4,C+,2.336,FAIL
9,74,16,30,58,187.0,37.4,C,1.496,FAIL
91,48,8,45,75,267.0,53.4,C+,2.136,FAIL
28,42,35,67,75,247.0,49.4,C,1.976,FAIL
40,63,92,28,93,316.0,63.2,B,2.528,FAIL
30,36,55,93,77,291.0,58.2,C+,2.328,FAIL
16,49,94,76,11,246.0,49.2,C,1.9680000000000002,FAIL
73,61,59,53,4,250.0,50.0,C+,2.0,FAIL
14,42,75,98,80,309.0,61.8,B,2.472,FAIL
14,76,55,86,23,254.0,50.8,C+,2.032,FAIL
24,68,0,71,31,194.0,38.8,C,1.5520000000000003,FAIL
54,97,54,55,62,322.0,64.4,B,2.576,PASS
84,55,2,85,45,271.0,54.2,C+,2.168,FAIL
86,87,22,11,99,305.0,61.0,B,2.44,FAIL
91,78,70,78,71,388.0,77.6,B+,3.1040000000000005,PASS
14,99,24,44,25,206.0,41.2,C,1.648,FAIL
83,46,74,47,77,327.0,65.4,B,2.616,PASS
91,95,21,96,26,329.0,65.8,B,2.6319999999999997,FAIL
4,17,72,61,53,207.0,41.4,C,1.656,FAIL
47,2,85,11,13,158.0,31.6,NG,1.264,FAIL
19,51,90,75,17,252.0,50.4,C+,2.016,FAIL
31,26,71,86,69,283.0,56.6,C+,2.264,FAIL
23,69,94,93,28,307.0,61.4,B,2.456,FAIL
2,62,39,15,92,210.0,42.0,C,1.68,FAIL
89,75,45,39,69,317.0,63.4,B,2.536,PASS
3,6,4,66,28,107.0,21.4,NG,0.856,FAIL
61,32,76,88,64,321.0,64.2,B,2.568,FAIL
54,49,48,52,74,277.0,55.4,C+,2.216,PASS
63,17,35,32,57,204.0,40.8,C,1.632,FAIL
89,63,29,72,4,257.0,51.4,C+,2.056,FAIL
33,59,76,61,59,288.0,57.6,C+,2.304,FAIL
42,49,14,90,82,277.0,55.4,C+,2.216,FAIL
64,98,41,25,28,256.0,51.2,C+,2.048,FAIL
27,63,70,29,90,279.0,55.8,C+,2.232,FAIL
85,55,83,3,52,278.0,55.6,C+,2.224,FAIL
62,66,89,67,89,373.0,74.6,B+,2.984,PASS
38,67,9,78,8,200.0,40.0,C,1.6,FAIL
68,35,42,33,72,250.0,50.0,C+,2.0,FAIL
0,94,87,90,76,347.0,69.4,B,2.776,FAIL
30,82,29,27,7,175.0,35.0,C,1.4,FAIL
55,72,9,13,3,152.0,30.4,NG,1.216,FAIL
35,36,58,15,16,160.0,32.0,NG,1.28,FAIL
20,17,58,89,43,227.0,45.4,C,1.8159999999999998,FAIL
96,45,65,0,91,297.0,59.4,C+,2.376,FAIL
49,70,6,82,27,234.0,46.8,C,1.872,FAIL
45,2,0,87,92,226.0,45.2,C,1.808,FAIL
45,35,23,66,33,202.0,40.4,C,1.6160000000000003,FAIL
89,21,0,83,26,219.0,43.8,C,1.7519999999999998,FAIL
77,61,91,92,51,372.0,74.4,B+,2.9760000000000004,PASS
5,39,83,25,69,221.0,44.2,C,1.768,FAIL
60,45,94,1,83,283.0,56.6,C+,2.264,FAIL
63,26,69,79,61,298.0,59.6,C+,2.384,FAIL
39,14,59,8,33,153.0,30.6,NG,1.224,FAIL
95,67,34,51,80,327.0,65.4,B,2.616,FAIL
46,0,10,3,92,151.0,30.2,NG,1.208,FAIL
31,88,65,72,3,259.0,51.8,C+,2.072,FAIL
25,11,88,29,42,195.0,39.0,C,1.56,FAIL
67,26,30,42,41,206.0,41.2,C,1.648,FAIL
71,85,72,52,37,317.0,63.4,B,2.536,PASS
76,12,86,95,95,364.0,72.8,B+,2.912,FAIL
32,4,75,36,76,223.0,44.6,C,1.784,FAIL
89,15,5,80,46,235.0,47.0,C,1.88,FAIL
21,98,81,24,78,302.0,60.4,B,2.416,FAIL
12,70,38,74,12,206.0,41.2,C,1.648,FAIL
44,98,68,92,14,316.0,63.2,B,2.528,FAIL
77,95,21,86,49,328.0,65.6,B,2.6240000000000006,FAIL
78,99,4,60,3,244.0,48.8,C,1.952,FAIL
93,45,50,9,67,264.0,52.8,C+,2.112,FAIL
47,45,98,2,28,220.0,44.0,C,1.76,FAIL
2,94,21,43,30,190.0,38.0,C,1.52,FAIL
11,74,55,47,94,281.0,56.2,C+,2.248,FAIL
11,78,80,41,44,254.0,50.8,C+,2.032,FAIL
47,89,65,94,92,387.0,77.4,B+,3.096,PASS
76,60,49,19,69,273.0,54.6,C+,2.184,FAIL
25,98,96,74,63,356.0,71.2,B+,2.8480000000000003,FAIL
40,67,97,91,43,338.0,67.6,B,2.704,PASS
44,87,98,63,73,365.0,73.0,B+,2.92,PASS
14,5,11,48,92,170.0,34.0,NG,1.36,FAIL
70,7,47,0,95,219.0,43.8,C,1.7519999999999998,FAIL
4,84,47,67,98,300.0,60.0,B,2.4,FAIL
44,56,79,34,69,282.0,56.4,C+,2.256,FAIL
92,67,17,57,54,287.0,57.4,C+,2.296,FAIL
0,16,33,27,61,137.0,27.4,NG,1.096,FAIL
82,1,24,17,35,159.0,31.8,NG,1.272,FAIL
83,62,10,21,20,196.0,39.2,C,1.568,FAIL
63,32,40,90,31,256.0,51.2,C+,2.048,FAIL
16,10,21,13,99,159.0,31.8,NG,1.272,FAIL
4,55,93,50,7,209.0,41.8,C,1.672,FAIL
91,60,74,21,35,281.0,56.2,C+,2.248,FAIL
82,2,84,52,9,229.0,45.8,C,1.832,FAIL
73,11,1,45,76,206.0,41.2,C,1.648,FAIL
56,95,46,67,54,318.0,63.6,B,2.544,PASS
41,30,23,98,33,225.0,45.0,C,1.8,FAIL
90,34,55,48,13,240.0,48.0,C,1.92,FAIL
56,76,86,75,14,307.0,61.4,B,2.456,FAIL
86,99,0,3,11,199.0,39.8,C,1.592,FAIL
92,2,54,75,87,310.0,62.0,B,2.48,FAIL
96,81,19,95,74,365.0,73.0,B+,2.92,FAIL
62,5,89,4,78,238.0,47.6,C,1.9039999999999997,FAIL
87,21,55,6,65,234.0,46.8,C,1.872,FAIL
68,79,20,52,90,309.0,61.8,B,2.472,FAIL
5,60,67,41,9,182.0,36.4,C,1.456,FAIL
3,41,15,70,19,148.0,29.6,NG,1.184,FAIL
11,69,28,65,46,219.0,43.8,C,1.7519999999999998,FAIL
0,59,11,22,82,174.0,34.8,NG,1.392,FAIL
80,69,19,61,64,293.0,58.6,C+,2.344,FAIL
56,63,50,32,17,218.0,43.6,C,1.744,FAIL
90,77,18,89,2,276.0,55.2,C+,2.208,FAIL
47,23,17,4,57,148.0,29.6,NG,1.184,FAIL
8,13,45,98,4,168.0,33.6,NG,1.344,FAIL
64,42,0,62,6,174.0,34.8,NG,1.392,FAIL
11,84,84,68,35,282.0,56.4,C+,2.256,FAIL
66,90,45,44,85,330.0,66.0,B,2.64,PASS
87,10,10,53,19,179.0,35.8,C,1.432,FAIL
38,79,44,44,86,291.0,58.2,C+,2.328,PASS
36,79,74,81,75,345.0,69.0,B,2.76,PASS
18,26,8,27,8,87.0,17.4,NG,0.696,FAIL
7,56,36,23,57,179.0,35.8,C,1.432,FAIL
32,44,97,60,35,268.0,53.6,C+,2.144,FAIL
92,71,57,30,5,255.0,51.0,C+,2.04,FAIL
72,97,45,92,83,389.0,77.8,B+,3.112,PASS
68,58,62,59,14,261.0,52.2,C+,2.088,FAIL
92,67,57,34,73,323.0,64.6,B,2.5840000000000005,FAIL
38,18,81,61,71,269.0,53.8,C+,2.152,FAIL
77,46,84,5,81,293.0,58.6,C+,2.344,FAIL
80,35,94,81,27,317.0,63.4,B,2.536,FAIL
96,85,9,40,67,297.0,59.4,C+,2.376,FAIL
95,15,64,57,50,281.0,56.2,C+,2.248,FAIL
97,91,39,48,31,306.0,61.2,B,2.448,FAIL
28,41,14,28,86,197.0,39.4,C,1.5759999999999998,FAIL
63,6,45,72,97,283.0,56.6,C+,2.264,FAIL
66,18,59,17,91,251.0,50.2,C+,2.008,FAIL
99,83,4,71,50,307.0,61.4,B,2.456,FAIL
80,75,91,26,46,318.0,63.6,B,2.544,FAIL
53,69,25,18,84,249.0,49.8,C,1.992,FAIL
75,42,54,57,96,324.0,64.8,B,2.592,PASS
31,87,77,99,64,358.0,71.6,B+,2.864,FAIL
34,86,15,65,90,290.0,58.0,C+,2.32,FAIL
99,57,89,1,35,281.0,56.2,C+,2.248,FAIL
25,69,27,94,14,229.0,45.8,C,1.832,FAIL
2,36,59,28,52,177.0,35.4,C,1.416,FAIL
5,60,77,70,86,298.0,59.6,C+,2.384,FAIL
2,1,27,76,26,132.0,26.4,NG,1.056,FAIL
27,75,3,52,55,212.0,42.4,C,1.696,FAIL
76,69,52,26,31,254.0,50.8,C+,2.032,FAIL
26,32,75,51,25,209.0,41.8,C,1.672,FAIL
47,10,49,73,59,238.0,47.6,C,1.9039999999999997,FAIL
43,68,66,88,65,330.0,66.0,B,2.64,PASS
69,30,53,84,63,299.0,59.8,C+,2.392,FAIL
86,73,31,65,13,268.0,53.6,C+,2.144,FAIL
41,62,20,79,11,213.0,42.6,C,1.704,FAIL
3,11,9,11,42,76.0,15.2,NG,0.608,FAIL
9,53,75,27,69,233.0,46.6,C,1.864,FAIL
10,49,24,90,7,180.0,36.0,C,1.44,FAIL
61,31,50,94,78,314.0,62.8,B,2.512,FAIL
10,3,70,29,5,117.0,23.4,NG,0.936,FAIL
60,45,73,69,36,283.0,56.6,C+,2.264,PASS
66,92,1,72,84,315.0,63.0,B,2.52,FAIL
16,38,83,76,29,242.0,48.4,C,1.936,FAIL
72,16,35,23,43,189.0,37.8,C,1.5119999999999998,FAIL
30,76,15,74,55,250.0,50.0,C+,2.0,FAIL
22,62,3,88,17,192.0,38.4,C,1.536,FAIL
4,26,1,41,43,115.0,23.0,NG,0.92,FAIL
6,72,88,79,40,285.0,57.0,C+,2.28,FAIL
17,96,90,82,66,351.0,70.2,B+,2.8079999999999994,FAIL
19,27,16,2,25,89.0,17.8,NG,0.7120000000000001,FAIL
53,64,7,63,40,227.0,45.4,C,1.8159999999999998,FAIL
51,75,11,28,53,218.0,43.6,C,1.744,FAIL
84,96,42,56,26,304.0,60.8,B,2.432,FAIL
5,83,6,13,70,177.0,35.4,C,1.416,FAIL
75,60,4,62,26,227.0,45.4,C,1.8159999999999998,FAIL
85,47,19,62,41,254.0,50.8,C+,2.032,FAIL
39,60,53,55,74,281.0,56.2,C+,2.248,PASS
3,99,89,68,84,343.0,68.6,B,2.744,FAIL
72,7,91,17,74,261.0,52.2,C+,2.088,FAIL
57,50,72,54,62,295.0,59.0,C+,2.36,PASS
19,97,19,45,42,222.0,44.4,C,1.776,FAIL
2,45,60,56,82,245.0,49.0,C,1.96,FAIL
27,95,23,8,64,217.0,43.4,C,1.736,FAIL
13,11,59,50,43,176.0,35.2,C,1.408,FAIL
65,36,42,90,9,242.0,48.4,C,1.936,FAIL
55,88,96,36,88,363.0,72.6,B+,2.904,PASS
63,49,0,1,26,139.0,27.8,NG,1.112,FAIL
3,7,90,63,49,212.0,42.4,C,1.696,FAIL
56,56,86,91,90,379.0,75.8,B+,3.032,PASS
50,32,68,29,21,200.0,40.0,C,1.6,FAIL
92,90,81,13,48,324.0,64.8,B,2.592,FAIL
60,92,25,95,90,362.0,72.4,B+,2.8959999999999995,FAIL
13,85,61,37,34,230.0,46.0,C,1.84,FAIL
20,44,79,54,94,291.0,58.2,C+,2.328,FAIL
4,32,19,4,25,84.0,16.8,NG,0.672,FAIL
94,21,85,69,72,341.0,68.2,B,2.728,FAIL
69,45,34,50,99,297.0,59.4,C+,2.376,FAIL
6,69,33,39,18,165.0,33.0,NG,1.32,FAIL
89,75,51,8,44,267.0,53.4,C+,2.136,FAIL
57,21,94,40,26,238.0,47.6,C,1.9039999999999997,FAIL
2,69,6,24,90,191.0,38.2,C,1.528,FAIL
49,36,71,83,8,247.0,49.4,C,1.976,FAIL
20,20,67,51,78,236.0,47.2,C,1.888,FAIL
40,94,46,98,93,371.0,74.2,B+,2.968,PASS
74,16,92,40,70,292.0,58.4,C+,2.336,FAIL
67,86,52,50,47,302.0,60.4,B,2.416,PASS
6,72,36,58,66,238.0,47.6,C,1.9039999999999997,FAIL
49,73,90,1,67,280.0,56.0,C+,2.24,FAIL
70,96,62,54,56,338.0,67.6,B,2.704,PASS
83,93,38,88,78,380.0,76.0,B+,3.04,PASS
60,62,5,36,61,224.0,44.8,C,1.7920000000000003,FAIL
29,40,55,19,63,206.0,41.2,C,1.648,FAIL
71,17,28,8,94,218.0,43.6,C,1.744,FAIL
85,55,39,73,83,335.0,67.0,B,2.68,PASS
26,26,50,60,22,184.0,36.8,C,1.472,FAIL
47,48,96,78,51,320.0,64.0,B,2.56,PASS
50,78,60,4,33,225.0,45.0,C,1.8,FAIL
78,63,98,72,50,361.0,72.2,B+,2.888,PASS
96,74,48,49,31,298.0,59.6,C+,2.384,FAIL
6,34,33,79,81,233.0,46.6,C,1.864,FAIL
75,81,1,86,85,328.0,65.6,B,2.6240000000000006,FAIL
71,78,76,93,69,387.0,77.4,B+,3.096,PASS
1,26,7,41,58,133.0,26.6,NG,1.064,FAIL
26,94,32,89,59,300.0,60.0,B,2.4,FAIL
20,5,70,6,40,141.0,28.2,NG,1.128,FAIL
82,71,92,83,38,366.0,73.2,B+,2.928,PASS
6,87,46,19,66,224.0,44.8,C,1.7920000000000003,FAIL
94,16,4,32,60,206.0,41.2,C,1.648,FAIL
61,47,65,35,61,269.0,53.8,C+,2.152,PASS
57,29,9,50,85,230.0,46.0,C,1.84,FAIL
89,70,48,19,69,295.0,59.0,C+,2.36,FAIL
91,58,17,84,91,341.0,68.2,B,2.728,FAIL
29,1,88,68,18,204.0,40.8,C,1.632,FAIL
50,5,12,66,37,170.0,34.0,NG,1.36,FAIL
88,80,49,15,19,251.0,50.2,C+,2.008,FAIL
89,51,64,9,45,258.0,51.6,C+,2.064,FAIL
68,63,69,41,38,279.0,55.8,C+,2.232,PASS
79,57,86,31,66,319.0,63.8,B,2.552,FAIL
8,60,13,0,32,113.0,22.6,NG,0.904,FAIL
87,15,0,52,50,204.0,40.8,C,1.632,FAIL
63,65,43,77,3,251.0,50.2,C+,2.008,FAIL
73,36,20,54,88,271.0,54.2,C+,2.168,FAIL
74,52,81,76,92,375.0,75.0,B+,3.0,PASS
19,51,56,93,71,290.0,58.0,C+,2.32,FAIL
95,49,5,55,0,204.0,40.8,C,1.632,FAIL
94,23,68,32,42,259.0,51.8,C+,2.072,FAIL
30,37,64,64,93,288.0,57.6,C+,2.304,FAIL
36,92,9,34,46,217.0,43.4,C,1.736,FAIL
34,55,69,80,44,282.0,56.4,C+,2.256,FAIL
16,86,4,12,71,189.0,37.8,C,1.5119999999999998,FAIL
3,43,25,30,16,117.0,23.4,NG,0.936,FAIL
86,50,57,99,45,337.0,67.4,B,2.696,PASS
95,44,68,14,64,285.0,57.0,C+,2.28,FAIL
43,9,12,0,77,141.0,28.2,NG,1.128,FAIL
19,64,24,64,8,179.0,35.8,C,1.432,FAIL
95,84,17,62,57,315.0,63.0,B,2.52,FAIL
53,77,1,36,84,251.0,50.2,C+,2.008,FAIL
73,23,93,47,66,302.0,60.4,B,2.416,FAIL
36,87,73,88,24,308.0,61.6,B,2.464,FAIL
87,28,31,44,62,252.0,50.4,C+,2.016,FAIL
26,75,3,41,18,163.0,32.6,NG,1.304,FAIL
37,37,78,15,0,167.0,33.4,NG,1.3359999999999999,FAIL
75,84,79,88,45,371.0,74.2,B+,2.968,PASS
33,87,42,20,31,213.0,42.6,C,1.704,FAIL
20,33,63,79,24,219.0,43.8,C,1.7519999999999998,FAIL
5,15,71,50,9,150.0,30.0,NG,1.2,FAIL
60,60,8,79,9,216.0,43.2,C,1.7280000000000002,FAIL
35,78,38,2,74,227.0,45.4,C,1.8159999999999998,FAIL
15,16,48,43,7,129.0,25.8,NG,1.032,FAIL
23,56,9,69,51,208.0,41.6,C,1.6640000000000001,FAIL
22,88,51,97,9,267.0,53.4,C+,2.136,FAIL
68,2,53,94,44,261.0,52.2,C+,2.088,FAIL
14,88,10,40,10,162.0,32.4,NG,1.296,FAIL
70,71,91,5,72,309.0,61.8,B,2.472,FAIL
45,56,77,65,86,329.0,65.8,B,2.6319999999999997,PASS
51,9,59,48,39,206.0,41.2,C,1.648,FAIL
55,96,4,90,37,282.0,56.4,C+,2.256,FAIL
51,96,52,76,40,315.0,63.0,B,2.52,PASS
36,23,53,59,35,206.0,41.2,C,1.648,FAIL
56,1,11,18,19,105.0,21.0,NG,0.84,FAIL
22,61,33,35,76,227.0,45.4,C,1.8159999999999998,FAIL
33,84,5,75,55,252.0,50.4,C+,2.016,FAIL
49,28,34,63,71,245.0,49.0,C,1.96,FAIL
51,60,25,19,5,160.0,32.0,NG,1.28,FAIL
26,83,99,17,84,309.0,61.8,B,2.472,FAIL
75,18,49,52,65,259.0,51.8,C+,2.072,FAIL
54,17,13,36,33,153.0,30.6,NG,1.224,FAIL
57,54,91,15,0,217.0,43.4,C,1.736,FAIL
57,12,45,52,41,207.0,41.4,C,1.656,FAIL
41,65,64,90,74,334.0,66.8,B,2.6719999999999997,PASS
26,13,74,57,71,241.0,48.2,C,1.928,FAIL
49,48,73,5,90,265.0,53.0,C+,2.12,FAIL
13,2,1,32,57,105.0,21.0,NG,0.84,FAIL
61,5,31,7,71,175.0,35.0,C,1.4,FAIL
83,85,19,70,80,337.0,67.4,B,2.696,FAIL
59,31,83,76,68,317.0,63.4,B,2.536,FAIL
93,93,3,32,54,275.0,55.0,C+,2.2,FAIL
26,41,81,75,95,318.0,63.6,B,2.544,FAIL
23,92,7,20,28,170.0,34.0,NG,1.36,FAIL
9,45,11,70,25,160.0,32.0,NG,1.28,FAIL
58,43,16,65,93,275.0,55.0,C+,2.2,FAIL
42,59,13,65,6,185.0,37.0,C,1.48,FAIL
4,34,25,23,53,139.0,27.8,NG,1.112,FAIL
10,2,83,56,48,199.0,39.8,C,1.592,FAIL
88,65,97,21,78,349.0,69.8,B,2.792,FAIL
13,46,93,90,62,304.0,60.8,B,2.432,FAIL
12,27,7,7,73,126.0,25.2,NG,1.008,FAIL
51,39,89,69,46,294.0,58.8,C+,2.352,PASS
15,10,29,41,62,157.0,31.4,NG,1.256,FAIL
70,36,86,30,7,229.0,45.8,C,1.832,FAIL
5,88,81,39,38,251.0,50.2,C+,2.008,FAIL
55,36,18,53,61,223.0,44.6,C,1.784,FAIL
36,57,13,47,16,169.0,33.8,NG,1.352,FAIL
96,46,15,17,18,192.0,38.4,C,1.536,FAIL
65,97,54,15,85,316.0,63.2,B,2.528,FAIL
48,28,26,65,74,241.0,48.2,C,1.928,FAIL
79,90,96,91,98,454.0,90.8,A+,3.6319999999999997,PASS
42,8,87,55,33,225.0,45.0,C,1.8,FAIL
19,2,88,3,28,140.0,28.0,NG,1.12,FAIL
30,43,8,8,33,122.0,24.4,NG,0.976,FAIL
67,68,26,5,97,263.0,52.6,C+,2.104,FAIL
18,36,80,36,56,226.0,45.2,C,1.808,FAIL
61,30,31,76,89,287.0,57.4,C+,2.296,FAIL
62,82,39,75,1,259.0,51.8,C+,2.072,FAIL
74,40,97,25,37,273.0,54.6,C+,2.184,FAIL
66,1,51,42,81,241.0,48.2,C,1.928,FAIL
41,18,24,18,45,146.0,29.2,NG,1.168,FAIL
46,46,53,40,37,222.0,44.4,C,1.776,PASS
22,33,10,82,73,220.0,44.0,C,1.76,FAIL
13,20,88,18,32,171.0,34.2,NG,1.368,FAIL
74,48,44,13,60,239.0,47.8,C,1.912,FAIL
65,31,41,8,49,194.0,38.8,C,1.5520000000000003,FAIL
59,10,61,36,21,187.0,37.4,C,1.496,FAIL
7,76,74,24,14,195.0,39.0,C,1.56,FAIL
46,40,60,54,7,207.0,41.4,C,1.656,FAIL
61,68,23,39,88,279.0,55.8,C+,2.232,FAIL
29,75,2,49,48,203.0,40.6,C,1.624,FAIL
75,71,60,98,16,320.0,64.0,B,2.56,FAIL
15,88,70,5,89,267.0,53.4,C+,2.136,FAIL
33,73,0,82,31,219.0,43.8,C,1.7519999999999998,FAIL
52,71,38,39,32,232.0,46.4,C,1.8560000000000003,FAIL
22,97,45,98,31,293.0,58.6,C+,2.344,FAIL
51,73,26,9,36,195.0,39.0,C,1.56,FAIL
80,38,15,11,87,231.0,46.2,C,1.848,FAIL
85,67,37,28,65,282.0,56.4,C+,2.256,FAIL
48,68,80,57,16,269.0,53.8,C+,2.152,FAIL
33,52,62,52,90,289.0,57.8,C+,2.312,FAIL
57,30,96,84,33,300.0,60.0,B,2.4,FAIL
60,18,74,34,6,192.0,38.4,C,1.536,FAIL
26,93,41,73,13,246.0,49.2,C,1.9680000000000002,FAIL
85,85,13,12,74,269.0,53.8,C+,2.152,FAIL
81,12,21,43,56,213.0,42.6,C,1.704,FAIL
33,99,21,5,84,242.0,48.4,C,1.936,FAIL
1,29,99,23,49,201.0,40.2,C,1.608,FAIL
3,51,93,60,69,276.0,55.2,C+,2.208,FAIL
8,13,38,16,88,163.0,32.6,NG,1.304,FAIL
73,58,57,11,40,239.0,47.8,C,1.912,FAIL
26,92,34,48,86,286.0,57.2,C+,2.288,FAIL
57,11,29,22,13,132.0,26.4,NG,1.056,FAIL
64,53,57,45,11,230.0,46.0,C,1.84,FAIL
28,48,31,58,72,237.0,47.4,C,1.896,FAIL
32,5,63,14,74,188.0,37.6,C,1.504,FAIL
34,73,0,39,38,184.0,36.8,C,1.472,FAIL
48,30,75,68,63,284.0,56.8,C+,2.272,FAIL
35,89,11,53,90,278.0,55.6,C+,2.224,FAIL
91,29,20,67,79,286.0,57.2,C+,2.288,FAIL
79,87,49,75,97,387.0,77.4,B+,3.096,PASS
12,79,97,13,3,204.0,40.8,C,1.632,FAIL
88,78,29,8,29,232.0,46.4,C,1.8560000000000003,FAIL
86,63,76,14,19,258.0,51.6,C+,2.064,FAIL
54,18,55,21,21,169.0,33.8,NG,1.352,FAIL
71,5,97,74,49,296.0,59.2,C+,2.368,FAIL
10,50,17,45,97,219.0,43.8,C,1.7519999999999998,FAIL
13,77,77,20,78,265.0,53.0,C+,2.12,FAIL
72,24,94,7,50,247.0,49.4,C,1.976,FAIL
10,36,87,32,81,246.0,49.2,C,1.9680000000000002,FAIL
73,86,61,15,15,250.0,50.0,C+,2.0,FAIL
90,48,21,78,43,280.0,56.0,C+,2.24,FAIL
97,72,41,35,15,260.0,52.0,C+,2.08,FAIL
90,84,0,49,33,256.0,51.2,C+,2.048,FAIL
29,75,30,90,85,309.0,61.8,B,2.472,FAIL
91,27,6,80,36,240.0,48.0,C,1.92,FAIL
15,56,74,94,37,276.0,55.2,C+,2.208,FAIL
93,72,19,82,37,303.0,60.6,B,2.424,FAIL
36,38,27,53,24,178.0,35.6,C,1.4240000000000002,FAIL
97,74,28,87,36,322.0,64.4,B,2.576,FAIL
73,13,41,55,70,252.0,50.4,C+,2.016,FAIL
41,48,88,42,62,281.0,56.2,C+,2.248,PASS
0,13,36,3,94,146.0,29.2,NG,1.168,FAIL
17,16,11,26,22,92.0,18.4,NG,0.736,FAIL
83,25,48,81,67,304.0,60.8,B,2.432,FAIL
90,71,61,85,47,354.0,70.8,B+,2.832,PASS
53,7,85,98,92,335.0,67.0,B,2.68,FAIL
58,24,13,76,62,233.0,46.6,C,1.864,FAIL
13,16,44,8,74,155.0,31.0,NG,1.24,FAIL
41,38,11,82,69,241.0,48.2,C,1.928,FAIL
15,48,9,35,97,204.0,40.8,C,1.632,FAIL
85,45,25,38,53,246.0,49.2,C,1.9680000000000002,FAIL
77,15,33,66,10,201.0,40.2,C,1.608,FAIL
79,9,28,70,47,233.0,46.6,C,1.864,FAIL
10,16,11,95,5,137.0,27.4,NG,1.096,FAIL
69,18,19,32,63,201.0,40.2,C,1.608,FAIL
31,82,0,21,80,214.0,42.8,C,1.712,FAIL
73,29,60,65,59,286.0,57.2,C+,2.288,FAIL
15,78,28,64,63,248.0,49.6,C,1.984,FAIL
73,8,36,67,43,227.0,45.4,C,1.8159999999999998,FAIL
25,78,71,91,9,274.0,54.8,C+,2.192,FAIL
72,69,81,36,53,311.0,62.2,B,2.488,PASS
58,24,34,60,32,208.0,41.6,C,1.6640000000000001,FAIL
9,17,12,75,47,160.0,32.0,NG,1.28,FAIL
32,9,60,51,45,197.0,39.4,C,1.5759999999999998,FAIL
40,20,54,18,38,170.0,34.0,NG,1.36,FAIL
82,65,21,1,63,232.0,46.4,C,1.8560000000000003,FAIL
28,75,99,12,65,279.0,55.8,C+,2.232,FAIL
30,33,33,7,77,180.0,36.0,C,1.44,FAIL
79,10,68,84,73,314.0,62.8,B,2.512,FAIL
69,9,80,88,57,303.0,60.6,B,2.424,FAIL
4,5,66,19,56,150.0,30.0,NG,1.2,FAIL
70,34,68,13,61,246.0,49.2,C,1.9680000000000002,FAIL
3,5,54,19,8,89.0,17.8,NG,0.7120000000000001,FAIL
21,95,70,94,59,339.0,67.8,B,2.7120000000000006,FAIL
77,49,50,26,31,233.0,46.6,C,1.864,FAIL
96,1,91,92,93,373.0,74.6,B+,2.984,FAIL
10,53,19,42,20,144.0,28.8,NG,1.152,FAIL
72,39,2,88,65,266.0,53.2,C+,2.128,FAIL
31,38,34,86,44,233.0,46.6,C,1.864,FAIL
53,6,3,61,69,192.0,38.4,C,1.536,FAIL
96,7,5,23,71,202.0,40.4,C,1.6160000000000003,FAIL
67,75,83,9,16,250.0,50.0,C+,2.0,FAIL
45,63,14,39,49,210.0,42.0,C,1.68,FAIL
63,29,88,66,11,257.0,51.4,C+,2.056,FAIL
83,7,80,50,19,239.0,47.8,C,1.912,FAIL
88,75,76,45,60,344.0,68.8,B,2.752,PASS
7,90,49,28,93,267.0,53.4,C+,2.136,FAIL
78,38,28,73,46,263.0,52.6,C+,2.104,FAIL
95,66,96,38,93,388.0,77.6,B+,3.1040000000000005,PASS
57,86,91,80,20,334.0,66.8,B,2.6719999999999997,FAIL
54,30,88,56,39,267.0,53.4,C+,2.136,FAIL
32,29,54,90,28,233.0,46.6,C,1.864,FAIL
54,97,84,81,36,352.0,70.4,B+,2.816,PASS
36,86,55,7,86,270.0,54.0,C+,2.16,FAIL
83,33,59,54,34,263.0,52.6,C+,2.104,FAIL
42,46,75,37,47,247.0,49.4,C,1.976,PASS
69,75,60,76,53,333.0,66.6,B,2.664,PASS
9,12,72,52,65,210.0,42.0,C,1.68,FAIL
16,69,16,93,26,220.0,44.0,C,1.76,FAIL
52,39,11,64,1,167.0,33.4,NG,1.3359999999999999,FAIL
77,33,9,98,89,306.0,61.2,B,2.448,FAIL
9,50,47,38,56,200.0,40.0,C,1.6,FAIL
84,55,0,47,92,278.0,55.6,C+,2.224,FAIL
74,50,45,80,80,329.0,65.8,B,2.6319999999999997,PASS
64,71,33,29,83,280.0,56.0,C+,2.24,FAIL
12,44,59,70,93,278.0,55.6,C+,2.224,FAIL
74,13,79,84,71,321.0,64.2,B,2.568,FAIL
54,49,82,35,41,261.0,52.2,C+,2.088,PASS
65,6,92,28,18,209.0,41.8,C,1.672,FAIL
61,48,75,1,79,264.0,52.8,C+,2.112,FAIL
63,39,4,67,65,238.0,47.6,C,1.9039999999999997,FAIL
41,66,98,20,30,255.0,51.0,C+,2.04,FAIL
71,35,94,25,73,298.0,59.6,C+,2.384,FAIL
37,52,39,81,62,271.0,54.2,C+,2.168,PASS
76,57,47,53,39,272.0,54.4,C+,2.176,PASS
45,4,94,7,27,177.0,35.4,C,1.416,FAIL
39,55,30,58,9,191.0,38.2,C,1.528,FAIL
51,27,26,9,40,153.0,30.6,NG,1.224,FAIL
74,51,90,96,87,398.0,79.6,B+,3.184,PASS
4,89,31,78,2,204.0,40.8,C,1.632,FAIL
25,89,77,66,90,347.0,69.4,B,2.776,FAIL
15,72,24,15,81,207.0,41.4,C,1.656,FAIL
64,66,63,9,66,268.0,53.6,C+,2.144,FAIL
46,52,80,26,97,301.0,60.2,B,2.408,FAIL
51,11,56,48,38,204.0,40.8,C,1.632,FAIL
73,72,55,47,26,273.0,54.6,C+,2.184,FAIL
94,70,94,87,65,410.0,82.0,A,3.28,PASS
66,78,8,42,18,212.0,42.4,C,1.696,FAIL
74,88,51,63,97,373.0,74.6,B+,2.984,PASS
75,14,16,47,47,199.0,39.8,C,1.592,FAIL
61,16,11,8,60,156.0,31.2,NG,1.248,FAIL
84,22,38,84,4,232.0,46.4,C,1.8560000000000003,FAIL
94,8,80,74,78,334.0,66.8,B,2.6719999999999997,FAIL
45,19,82,11,70,227.0,45.4,C,1.8159999999999998,FAIL
56,33,11,72,37,209.0,41.8,C,1.672,FAIL
89,86,74,96,17,362.0,72.4,B+,2.8959999999999995,FAIL
10,83,50,52,29,224.0,44.8,C,1.7920000000000003,FAIL
14,83,88,7,54,246.0,49.2,C,1.9680000000000002,FAIL
76,96,51,5,40,268.0,53.6,C+,2.144,FAIL
14,94,4,52,34,198.0,39.6,C,1.584,FAIL
14,51,26,25,36,152.0,30.4,NG,1.216,FAIL
71,35,80,95,46,327.0,65.4,B,2.616,PASS
77,78,59,88,56,358.0,71.6,B+,2.864,PASS
96,62,76,67,86,387.0,77.4,B+,3.096,PASS
15,99,8,95,90,307.0,61.4,B,2.456,FAIL
18,40,32,90,48,228.0,45.6,C,1.824,FAIL
9,96,7,40,91,243.0,48.6,C,1.944,FAIL
19,9,33,22,58,141.0,28.2,NG,1.128,FAIL
45,20,44,65,11,185.0,37.0,C,1.48,FAIL
25,19,67,0,19,130.0,26.0,NG,1.04,FAIL
25,14,74,45,52,210.0,42.0,C,1.68,FAIL
10,91,35,8,26,170.0,34.0,NG,1.36,FAIL
97,15,69,58,90,329.0,65.8,B,2.6319999999999997,FAIL
24,57,70,37,78,266.0,53.2,C+,2.128,FAIL
6,32,31,61,12,142.0,28.4,NG,1.136,FAIL
72,17,74,52,57,272.0,54.4,C+,2.176,FAIL
47,46,93,94,21,301.0,60.2,B,2.408,FAIL
69,18,94,4,94,279.0,55.8,C+,2.232,FAIL
27,36,58,40,87,248.0,49.6,C,1.984,FAIL
53,9,6,19,54,141.0,28.2,NG,1.128,FAIL
27,90,26,41,97,281.0,56.2,C+,2.248,FAIL
26,67,69,73,5,240.0,48.0,C,1.92,FAIL
26,23,85,51,40,225.0,45.0,C,1.8,FAIL
21,89,68,76,25,279.0,55.8,C+,2.232,FAIL
19,46,32,32,61,190.0,38.0,C,1.52,FAIL
10,81,61,66,67,285.0,57.0,C+,2.28,FAIL
57,85,84,97,90,413.0,82.6,A,3.304,PASS
60,59,66,99,39,323.0,64.6,B,2.5840000000000005,PASS
67,75,24,96,14,276.0,55.2,C+,2.208,FAIL
75,86,5,97,70,333.0,66.6,B,2.664,FAIL
85,50,61,71,96,363.0,72.6,B+,2.904,PASS
50,19,13,85,81,248.0,49.6,C,1.984,FAIL
39,22,78,75,38,252.0,50.4,C+,2.016,FAIL
74,23,22,10,93,222.0,44.4,C,1.776,FAIL
87,13,48,70,53,271.0,54.2,C+,2.168,FAIL
48,94,19,83,44,288.0,57.6,C+,2.304,FAIL
35,36,96,54,59,280.0,56.0,C+,2.24,PASS
24,96,98,34,92,344.0,68.8,B,2.752,FAIL
38,29,32,42,4,145.0,29.0,NG,1.16,FAIL
2,43,70,35,46,196.0,39.2,C,1.568,FAIL
8,32,39,94,89,262.0,52.4,C+,2.096,FAIL
96,41,75,90,30,332.0,66.4,B,2.656,FAIL
32,29,57,42,38,198.0,39.6,C,1.584,FAIL
71,19,60,83,25,258.0,51.6,C+,2.064,FAIL
67,54,59,65,75,320.0,64.0,B,2.56,PASS
82,79,38,85,13,297.0,59.4,C+,2.376,FAIL
21,72,46,52,92,283.0,56.6,C+,2.264,FAIL
60,44,6,53,60,223.0,44.6,C,1.784,FAIL
69,47,59,42,68,285.0,57.0,C+,2.28,PASS
84,20,84,84,16,288.0,57.6,C+,2.304,FAIL
75,41,65,67,39,287.0,57.4,C+,2.296,PASS
96,90,24,18,68,296.0,59.2,C+,2.368,FAIL
57,73,87,28,62,307.0,61.4,B,2.456,FAIL
82,77,38,6,23,226.0,45.2,C,1.808,FAIL
62,86,64,88,15,315.0,63.0,B,2.52,FAIL
88,73,97,64,18,340.0,68.0,B,2.72,FAIL
77,77,47,66,21,288.0,57.6,C+,2.304,FAIL
25,30,59,50,24,188.0,37.6,C,1.504,FAIL
62,51,10,86,94,303.0,60.6,B,2.424,FAIL
0,34,79,51,88,252.0,50.4,C+,2.016,FAIL
9,30,50,38,74,201.0,40.2,C,1.608,FAIL
90,75,24,89,48,326.0,65.2,B,2.608,FAIL
26,89,4,97,75,291.0,58.2,C+,2.328,FAIL
73,0,62,95,31,261.0,52.2,C+,2.088,FAIL
79,44,5,95,94,317.0,63.4,B,2.536,FAIL
39,18,18,30,68,173.0,34.6,NG,1.3839999999999997,FAIL
35,58,28,54,9,184.0,36.8,C,1.472,FAIL
41,4,66,89,27,227.0,45.4,C,1.8159999999999998,FAIL
84,57,47,10,40,238.0,47.6,C,1.9039999999999997,FAIL
77,70,52,14,82,295.0,59.0,C+,2.36,FAIL
79,52,40,35,31,237.0,47.4,C,1.896,FAIL
22,74,10,54,63,223.0,44.6,C,1.784,FAIL
93,64,8,76,62,303.0,60.6,B,2.424,FAIL
31,13,38,12,13,107.0,21.4,NG,0.856,FAIL
35,44,68,64,48,259.0,51.8,C+,2.072,PASS
1,28,42,22,67,160.0,32.0,NG,1.28,FAIL
97,46,61,60,48,312.0,62.4,B,2.496,PASS
87,79,87,95,7,355.0,71.0,B+,2.84,FAIL
79,10,72,36,72,269.0,53.8,C+,2.152,FAIL
81,22,5,87,98,293.0,58.6,C+,2.344,FAIL
17,46,80,59,99,301.0,60.2,B,2.408,FAIL
71,13,29,77,58,248.0,49.6,C,1.984,FAIL
92,11,65,80,96,344.0,68.8,B,2.752,FAIL
50,97,2,31,49,229.0,45.8,C,1.832,FAIL
22,77,19,90,90,298.0,59.6,C+,2.384,FAIL
50,79,31,79,60,299.0,59.8,C+,2.392,FAIL
94,23,71,97,27,312.0,62.4,B,2.496,FAIL
27,67,53,43,9,199.0,39.8,C,1.592,FAIL
26,66,36,64,12,204.0,40.8,C,1.632,FAIL
13,91,6,17,29,156.0,31.2,NG,1.248,FAIL
59,53,90,48,74,324.0,64.8,B,2.592,PASS
45,69,52,2,68,236.0,47.2,C,1.888,FAIL
65,36,28,59,20,208.0,41.6,C,1.6640000000000001,FAIL
34,91,27,15,27,194.0,38.8,C,1.5520000000000003,FAIL
89,7,44,47,19,206.0,41.2,C,1.648,FAIL
15,83,46,47,54,245.0,49.0,C,1.96,FAIL
8,40,84,68,89,289.0,57.8,C+,2.312,FAIL
97,80,65,83,30,355.0,71.0,B+,2.84,FAIL
37,77,69,56,17,256.0,51.2,C+,2.048,FAIL
55,92,47,3,69,266.0,53.2,C+,2.128,FAIL
19,92,66,6,28,211.0,42.2,C,1.6879999999999997,FAIL
48,58,53,67,57,283.0,56.6,C+,2.264,PASS
61,84,34,27,10,216.0,43.2,C,1.7280000000000002,FAIL
36,71,90,54,49,300.0,60.0,B,2.4,PASS
24,54,87,99,62,326.0,65.2,B,2.608,FAIL
23,12,20,5,92,152.0,30.4,NG,1.216,FAIL
20,37,89,44,83,273.0,54.6,C+,2.184,FAIL
89,66,50,13,64,282.0,56.4,C+,2.256,FAIL
94,86,33,33,45,291.0,58.2,C+,2.328,FAIL
96,54,26,28,51,255.0,51.0,C+,2.04,FAIL
1,4,33,70,42,150.0,30.0,NG,1.2,FAIL
28,30,9,83,6,156.0,31.2,NG,1.248,FAIL
69,44,68,43,58,282.0,56.4,C+,2.256,PASS
96,57,81,15,38,287.0,57.4,C+,2.296,FAIL
51,77,44,87,24,283.0,56.6,C+,2.264,FAIL
17,57,82,89,77,322.0,64.4,B,2.576,FAIL
43,41,17,5,4,110.0,22.0,NG,0.88,FAIL
88,41,55,92,23,299.0,59.8,C+,2.392,FAIL
11,49,93,13,41,207.0,41.4,C,1.656,FAIL
34,51,42,36,19,182.0,36.4,C,1.456,FAIL
86,90,40,31,65,312.0,62.4,B,2.496,FAIL
64,14,18,68,22,186.0,37.2,C,1.4880000000000002,FAIL
21,43,74,86,89,313.0,62.6,B,2.504,FAIL
55,43,35,92,2,227.0,45.4,C,1.8159999999999998,FAIL
24,95,10,2,59,190.0,38.0,C,1.52,FAIL
64,25,85,10,1,185.0,37.0,C,1.48,FAIL
18,80,42,55,68,263.0,52.6,C+,2.104,FAIL
4,42,96,87,29,258.0,51.6,C+,2.064,FAIL
29,80,99,32,91,331.0,66.2,B,2.648,FAIL
98,82,31,5,14,230.0,46.0,C,1.84,FAIL
17,26,74,34,32,183.0,36.6,C,1.464,FAIL
90,67,0,87,40,284.0,56.8,C+,2.272,FAIL
25,51,57,78,24,235.0,47.0,C,1.88,FAIL
45,28,86,54,67,280.0,56.0,C+,2.24,FAIL
71,41,8,40,11,171.0,34.2,NG,1.368,FAIL
45,20,61,12,74,212.0,42.4,C,1.696,FAIL
10,68,97,74,78,327.0,65.4,B,2.616,FAIL
72,8,56,17,96,249.0,49.8,C,1.992,FAIL
54,48,66,7,27,202.0,40.4,C,1.6160000000000003,FAIL
71,19,86,51,31,258.0,51.6,C+,2.064,FAIL
53,3,20,77,72,225.0,45.0,C,1.8,FAIL
10,9,67,28,30,144.0,28.8,NG,1.152,FAIL
73,43,43,15,28,202.0,40.4,C,1.6160000000000003,FAIL
1,85,24,78,3,191.0,38.2,C,1.528,FAIL
28,79,6,84,83,280.0,56.0,C+,2.24,FAIL
55,81,45,50,14,245.0,49.0,C,1.96,FAIL
50,94,48,45,31,268.0,53.6,C+,2.144,FAIL
6,86,24,98,13,227.0,45.4,C,1.8159999999999998,FAIL
58,95,56,12,11,232.0,46.4,C,1.8560000000000003,FAIL
79,38,87,35,93,332.0,66.4,B,2.656,PASS
83,12,54,52,0,201.0,40.2,C,1.608,FAIL
24,83,14,0,19,140.0,28.0,NG,1.12,FAIL
54,26,57,12,10,159.0,31.8,NG,1.272,FAIL
27,81,28,25,18,179.0,35.8,C,1.432,FAIL
79,50,15,32,76,252.0,50.4,C+,2.016,FAIL
94,35,12,16,41,198.0,39.6,C,1.584,FAIL
45,17,65,51,76,254.0,50.8,C+,2.032,FAIL
29,58,42,98,61,288.0,57.6,C+,2.304,FAIL
55,74,56,75,68,328.0,65.6,B,2.6240000000000006,PASS
97,77,88,5,29,296.0,59.2,C+,2.368,FAIL
39,33,29,98,26,225.0,45.0,C,1.8,FAIL
26,72,92,20,14,224.0,44.8,C,1.7920000000000003,FAIL
28,85,42,41,3,199.0,39.8,C,1.592,FAIL
5,6,0,77,38,126.0,25.2,NG,1.008,FAIL
86,6,54,20,28,194.0,38.8,C,1.5520000000000003,FAIL
0,89,2,28,32,151.0,30.2,NG,1.208,FAIL
67,63,37,39,37,243.0,48.6,C,1.944,PASS
12,30,7,13,35,97.0,19.4,NG,0.7760000000000001,FAIL
56,17,20,84,61,238.0,47.6,C,1.9039999999999997,FAIL
16,48,59,49,88,260.0,52.0,C+,2.08,FAIL
90,94,85,28,71,368.0,73.6,B+,2.944,FAIL
47,2,62,49,15,175.0,35.0,C,1.4,FAIL
54,86,50,59,79,328.0,65.6,B,2.6240000000000006,PASS
94,13,68,0,87,262.0,52.4,C+,2.096,FAIL
62,28,89,51,52,282.0,56.4,C+,2.256,FAIL
91,95,72,95,20,373.0,74.6,B+,2.984,FAIL
35,90,29,61,82,297.0,59.4,C+,2.376,FAIL
71,10,7,13,62,163.0,32.6,NG,1.304,FAIL
69,99,75,55,39,337.0,67.4,B,2.696,PASS
75,61,55,7,35,233.0,46.6,C,1.864,FAIL
62,78,9,18,61,228.0,45.6,C,1.824,FAIL
61,49,33,78,43,264.0,52.8,C+,2.112,FAIL
88,29,45,39,1,202.0,40.4,C,1.6160000000000003,FAIL
53,10,71,4,97,235.0,47.0,C,1.88,FAIL
46,59,76,57,37,275.0,55.0,C+,2.2,PASS
30,76,43,69,11,229.0,45.8,C,1.832,FAIL
99,49,42,83,35,308.0,61.6,B,2.464,PASS
67,11,76,12,40,206.0,41.2,C,1.648,FAIL
90,53,75,98,86,402.0,80.4,A,3.216,PASS
95,43,63,88,20,309.0,61.8,B,2.472,FAIL
10,26,84,60,46,226.0,45.2,C,1.808,FAIL
83,26,51,29,33,222.0,44.4,C,1.776,FAIL
2,87,57,69,9,224.0,44.8,C,1.7920000000000003,FAIL
92,99,8,61,37,297.0,59.4,C+,2.376,FAIL
86,32,51,91,49,309.0,61.8,B,2.472,FAIL
23,5,63,10,6,107.0,21.4,NG,0.856,FAIL
31,44,68,6,4,153.0,30.6,NG,1.224,FAIL
82,45,19,27,58,231.0,46.2,C,1.848,FAIL
21,83,83,31,59,277.0,55.4,C+,2.216,FAIL
77,23,75,33,33,241.0,48.2,C,1.928,FAIL
74,94,56,66,47,337.0,67.4,B,2.696,PASS
70,63,66,51,20,270.0,54.0,C+,2.16,FAIL
17,3,13,74,77,184.0,36.8,C,1.472,FAIL
11,26,63,30,43,173.0,34.6,NG,1.3839999999999997,FAIL
87,3,55,30,4,179.0,35.8,C,1.432,FAIL
93,96,52,5,36,282.0,56.4,C+,2.256,FAIL
36,93,9,70,62,270.0,54.0,C+,2.16,FAIL
97,54,21,58,90,320.0,64.0,B,2.56,FAIL
59,25,21,51,33,189.0,37.8,C,1.5119999999999998,FAIL
95,11,99,88,68,361.0,72.2,B+,2.888,FAIL
39,66,45,44,78,272.0,54.4,C+,2.176,PASS
30,42,54,31,53,210.0,42.0,C,1.68,FAIL
95,43,61,23,36,258.0,51.6,C+,2.064,FAIL
66,78,63,79,80,366.0,73.2,B+,2.928,PASS
91,23,42,41,98,295.0,59.0,C+,2.36,FAIL
42,94,94,89,33,352.0,70.4,B+,2.816,FAIL
99,21,21,57,43,241.0,48.2,C,1.928,FAIL
74,45,42,70,94,325.0,65.0,B,2.6,PASS
61,71,41,72,88,333.0,66.6,B,2.664,PASS
63,14,35,89,10,211.0,42.2,C,1.6879999999999997,FAIL
35,81,76,79,6,277.0,55.4,C+,2.216,FAIL
73,32,88,90,86,369.0,73.8,B+,2.952,FAIL
81,76,3,25,3,188.0,37.6,C,1.504,FAIL
96,5,72,45,68,286.0,57.2,C+,2.288,FAIL
62,95,78,35,39,309.0,61.8,B,2.472,PASS
1,18,41,21,35,116.0,23.2,NG,0.9280000000000002,FAIL
62,16,91,25,54,248.0,49.6,C,1.984,FAIL
68,2,96,91,47,304.0,60.8,B,2.432,FAIL
87,86,42,48,21,284.0,56.8,C+,2.272,FAIL
89,23,39,39,88,278.0,55.6,C+,2.224,FAIL
81,72,69,44,67,333.0,66.6,B,2.664,PASS
3,88,41,14,17,163.0,32.6,NG,1.304,FAIL
32,15,62,88,22,219.0,43.8,C,1.7519999999999998,FAIL
42,1,78,71,32,224.0,44.8,C,1.7920000000000003,FAIL
7,86,77,6,32,208.0,41.6,C,1.6640000000000001,FAIL
25,89,48,65,28,255.0,51.0,C+,2.04,FAIL
66,86,73,15,74,314.0,62.8,B,2.512,FAIL
99,63,29,87,28,306.0,61.2,B,2.448,FAIL
5,79,42,9,68,203.0,40.6,C,1.624,FAIL
58,1,53,23,40,175.0,35.0,C,1.4,FAIL
20,72,46,92,33,263.0,52.6,C+,2.104,FAIL
30,13,89,37,71,240.0,48.0,C,1.92,FAIL
13,29,29,33,19,123.0,24.6,NG,0.9840000000000001,FAIL
71,51,66,77,42,307.0,61.4,B,2.456,PASS
83,74,19,61,75,312.0,62.4,B,2.496,FAIL
98,55,69,9,56,287.0,57.4,C+,2.296,FAIL
85,24,83,56,74,322.0,64.4,B,2.576,FAIL
10,78,77,5,52,222.0,44.4,C,1.776,FAIL
0,82,0,45,1,128.0,25.6,NG,1.024,FAIL
40,83,95,68,38,324.0,64.8,B,2.592,PASS
58,76,79,62,43,318.0,63.6,B,2.544,PASS
62,78,3,54,53,250.0,50.0,C+,2.0,FAIL
36,58,96,48,20,258.0,51.6,C+,2.064,FAIL
87,84,41,45,71,328.0,65.6,B,2.6240000000000006,PASS
14,24,89,93,64,284.0,56.8,C+,2.272,FAIL
91,69,82,46,36,324.0,64.8,B,2.592,PASS
64,93,11,87,59,314.0,62.8,B,2.512,FAIL
32,14,33,81,58,218.0,43.6,C,1.744,FAIL
44,20,57,88,41,250.0,50.0,C+,2.0,FAIL
54,70,64,74,20,282.0,56.4,C+,2.256,FAIL
3,40,47,89,27,206.0,41.2,C,1.648,FAIL
37,83,45,43,46,254.0,50.8,C+,2.032,PASS
79,93,89,95,83,439.0,87.8,A,3.512,PASS
45,91,34,73,48,291.0,58.2,C+,2.328,FAIL
22,39,51,70,73,255.0,51.0,C+,2.04,FAIL
59,6,66,51,92,274.0,54.8,C+,2.192,FAIL
49,60,93,1,39,242.0,48.4,C,1.936,FAIL
51,10,36,8,91,196.0,39.2,C,1.568,FAIL
5,90,26,54,75,250.0,50.0,C+,2.0,FAIL
99,23,18,74,11,225.0,45.0,C,1.8,FAIL
74,78,7,68,43,270.0,54.0,C+,2.16,FAIL
77,76,57,93,24,327.0,65.4,B,2.616,FAIL
78,93,93,73,3,340.0,68.0,B,2.72,FAIL
85,57,58,90,57,347.0,69.4,B,2.776,PASS
4,33,35,85,1,158.0,31.6,NG,1.264,FAIL
8,13,38,36,51,146.0,29.2,NG,1.168,FAIL
17,11,61,90,63,242.0,48.4,C,1.936,FAIL
52,89,58,74,9,282.0,56.4,C+,2.256,FAIL
57,22,34,76,36,225.0,45.0,C,1.8,FAIL
63,43,74,93,70,343.0,68.6,B,2.744,PASS
41,62,17,98,3,221.0,44.2,C,1.768,FAIL
60,20,72,15,93,260.0,52.0,C+,2.08,FAIL
27,58,82,57,72,296.0,59.2,C+,2.368,FAIL
16,46,88,30,12,192.0,38.4,C,1.536,FAIL
29,72,87,27,71,286.0,57.2,C+,2.288,FAIL
10,10,92,63,36,211.0,42.2,C,1.6879999999999997,FAIL
23,10,72,9,39,153.0,30.6,NG,1.224,FAIL
23,1,40,2,25,91.0,18.2,NG,0.728,FAIL
54,3,70,7,31,165.0,33.0,NG,1.32,FAIL
22,2,36,54,90,204.0,40.8,C,1.632,FAIL
70,79,25,99,46,319.0,63.8,B,2.552,FAIL
88,27,17,66,62,260.0,52.0,C+,2.08,FAIL
84,94,34,5,34,251.0,50.2,C+,2.008,FAIL
82,25,83,64,2,256.0,51.2,C+,2.048,FAIL
21,97,26,9,46,199.0,39.8,C,1.592,FAIL
31,28,1,21,29,110.0,22.0,NG,0.88,FAIL
86,46,49,72,66,319.0,63.8,B,2.552,PASS
48,88,73,75,40,324.0,64.8,B,2.592,PASS
53,70,48,1,33,205.0,41.0,C,1.64,FAIL
54,96,13,11,60,234.0,46.8,C,1.872,FAIL
1,89,99,20,73,282.0,56.4,C+,2.256,FAIL
3,47,83,20,37,190.0,38.0,C,1.52,FAIL
79,53,79,6,18,235.0,47.0,C,1.88,FAIL
37,78,84,12,52,263.0,52.6,C+,2.104,FAIL
43,28,34,64,59,228.0,45.6,C,1.824,FAIL
95,66,68,56,26,311.0,62.2,B,2.488,FAIL
98,5,74,75,51,303.0,60.6,B,2.424,FAIL
22,27,40,84,50,223.0,44.6,C,1.784,FAIL
76,51,51,26,34,238.0,47.6,C,1.9039999999999997,FAIL
19,13,72,7,69,180.0,36.0,C,1.44,FAIL
42,64,77,90,10,283.0,56.6,C+,2.264,FAIL
92,4,10,75,69,250.0,50.0,C+,2.0,FAIL
24,49,63,64,69,269.0,53.8,C+,2.152,FAIL
59,87,69,73,64,352.0,70.4,B+,2.816,PASS
84,99,62,47,93,385.0,77.0,B+,3.08,PASS
18,42,37,7,98,202.0,40.4,C,1.6160000000000003,FAIL
95,76,8,23,3,205.0,41.0,C,1.64,FAIL
99,41,45,74,83,342.0,68.4,B,2.736,PASS
92,87,29,49,93,350.0,70.0,B+,2.8,FAIL
37,95,48,31,58,269.0,53.8,C+,2.152,FAIL
7,41,18,93,86,245.0,49.0,C,1.96,FAIL
58,86,31,58,12,245.0,49.0,C,1.96,FAIL
65,14,93,16,42,230.0,46.0,C,1.84,FAIL
58,22,13,80,19,192.0,38.4,C,1.536,FAIL
33,95,30,46,96,300.0,60.0,B,2.4,FAIL
55,57,87,13,27,239.0,47.8,C,1.912,FAIL
76,81,28,75,33,293.0,58.6,C+,2.344,FAIL
60,40,47,0,92,239.0,47.8,C,1.912,FAIL
99,41,80,76,53,349.0,69.8,B,2.792,PASS
63,25,70,58,72,288.0,57.6,C+,2.304,FAIL
83,41,75,55,45,299.0,59.8,C+,2.392,PASS
52,56,55,11,36,210.0,42.0,C,1.68,FAIL
32,85,53,33,31,234.0,46.8,C,1.872,FAIL
85,88,62,61,29,325.0,65.0,B,2.6,FAIL
35,50,83,94,35,297.0,59.4,C+,2.376,PASS
52,36,4,17,18,127.0,25.4,NG,1.016,FAIL
81,6,77,13,50,227.0,45.4,C,1.8159999999999998,FAIL
85,36,69,91,40,321.0,64.2,B,2.568,PASS
41,84,15,42,44,226.0,45.2,C,1.808,FAIL
78,30,1,84,36,229.0,45.8,C,1.832,FAIL
37,88,70,68,32,295.0,59.0,C+,2.36,FAIL
1,20,98,88,17,224.0,44.8,C,1.7920000000000003,FAIL
58,46,54,5,42,205.0,41.0,C,1.64,FAIL
86,23,56,9,9,183.0,36.6,C,1.464,FAIL
23,52,44,65,66,250.0,50.0,C+,2.0,FAIL
64,63,72,69,97,365.0,73.0,B+,2.92,PASS
14,73,14,81,97,279.0,55.8,C+,2.232,FAIL
21,27,0,43,28,119.0,23.8,NG,0.9519999999999998,FAIL
55,46,75,2,9,187.0,37.4,C,1.496,FAIL
73,75,92,39,77,356.0,71.2,B+,2.8480000000000003,PASS
32,78,0,37,83,230.0,46.0,C,1.84,FAIL
89,86,9,62,40,286.0,57.2,C+,2.288,FAIL
10,32,81,47,10,180.0,36.0,C,1.44,FAIL
16,39,55,35,74,219.0,43.8,C,1.7519999999999998,FAIL
96,41,45,32,59,273.0,54.6,C+,2.184,FAIL
71,3,73,4,17,168.0,33.6,NG,1.344,FAIL
42,84,36,55,95,312.0,62.4,B,2.496,PASS
34,73,41,96,30,274.0,54.8,C+,2.192,FAIL
10,42,60,68,88,268.0,53.6,C+,2.144,FAIL
27,8,51,99,6,191.0,38.2,C,1.528,FAIL
24,54,87,58,4,227.0,45.4,C,1.8159999999999998,FAIL
25,5,11,54,59,154.0,30.8,NG,1.232,FAIL
91,9,80,24,91,295.0,59.0,C+,2.36,FAIL
11,35,31,15,54,146.0,29.2,NG,1.168,FAIL
24,34,8,2,31,99.0,19.8,NG,0.792,FAIL
99,70,17,41,87,314.0,62.8,B,2.512,FAIL
92,41,25,17,43,218.0,43.6,C,1.744,FAIL
29,78,80,19,61,267.0,53.4,C+,2.136,FAIL
98,29,34,5,54,220.0,44.0,C,1.76,FAIL
80,23,68,49,68,288.0,57.6,C+,2.304,FAIL
93,43,16,63,44,259.0,51.8,C+,2.072,FAIL
88,47,66,49,16,266.0,53.2,C+,2.128,FAIL
70,21,35,30,29,185.0,37.0,C,1.48,FAIL
61,94,78,83,90,406.0,81.2,A,3.248,PASS
44,49,19,15,58,185.0,37.0,C,1.48,FAIL
72,24,50,7,88,241.0,48.2,C,1.928,FAIL
82,32,61,8,90,273.0,54.6,C+,2.184,FAIL
96,24,34,33,78,265.0,53.0,C+,2.12,FAIL
8,31,81,28,15,163.0,32.6,NG,1.304,FAIL
20,36,32,21,26,135.0,27.0,NG,1.08,FAIL
3,99,12,48,84,246.0,49.2,C,1.9680000000000002,FAIL
57,34,97,97,0,285.0,57.0,C+,2.28,FAIL
53,41,6,42,3,145.0,29.0,NG,1.16,FAIL
92,87,41,79,18,317.0,63.4,B,2.536,FAIL
91,90,65,70,38,354.0,70.8,B+,2.832,PASS
31,59,40,47,39,216.0,43.2,C,1.7280000000000002,FAIL
51,0,29,73,64,217.0,43.4,C,1.736,FAIL
46,92,51,87,49,325.0,65.0,B,2.6,PASS
35,65,29,46,68,243.0,48.6,C,1.944,FAIL
27,60,15,79,34,215.0,43.0,C,1.72,FAIL
78,79,35,51,17,260.0,52.0,C+,2.08,FAIL
97,24,57,78,99,355.0,71.0,B+,2.84,FAIL
13,62,16,56,2,149.0,29.8,NG,1.192,FAIL
54,85,49,94,53,335.0,67.0,B,2.68,PASS
60,67,84,69,77,357.0,71.4,B+,2.856,PASS
48,75,26,9,4,162.0,32.4,NG,1.296,FAIL
21,56,75,21,57,230.0,46.0,C,1.84,FAIL
98,32,16,95,65,306.0,61.2,B,2.448,FAIL
59,47,82,41,35,264.0,52.8,C+,2.112,PASS
60,53,14,84,40,251.0,50.2,C+,2.008,FAIL
70,80,70,15,79,314.0,62.8,B,2.512,FAIL
2,61,11,84,14,172.0,34.4,NG,1.376,FAIL
94,82,6,6,27,215.0,43.0,C,1.72,FAIL
88,65,65,59,4,281.0,56.2,C+,2.248,FAIL
91,82,19,86,28,306.0,61.2,B,2.448,FAIL
57,91,96,62,68,374.0,74.8,B+,2.992,PASS
20,89,51,22,41,223.0,44.6,C,1.784,FAIL
24,41,65,88,15,233.0,46.6,C,1.864,FAIL
5,89,69,91,57,311.0,62.2,B,2.488,FAIL
38,88,4,99,51,280.0,56.0,C+,2.24,FAIL
75,86,2,50,45,258.0,51.6,C+,2.064,FAIL
34,80,1,72,31,218.0,43.6,C,1.744,FAIL
16,41,29,15,54,155.0,31.0,NG,1.24,FAIL
39,22,67,47,36,211.0,42.2,C,1.6879999999999997,FAIL
94,87,34,23,48,286.0,57.2,C+,2.288,FAIL
46,47,7,1,11,112.0,22.4,NG,0.8960000000000001,FAIL
57,49,32,5,76,219.0,43.8,C,1.7519999999999998,FAIL
24,7,1,83,50,165.0,33.0,NG,1.32,FAIL
40,65,86,84,92,367.0,73.4,B+,2.9360000000000004,PASS
28,74,51,17,39,209.0,41.8,C,1.672,FAIL
98,58,86,40,65,347.0,69.4,B,2.776,PASS
66,21,94,20,13,214.0,42.8,C,1.712,FAIL
52,98,67,76,35,328.0,65.6,B,2.6240000000000006,PASS
48,4,9,0,15,76.0,15.2,NG,0.608,FAIL
94,29,78,3,30,234.0,46.8,C,1.872,FAIL
3,97,76,37,96,309.0,61.8,B,2.472,FAIL
88,33,6,62,82,271.0,54.2,C+,2.168,FAIL
4,46,60,28,1,139.0,27.8,NG,1.112,FAIL
38,91,59,80,11,279.0,55.8,C+,2.232,FAIL
63,83,77,88,23,334.0,66.8,B,2.6719999999999997,FAIL
5,65,79,82,64,295.0,59.0,C+,2.36,FAIL
38,75,43,70,50,276.0,55.2,C+,2.208,PASS
49,14,25,51,75,214.0,42.8,C,1.712,FAIL
67,60,73,33,28,261.0,52.2,C+,2.088,FAIL
95,6,8,45,98,252.0,50.4,C+,2.016,FAIL
47,5,10,91,54,207.0,41.4,C,1.656,FAIL
74,53,32,51,57,267.0,53.4,C+,2.136,FAIL
11,0,13,1,27,52.0,10.4,NG,0.41600000000000004,FAIL
31,33,24,59,30,177.0,35.4,C,1.416,FAIL
61,18,21,41,89,230.0,46.0,C,1.84,FAIL
52,79,9,14,2,156.0,31.2,NG,1.248,FAIL
56,59,67,60,23,265.0,53.0,C+,2.12,FAIL
12,50,48,32,24,166.0,33.2,NG,1.328,FAIL
7,87,90,45,15,244.0,48.8,C,1.952,FAIL
36,80,80,51,18,265.0,53.0,C+,2.12,FAIL
90,81,30,10,12,223.0,44.6,C,1.784,FAIL
45,34,59,86,37,261.0,52.2,C+,2.088,FAIL
37,99,38,2,15,191.0,38.2,C,1.528,FAIL
37,13,2,84,1,137.0,27.4,NG,1.096,FAIL
54,26,99,7,97,283.0,56.6,C+,2.264,FAIL
96,40,93,3,86,318.0,63.6,B,2.544,FAIL
43,98,27,34,3,205.0,41.0,C,1.64,FAIL
98,90,49,0,38,275.0,55.0,C+,2.2,FAIL
37,66,49,35,97,284.0,56.8,C+,2.272,PASS
95,22,82,61,89,349.0,69.8,B,2.792,FAIL
51,61,30,73,16,231.0,46.2,C,1.848,FAIL
89,97,27,16,48,277.0,55.4,C+,2.216,FAIL
68,28,86,15,88,285.0,57.0,C+,2.28,FAIL
47,2,30,7,32,118.0,23.6,NG,0.944,FAIL
30,77,43,74,29,253.0,50.6,C+,2.024,FAIL
2,99,17,38,55,211.0,42.2,C,1.6879999999999997,FAIL
82,38,40,72,71,303.0,60.6,B,2.424,PASS
25,99,90,36,41,291.0,58.2,C+,2.328,FAIL
80,63,21,62,99,325.0,65.0,B,2.6,FAIL
76,73,99,19,17,284.0,56.8,C+,2.272,FAIL
19,94,16,83,0,212.0,42.4,C,1.696,FAIL
91,87,48,30,62,318.0,63.6,B,2.544,FAIL
69,86,74,64,39,332.0,66.4,B,2.656,PASS
13,78,30,13,60,194.0,38.8,C,1.5520000000000003,FAIL
87,95,30,32,78,322.0,64.4,B,2.576,FAIL
86,56,27,40,54,263.0,52.6,C+,2.104,FAIL
66,23,17,35,51,192.0,38.4,C,1.536,FAIL
12,8,99,5,68,192.0,38.4,C,1.536,FAIL
65,55,88,10,45,263.0,52.6,C+,2.104,FAIL
50,4,91,61,43,249.0,49.8,C,1.992,FAIL
59,29,31,16,16,151.0,30.2,NG,1.208,FAIL
18,58,21,67,2,166.0,33.2,NG,1.328,FAIL
51,11,46,78,2,188.0,37.6,C,1.504,FAIL
98,90,18,97,34,337.0,67.4,B,2.696,FAIL
57,98,60,99,60,374.0,74.8,B+,2.992,PASS
63,64,64,47,10,248.0,49.6,C,1.984,FAIL
34,78,30,75,99,316.0,63.2,B,2.528,FAIL
45,66,94,97,72,374.0,74.8,B+,2.992,PASS
80,32,90,70,42,314.0,62.8,B,2.512,FAIL
52,43,75,79,94,343.0,68.6,B,2.744,PASS
37,36,88,71,37,269.0,53.8,C+,2.152,PASS
88,0,0,67,98,253.0,50.6,C+,2.024,FAIL
40,18,70,51,39,218.0,43.6,C,1.744,FAIL
32,41,69,30,21,193.0,38.6,C,1.544,FAIL
27,57,75,97,27,283.0,56.6,C+,2.264,FAIL
8,61,9,33,85,196.0,39.2,C,1.568,FAIL
80,45,72,11,17,225.0,45.0,C,1.8,FAIL
82,43,13,23,51,212.0,42.4,C,1.696,FAIL
64,8,99,78,44,293.0,58.6,C+,2.344,FAIL
46,41,32,62,66,247.0,49.4,C,1.976,FAIL
52,39,47,2,62,202.0,40.4,C,1.6160000000000003,FAIL
59,56,55,72,50,292.0,58.4,C+,2.336,PASS
22,91,91,61,73,338.0,67.6,B,2.704,FAIL
61,33,39,55,35,223.0,44.6,C,1.784,FAIL
47,78,55,76,23,279.0,55.8,C+,2.232,FAIL
46,81,91,59,98,375.0,75.0,B+,3.0,PASS
50,65,30,66,43,254.0,50.8,C+,2.032,FAIL
36,89,80,17,99,321.0,64.2,B,2.568,FAIL
98,88,24,88,64,362.0,72.4,B+,2.8959999999999995,FAIL
67,42,91,63,64,327.0,65.4,B,2.616,PASS
78,68,75,94,70,385.0,77.0,B+,3.08,PASS
8,0,10,57,2,77.0,15.4,NG,0.616,FAIL
55,96,43,83,64,341.0,68.2,B,2.728,PASS
61,33,34,78,51,257.0,51.4,C+,2.056,FAIL
91,29,28,34,13,195.0,39.0,C,1.56,FAIL
38,76,47,2,97,260.0,52.0,C+,2.08,FAIL
25,83,13,79,96,296.0,59.2,C+,2.368,FAIL
12,1,1,26,98,138.0,27.6,NG,1.104,FAIL
17,34,29,79,34,193.0,38.6,C,1.544,FAIL
75,60,54,44,91,324.0,64.8,B,2.592,PASS
8,44,96,71,7,226.0,45.2,C,1.808,FAIL
4,69,81,58,19,231.0,46.2,C,1.848,FAIL
21,58,21,41,69,210.0,42.0,C,1.68,FAIL
53,44,98,81,50,326.0,65.2,B,2.608,PASS
40,11,90,65,49,255.0,51.0,C+,2.04,FAIL
67,20,22,71,32,212.0,42.4,C,1.696,FAIL
63,42,77,25,48,255.0,51.0,C+,2.04,FAIL
37,65,29,59,13,203.0,40.6,C,1.624,FAIL
8,97,77,17,66,265.0,53.0,C+,2.12,FAIL
78,91,61,40,85,355.0,71.0,B+,2.84,PASS
1,87,93,73,1,255.0,51.0,C+,2.04,FAIL
0,12,33,19,30,94.0,18.8,NG,0.752,FAIL
81,34,93,51,79,338.0,67.6,B,2.704,FAIL
28,56,30,10,64,188.0,37.6,C,1.504,FAIL
54,84,64,4,39,245.0,49.0,C,1.96,FAIL
10,39,69,30,89,237.0,47.4,C,1.896,FAIL
97,25,39,85,33,279.0,55.8,C+,2.232,FAIL
79,38,90,55,83,345.0,69.0,B,2.76,PASS
35,53,56,97,91,332.0,66.4,B,2.656,PASS
84,27,5,5,23,144.0,28.8,NG,1.152,FAIL
82,17,5,97,22,223.0,44.6,C,1.784,FAIL
79,35,89,38,46,287.0,57.4,C+,2.296,PASS
65,7,2,71,32,177.0,35.4,C,1.416,FAIL
11,36,88,76,96,307.0,61.4,B,2.456,FAIL
55,35,11,43,49,193.0,38.6,C,1.544,FAIL
90,47,93,4,24,258.0,51.6,C+,2.064,FAIL
95,93,3,50,89,330.0,66.0,B,2.64,FAIL
22,6,29,64,30,151.0,30.2,NG,1.208,FAIL
78,21,23,31,70,223.0,44.6,C,1.784,FAIL
12,26,36,16,34,124.0,24.8,NG,0.992,FAIL
46,70,33,91,89,329.0,65.8,B,2.6319999999999997,FAIL
22,49,79,26,23,199.0,39.8,C,1.592,FAIL
2,0,48,63,18,131.0,26.2,NG,1.048,FAIL
68,44,49,86,12,259.0,51.8,C+,2.072,FAIL
85,49,35,13,31,213.0,42.6,C,1.704,FAIL
50,8,90,26,29,203.0,40.6,C,1.624,FAIL
3,2,96,76,20,197.0,39.4,C,1.5759999999999998,FAIL
70,54,83,4,81,292.0,58.4,C+,2.336,FAIL
24,62,85,62,72,305.0,61.0,B,2.44,FAIL
95,47,45,55,92,334.0,66.8,B,2.6719999999999997,PASS
47,44,71,25,29,216.0,43.2,C,1.7280000000000002,FAIL
91,22,18,75,23,229.0,45.8,C,1.832,FAIL
83,18,58,32,96,287.0,57.4,C+,2.296,FAIL
22,85,87,66,84,344.0,68.8,B,2.752,FAIL
35,76,28,90,53,282.0,56.4,C+,2.256,FAIL
99,76,24,84,69,352.0,70.4,B+,2.816,FAIL
75,15,56,41,40,227.0,45.4,C,1.8159999999999998,FAIL
25,36,18,75,22,176.0,35.2,C,1.408,FAIL
74,80,16,71,23,264.0,52.8,C+,2.112,FAIL
90,63,8,35,68,264.0,52.8,C+,2.112,FAIL
8,96,38,54,6,202.0,40.4,C,1.6160000000000003,FAIL
31,90,27,19,42,209.0,41.8,C,1.672,FAIL
66,38,85,41,69,299.0,59.8,C+,2.392,PASS
54,80,52,21,55,262.0,52.4,C+,2.096,FAIL
26,52,68,70,47,263.0,52.6,C+,2.104,FAIL
58,83,12,11,5,169.0,33.8,NG,1.352,FAIL
81,32,45,37,15,210.0,42.0,C,1.68,FAIL
66,12,48,25,48,199.0,39.8,C,1.592,FAIL
42,32,61,64,47,246.0,49.2,C,1.9680000000000002,FAIL
16,93,63,58,30,260.0,52.0,C+,2.08,FAIL
40,54,29,45,91,259.0,51.8,C+,2.072,FAIL
70,42,40,5,1,158.0,31.6,NG,1.264,FAIL
15,33,43,38,66,195.0,39.0,C,1.56,FAIL
47,70,80,45,86,328.0,65.6,B,2.6240000000000006,PASS
75,99,71,83,45,373.0,74.6,B+,2.984,PASS
85,13,43,67,17,225.0,45.0,C,1.8,FAIL
5,82,66,78,91,322.0,64.4,B,2.576,FAIL
16,29,59,32,63,199.0,39.8,C,1.592,FAIL
53,34,74,3,34,198.0,39.6,C,1.584,FAIL
37,30,50,20,77,214.0,42.8,C,1.712,FAIL
15,99,35,57,70,276.0,55.2,C+,2.208,FAIL
98,84,36,9,83,310.0,62.0,B,2.48,FAIL
49,67,89,68,18,291.0,58.2,C+,2.328,FAIL
10,22,7,90,67,196.0,39.2,C,1.568,FAIL
41,26,94,55,73,289.0,57.8,C+,2.312,FAIL
89,43,44,20,89,285.0,57.0,C+,2.28,FAIL
9,25,1,29,95,159.0,31.8,NG,1.272,FAIL
58,43,51,8,97,257.0,51.4,C+,2.056,FAIL
27,36,86,91,51,291.0,58.2,C+,2.328,FAIL
95,50,25,91,23,284.0,56.8,C+,2.272,FAIL
90,10,7,31,17,155.0,31.0,NG,1.24,FAIL
39,88,99,56,94,376.0,75.2,B+,3.008,PASS
5,35,70,33,39,182.0,36.4,C,1.456,FAIL
32,49,65,74,74,294.0,58.8,C+,2.352,FAIL
88,36,25,71,69,289.0,57.8,C+,2.312,FAIL
49,34,89,78,34,284.0,56.8,C+,2.272,FAIL
72,56,45,59,47,279.0,55.8,C+,2.232,PASS
83,26,19,11,49,188.0,37.6,C,1.504,FAIL
77,43,82,53,31,286.0,57.2,C+,2.288,FAIL
27,54,16,2,13,112.0,22.4,NG,0.8960000000000001,FAIL
48,55,37,95,0,235.0,47.0,C,1.88,FAIL
4,24,53,63,17,161.0,32.2,NG,1.288,FAIL
59,29,40,60,15,203.0,40.6,C,1.624,FAIL
76,66,62,10,61,275.0,55.0,C+,2.2,FAIL
95,48,11,35,0,189.0,37.8,C,1.5119999999999998,FAIL
82,4,92,13,51,242.0,48.4,C,1.936,FAIL
6,66,22,56,19,169.0,33.8,NG,1.352,FAIL
18,51,62,12,52,195.0,39.0,C,1.56,FAIL
52,43,60,17,75,247.0,49.4,C,1.976,FAIL
24,27,75,32,61,219.0,43.8,C,1.7519999999999998,FAIL
92,44,82,98,97,413.0,82.6,A,3.304,PASS
35,25,98,40,7,205.0,41.0,C,1.64,FAIL
90,54,87,75,55,361.0,72.2,B+,2.888,PASS
74,74,33,86,32,299.0,59.8,C+,2.392,FAIL
46,36,23,62,98,265.0,53.0,C+,2.12,FAIL
2,28,81,92,4,207.0,41.4,C,1.656,FAIL
84,67,84,35,13,283.0,56.6,C+,2.264,FAIL
10,31,50,62,30,183.0,36.6,C,1.464,FAIL
93,41,99,54,29,316.0,63.2,B,2.528,FAIL
97,98,19,11,47,272.0,54.4,C+,2.176,FAIL
77,93,62,26,11,269.0,53.8,C+,2.152,FAIL
26,49,40,95,75,285.0,57.0,C+,2.28,FAIL
3,51,43,73,32,202.0,40.4,C,1.6160000000000003,FAIL
77,43,28,68,94,310.0,62.0,B,2.48,FAIL
22,54,33,81,18,208.0,41.6,C,1.6640000000000001,FAIL
6,34,80,18,35,173.0,34.6,NG,1.3839999999999997,FAIL
61,18,25,26,39,169.0,33.8,NG,1.352,FAIL
12,39,73,94,84,302.0,60.4,B,2.416,FAIL
26,31,77,65,69,268.0,53.6,C+,2.144,FAIL
88,85,11,34,75,293.0,58.6,C+,2.344,FAIL
8,12,77,43,61,201.0,40.2,C,1.608,FAIL
33,83,12,57,50,235.0,47.0,C,1.88,FAIL
81,33,9,13,55,191.0,38.2,C,1.528,FAIL
16,27,29,26,53,151.0,30.2,NG,1.208,FAIL
32,53,86,42,81,294.0,58.8,C+,2.352,FAIL
43,47,5,83,62,240.0,48.0,C,1.92,FAIL
21,83,22,54,42,222.0,44.4,C,1.776,FAIL
40,93,84,92,49,358.0,71.6,B+,2.864,PASS
66,38,62,13,74,253.0,50.6,C+,2.024,FAIL
24,67,64,48,63,266.0,53.2,C+,2.128,FAIL
43,38,63,94,50,288.0,57.6,C+,2.304,PASS
24,35,50,9,8,126.0,25.2,NG,1.008,FAIL
93,89,26,97,75,380.0,76.0,B+,3.04,FAIL
45,25,57,7,46,180.0,36.0,C,1.44,FAIL
45,87,74,17,93,316.0,63.2,B,2.528,FAIL
25,44,83,32,1,185.0,37.0,C,1.48,FAIL
1,22,54,83,44,204.0,40.8,C,1.632,FAIL
75,3,88,96,27,289.0,57.8,C+,2.312,FAIL
49,51,26,33,18,177.0,35.4,C,1.416,FAIL
94,79,90,38,50,351.0,70.2,B+,2.8079999999999994,PASS
77,4,51,34,13,179.0,35.8,C,1.432,FAIL
60,65,41,55,72,293.0,58.6,C+,2.344,PASS
30,80,80,13,68,271.0,54.2,C+,2.168,FAIL
52,74,12,61,30,229.0,45.8,C,1.832,FAIL
98,35,94,41,76,344.0,68.8,B,2.752,PASS
2,54,80,82,86,304.0,60.8,B,2.432,FAIL
6,54,63,30,33,186.0,37.2,C,1.4880000000000002,FAIL
8,48,83,75,98,312.0,62.4,B,2.496,FAIL
41,83,30,50,93,297.0,59.4,C+,2.376,FAIL
52,15,36,31,10,144.0,28.8,NG,1.152,FAIL
67,50,30,40,59,246.0,49.2,C,1.9680000000000002,FAIL
57,63,3,54,2,179.0,35.8,C,1.432,FAIL
35,87,73,67,34,296.0,59.2,C+,2.368,FAIL
98,37,84,36,13,268.0,53.6,C+,2.144,FAIL
60,83,72,36,0,251.0,50.2,C+,2.008,FAIL
81,82,38,30,30,261.0,52.2,C+,2.088,FAIL
11,18,27,12,70,138.0,27.6,NG,1.104,FAIL
73,17,9,80,88,267.0,53.4,C+,2.136,FAIL
5,9,94,26,12,146.0,29.2,NG,1.168,FAIL
26,78,32,8,32,176.0,35.2,C,1.408,FAIL
95,83,14,38,97,327.0,65.4,B,2.616,FAIL
62,19,91,97,31,300.0,60.0,B,2.4,FAIL
87,79,90,59,42,357.0,71.4,B+,2.856,PASS
95,23,82,73,48,321.0,64.2,B,2.568,FAIL
9,36,5,93,52,195.0,39.0,C,1.56,FAIL
23,27,75,12,48,185.0,37.0,C,1.48,FAIL
5,25,78,97,61,266.0,53.2,C+,2.128,FAIL
32,64,28,16,91,231.0,46.2,C,1.848,FAIL
13,87,45,28,95,268.0,53.6,C+,2.144,FAIL
7,11,21,22,85,146.0,29.2,NG,1.168,FAIL
65,11,61,80,68,285.0,57.0,C+,2.28,FAIL
85,46,13,50,58,252.0,50.4,C+,2.016,FAIL
22,0,50,16,60,148.0,29.6,NG,1.184,FAIL
33,47,78,87,26,271.0,54.2,C+,2.168,FAIL
77,94,97,68,71,407.0,81.4,A,3.256,PASS
16,59,65,45,61,246.0,49.2,C,1.9680000000000002,FAIL
36,13,94,56,55,254.0,50.8,C+,2.032,FAIL
83,98,78,32,11,302.0,60.4,B,2.416,FAIL
99,83,7,57,79,325.0,65.0,B,2.6,FAIL
8,73,70,16,22,189.0,37.8,C,1.5119999999999998,FAIL
99,63,42,11,38,253.0,50.6,C+,2.024,FAIL
73,5,64,4,21,167.0,33.4,NG,1.3359999999999999,FAIL
82,71,13,29,57,252.0,50.4,C+,2.016,FAIL
16,93,24,8,65,206.0,41.2,C,1.648,FAIL
38,57,66,95,44,300.0,60.0,B,2.4,PASS
17,60,45,40,64,226.0,45.2,C,1.808,FAIL
92,36,37,99,34,298.0,59.6,C+,2.384,FAIL
18,76,14,10,8,126.0,25.2,NG,1.008,FAIL
67,98,33,30,90,318.0,63.6,B,2.544,FAIL
66,93,86,27,19,291.0,58.2,C+,2.328,FAIL
61,60,75,3,19,218.0,43.6,C,1.744,FAIL
55,80,41,12,9,197.0,39.4,C,1.5759999999999998,FAIL
24,15,17,56,17,129.0,25.8,NG,1.032,FAIL
47,29,32,68,15,191.0,38.2,C,1.528,FAIL
70,5,67,96,87,325.0,65.0,B,2.6,FAIL
30,78,78,44,36,266.0,53.2,C+,2.128,FAIL
78,16,46,27,31,198.0,39.6,C,1.584,FAIL
75,78,90,3,7,253.0,50.6,C+,2.024,FAIL
97,77,43,83,97,397.0,79.4,B+,3.176,PASS
28,31,77,73,87,296.0,59.2,C+,2.368,FAIL
41,45,32,64,34,216.0,43.2,C,1.7280000000000002,FAIL
57,24,97,67,32,277.0,55.4,C+,2.216,FAIL
51,44,47,57,24,223.0,44.6,C,1.784,FAIL
1,91,14,77,50,233.0,46.6,C,1.864,FAIL
70,19,81,44,79,293.0,58.6,C+,2.344,FAIL
13,55,90,50,74,282.0,56.4,C+,2.256,FAIL
61,52,43,28,71,255.0,51.0,C+,2.04,FAIL
13,99,97,75,33,317.0,63.4,B,2.536,FAIL
84,11,53,8,90,246.0,49.2,C,1.9680000000000002,FAIL
8,52,99,90,20,269.0,53.8,C+,2.152,FAIL
45,71,17,50,16,199.0,39.8,C,1.592,FAIL
71,82,0,7,30,190.0,38.0,C,1.52,FAIL
21,32,65,29,96,243.0,48.6,C,1.944,FAIL
20,62,28,1,18,129.0,25.8,NG,1.032,FAIL
39,15,46,40,69,209.0,41.8,C,1.672,FAIL
74,51,57,97,69,348.0,69.6,B,2.784,PASS
55,98,47,91,14,305.0,61.0,B,2.44,FAIL
48,40,89,34,17,228.0,45.6,C,1.824,FAIL
11,64,22,91,26,214.0,42.8,C,1.712,FAIL
14,78,38,63,25,218.0,43.6,C,1.744,FAIL
87,25,8,36,69,225.0,45.0,C,1.8,FAIL
22,60,84,56,98,320.0,64.0,B,2.56,FAIL
43,50,82,74,21,270.0,54.0,C+,2.16,FAIL
6,61,47,25,50,189.0,37.8,C,1.5119999999999998,FAIL
68,98,30,26,73,295.0,59.0,C+,2.36,FAIL
75,29,43,56,86,289.0,57.8,C+,2.312,FAIL
60,93,4,85,12,254.0,50.8,C+,2.032,FAIL
33,35,67,4,62,201.0,40.2,C,1.608,FAIL
53,48,99,0,51,251.0,50.2,C+,2.008,FAIL
88,31,25,8,15,167.0,33.4,NG,1.3359999999999999,FAIL
93,24,86,55,26,284.0,56.8,C+,2.272,FAIL
4,29,41,32,95,201.0,40.2,C,1.608,FAIL
57,1,9,63,12,142.0,28.4,NG,1.136,FAIL
92,46,59,14,76,287.0,57.4,C+,2.296,FAIL
58,23,66,6,82,235.0,47.0,C,1.88,FAIL
24,95,66,0,0,185.0,37.0,C,1.48,FAIL
66,87,85,19,58,315.0,63.0,B,2.52,FAIL
17,26,12,56,10,121.0,24.2,NG,0.968,FAIL
14,31,61,22,22,150.0,30.0,NG,1.2,FAIL
74,87,63,81,97,402.0,80.4,A,3.216,PASS
38,90,35,57,38,258.0,51.6,C+,2.064,PASS
34,34,46,97,47,258.0,51.6,C+,2.064,FAIL
30,96,63,15,47,251.0,50.2,C+,2.008,FAIL
23,68,47,69,7,214.0,42.8,C,1.712,FAIL
29,65,34,82,58,268.0,53.6,C+,2.144,FAIL
66,75,62,18,37,258.0,51.6,C+,2.064,FAIL
96,35,21,36,40,228.0,45.6,C,1.824,FAIL
58,59,59,64,36,276.0,55.2,C+,2.208,PASS
80,11,44,26,43,204.0,40.8,C,1.632,FAIL
51,6,93,57,59,266.0,53.2,C+,2.128,FAIL
4,39,23,58,22,146.0,29.2,NG,1.168,FAIL
11,46,12,74,82,225.0,45.0,C,1.8,FAIL
20,41,21,81,53,216.0,43.2,C,1.7280000000000002,FAIL
53,59,23,91,95,321.0,64.2,B,2.568,FAIL
60,89,88,99,44,380.0,76.0,B+,3.04,PASS
82,16,41,73,77,289.0,57.8,C+,2.312,FAIL
10,72,53,53,58,246.0,49.2,C,1.9680000000000002,FAIL
59,97,16,60,97,329.0,65.8,B,2.6319999999999997,FAIL
26,43,77,50,70,266.0,53.2,C+,2.128,FAIL
94,20,76,24,19,233.0,46.6,C,1.864,FAIL
0,24,76,81,99,280.0,56.0,C+,2.24,FAIL
75,98,6,99,95,373.0,74.6,B+,2.984,FAIL
5,93,25,10,66,199.0,39.8,C,1.592,FAIL
4,41,93,86,39,263.0,52.6,C+,2.104,FAIL
89,89,7,5,38,228.0,45.6,C,1.824,FAIL
6,96,39,6,79,226.0,45.2,C,1.808,FAIL
14,74,26,78,9,201.0,40.2,C,1.608,FAIL
25,3,49,96,87,260.0,52.0,C+,2.08,FAIL
56,26,89,0,35,206.0,41.2,C,1.648,FAIL
1,40,8,14,92,155.0,31.0,NG,1.24,FAIL
7,5,56,61,52,181.0,36.2,C,1.4479999999999997,FAIL
37,53,81,53,35,259.0,51.8,C+,2.072,PASS
84,18,73,13,65,253.0,50.6,C+,2.024,FAIL
92,95,55,17,30,289.0,57.8,C+,2.312,FAIL
76,61,98,57,34,326.0,65.2,B,2.608,FAIL
30,16,64,4,63,177.0,35.4,C,1.416,FAIL
29,3,14,75,64,185.0,37.0,C,1.48,FAIL
89,87,67,77,73,393.0,78.6,B+,3.144,PASS
60,39,85,44,44,272.0,54.4,C+,2.176,PASS
84,58,40,38,63,283.0,56.6,C+,2.264,PASS
37,21,17,20,11,106.0,21.2,NG,0.848,FAIL
26,48,28,43,85,230.0,46.0,C,1.84,FAIL
9,7,50,87,53,206.0,41.2,C,1.648,FAIL
12,77,13,80,8,190.0,38.0,C,1.52,FAIL
63,29,3,41,16,152.0,30.4,NG,1.216,FAIL
43,70,87,86,15,301.0,60.2,B,2.408,FAIL
86,65,70,42,37,300.0,60.0,B,2.4,PASS
55,59,65,97,35,311.0,62.2,B,2.488,PASS
57,63,3,61,95,279.0,55.8,C+,2.232,FAIL
49,9,55,63,30,206.0,41.2,C,1.648,FAIL
53,49,21,95,54,272.0,54.4,C+,2.176,FAIL
62,60,0,9,88,219.0,43.8,C,1.7519999999999998,FAIL
36,60,82,43,76,297.0,59.4,C+,2.376,PASS
92,22,36,24,1,175.0,35.0,C,1.4,FAIL
53,33,38,21,49,194.0,38.8,C,1.5520000000000003,FAIL
30,35,49,11,11,136.0,27.2,NG,1.088,FAIL
85,12,13,99,71,280.0,56.0,C+,2.24,FAIL
70,2,69,87,16,244.0,48.8,C,1.952,FAIL
81,79,65,5,76,306.0,61.2,B,2.448,FAIL
12,34,86,38,85,255.0,51.0,C+,2.04,FAIL
21,44,12,41,80,198.0,39.6,C,1.584,FAIL
86,53,17,73,80,309.0,61.8,B,2.472,FAIL
21,68,34,57,68,248.0,49.6,C,1.984,FAIL
17,19,40,99,7,182.0,36.4,C,1.456,FAIL
56,50,63,85,18,272.0,54.4,C+,2.176,FAIL
47,11,71,18,6,153.0,30.6,NG,1.224,FAIL
20,77,29,12,76,214.0,42.8,C,1.712,FAIL
58,14,36,76,34,218.0,43.6,C,1.744,FAIL
89,70,12,26,95,292.0,58.4,C+,2.336,FAIL
14,38,78,21,28,179.0,35.8,C,1.432,FAIL
13,63,97,67,17,257.0,51.4,C+,2.056,FAIL
24,30,94,55,33,236.0,47.2,C,1.888,FAIL
38,21,43,60,39,201.0,40.2,C,1.608,FAIL
77,12,0,49,92,230.0,46.0,C,1.84,FAIL
6,55,80,42,81,264.0,52.8,C+,2.112,FAIL
51,31,94,78,47,301.0,60.2,B,2.408,FAIL
73,52,95,12,31,263.0,52.6,C+,2.104,FAIL
87,59,79,97,39,361.0,72.2,B+,2.888,PASS
43,64,18,54,1,180.0,36.0,C,1.44,FAIL
29,52,88,74,68,311.0,62.2,B,2.488,FAIL
47,46,2,25,51,171.0,34.2,NG,1.368,FAIL
19,99,58,23,64,263.0,52.6,C+,2.104,FAIL
81,74,51,72,38,316.0,63.2,B,2.528,PASS
84,79,9,98,57,327.0,65.4,B,2.616,FAIL
60,72,49,90,50,321.0,64.2,B,2.568,PASS
81,88,82,50,11,312.0,62.4,B,2.496,FAIL
62,4,92,78,12,248.0,49.6,C,1.984,FAIL
1,61,76,53,4,195.0,39.0,C,1.56,FAIL
26,52,61,8,22,169.0,33.8,NG,1.352,FAIL
52,93,79,55,15,294.0,58.8,C+,2.352,FAIL
48,0,78,72,19,217.0,43.4,C,1.736,FAIL
24,74,58,49,96,301.0,60.2,B,2.408,FAIL
98,63,12,57,23,253.0,50.6,C+,2.024,FAIL
35,10,63,11,78,197.0,39.4,C,1.5759999999999998,FAIL
11,25,39,58,46,179.0,35.8,C,1.432,FAIL
59,74,31,55,41,260.0,52.0,C+,2.08,FAIL
1,88,12,7,41,149.0,29.8,NG,1.192,FAIL
74,75,93,86,52,380.0,76.0,B+,3.04,PASS
87,47,19,79,64,296.0,59.2,C+,2.368,FAIL
12,9,43,58,23,145.0,29.0,NG,1.16,FAIL
36,43,73,38,15,205.0,41.0,C,1.64,FAIL
12,37,39,22,21,131.0,26.2,NG,1.048,FAIL
42,4,31,17,45,139.0,27.8,NG,1.112,FAIL
96,21,28,76,94,315.0,63.0,B,2.52,FAIL
35,12,13,74,15,149.0,29.8,NG,1.192,FAIL
52,44,18,46,45,205.0,41.0,C,1.64,FAIL
96,81,43,48,13,281.0,56.2,C+,2.248,FAIL
80,47,56,45,17,245.0,49.0,C,1.96,FAIL
21,55,6,5,93,180.0,36.0,C,1.44,FAIL
11,32,54,93,67,257.0,51.4,C+,2.056,FAIL
7,2,40,71,24,144.0,28.8,NG,1.152,FAIL
4,35,39,8,16,102.0,20.4,NG,0.816,FAIL
82,71,75,38,21,287.0,57.4,C+,2.296,FAIL
64,99,52,54,60,329.0,65.8,B,2.6319999999999997,PASS
39,4,73,26,87,229.0,45.8,C,1.832,FAIL
29,68,55,75,66,293.0,58.6,C+,2.344,FAIL
8,57,18,86,51,220.0,44.0,C,1.76,FAIL
25,9,56,79,31,200.0,40.0,C,1.6,FAIL
65,18,77,53,68,281.0,56.2,C+,2.248,FAIL
42,99,24,45,15,225.0,45.0,C,1.8,FAIL
64,18,49,77,80,288.0,57.6,C+,2.304,FAIL
60,15,32,16,6,129.0,25.8,NG,1.032,FAIL
65,66,72,63,92,358.0,71.6,B+,2.864,PASS
81,15,59,85,65,305.0,61.0,B,2.44,FAIL
3,95,68,17,41,224.0,44.8,C,1.7920000000000003,FAIL
80,56,63,91,35,325.0,65.0,B,2.6,PASS
7,58,92,35,38,230.0,46.0,C,1.84,FAIL
92,59,61,55,21,288.0,57.6,C+,2.304,FAIL
45,54,91,57,24,271.0,54.2,C+,2.168,FAIL
66,25,6,53,40,190.0,38.0,C,1.52,FAIL
32,96,42,79,83,332.0,66.4,B,2.656,FAIL
24,21,63,27,41,176.0,35.2,C,1.408,FAIL
77,70,86,36,19,288.0,57.6,C+,2.304,FAIL
79,5,47,93,54,278.0,55.6,C+,2.224,FAIL
0,27,64,76,64,231.0,46.2,C,1.848,FAIL
67,28,13,56,90,254.0,50.8,C+,2.032,FAIL
22,49,95,79,0,245.0,49.0,C,1.96,FAIL
30,59,34,0,28,151.0,30.2,NG,1.208,FAIL
52,74,22,13,13,174.0,34.8,NG,1.392,FAIL
79,28,51,58,50,266.0,53.2,C+,2.128,FAIL
62,78,4,57,13,214.0,42.8,C,1.712,FAIL
33,94,20,25,37,209.0,41.8,C,1.672,FAIL
44,59,1,3,72,179.0,35.8,C,1.432,FAIL
76,34,67,1,20,198.0,39.6,C,1.584,FAIL
57,51,45,96,55,304.0,60.8,B,2.432,PASS
43,50,79,27,95,294.0,58.8,C+,2.352,FAIL
97,76,36,54,76,339.0,67.8,B,2.7120000000000006,PASS
80,85,77,58,24,324.0,64.8,B,2.592,FAIL
55,12,39,9,95,210.0,42.0,C,1.68,FAIL
32,4,44,7,92,179.0,35.8,C,1.432,FAIL
18,62,76,67,29,252.0,50.4,C+,2.016,FAIL
45,13,74,90,75,297.0,59.4,C+,2.376,FAIL
66,20,26,45,20,177.0,35.4,C,1.416,FAIL
3,60,66,68,18,215.0,43.0,C,1.72,FAIL
17,32,38,24,39,150.0,30.0,NG,1.2,FAIL
12,8,2,28,57,107.0,21.4,NG,0.856,FAIL
38,7,94,70,92,301.0,60.2,B,2.408,FAIL
53,85,88,66,62,354.0,70.8,B+,2.832,PASS
56,81,93,20,54,304.0,60.8,B,2.432,FAIL
68,82,83,29,12,274.0,54.8,C+,2.192,FAIL
18,87,74,91,17,287.0,57.4,C+,2.296,FAIL
2,46,97,74,37,256.0,51.2,C+,2.048,FAIL
81,30,69,24,59,263.0,52.6,C+,2.104,FAIL
1,90,56,76,64,287.0,57.4,C+,2.296,FAIL
47,36,61,83,99,326.0,65.2,B,2.608,PASS
80,91,65,37,36,309.0,61.8,B,2.472,PASS
67,69,1,86,70,293.0,58.6,C+,2.344,FAIL
13,1,26,21,0,61.0,12.2,NG,0.488,FAIL
44,11,20,48,82,205.0,41.0,C,1.64,FAIL
85,56,82,93,81,397.0,79.4,B+,3.176,PASS
12,78,17,96,43,246.0,49.2,C,1.9680000000000002,FAIL
45,65,76,76,91,353.0,70.6,B+,2.824,PASS
62,82,93,96,99,432.0,86.4,A,3.4560000000000004,PASS
52,57,23,5,53,190.0,38.0,C,1.52,FAIL
67,46,30,82,56,281.0,56.2,C+,2.248,FAIL
79,84,89,51,89,392.0,78.4,B+,3.136,PASS
83,86,26,9,20,224.0,44.8,C,1.7920000000000003,FAIL
44,48,11,16,64,183.0,36.6,C,1.464,FAIL
73,24,53,18,28,196.0,39.2,C,1.568,FAIL
57,23,3,51,15,149.0,29.8,NG,1.192,FAIL
19,73,29,87,58,266.0,53.2,C+,2.128,FAIL
25,70,99,83,64,341.0,68.2,B,2.728,FAIL
48,21,14,76,73,232.0,46.4,C,1.8560000000000003,FAIL
0,12,70,4,66,152.0,30.4,NG,1.216,FAIL
97,89,44,88,44,362.0,72.4,B+,2.8959999999999995,PASS
38,6,47,68,58,217.0,43.4,C,1.736,FAIL
55,96,59,80,77,367.0,73.4,B+,2.9360000000000004,PASS
40,76,24,42,11,193.0,38.6,C,1.544,FAIL
64,46,2,70,80,262.0,52.4,C+,2.096,FAIL
60,9,87,96,84,336.0,67.2,B,2.688,FAIL
15,1,88,50,70,224.0,44.8,C,1.7920000000000003,FAIL
82,8,96,9,7,202.0,40.4,C,1.6160000000000003,FAIL
99,22,51,97,71,340.0,68.0,B,2.72,FAIL
80,73,72,4,2,231.0,46.2,C,1.848,FAIL
67,5,42,53,87,254.0,50.8,C+,2.032,FAIL
55,70,8,86,88,307.0,61.4,B,2.456,FAIL
25,37,33,61,82,238.0,47.6,C,1.9039999999999997,FAIL
55,48,56,36,18,213.0,42.6,C,1.704,FAIL
78,22,91,58,44,293.0,58.6,C+,2.344,FAIL
14,74,61,89,91,329.0,65.8,B,2.6319999999999997,FAIL
75,91,18,52,47,283.0,56.6,C+,2.264,FAIL
43,31,94,3,74,245.0,49.0,C,1.96,FAIL
83,66,2,33,12,196.0,39.2,C,1.568,FAIL
84,41,95,0,72,292.0,58.4,C+,2.336,FAIL
99,5,85,79,30,298.0,59.6,C+,2.384,FAIL
40,38,91,87,90,346.0,69.2,B,2.7679999999999993,PASS
58,46,70,6,13,193.0,38.6,C,1.544,FAIL
60,47,49,8,42,206.0,41.2,C,1.648,FAIL
37,61,27,32,8,165.0,33.0,NG,1.32,FAIL
28,2,54,82,3,169.0,33.8,NG,1.352,FAIL
91,13,25,42,94,265.0,53.0,C+,2.12,FAIL
7,20,49,1,13,90.0,18.0,NG,0.72,FAIL
25,23,82,13,34,177.0,35.4,C,1.416,FAIL
76,81,33,39,53,282.0,56.4,C+,2.256,FAIL
55,69,34,8,42,208.0,41.6,C,1.6640000000000001,FAIL
39,44,70,47,22,222.0,44.4,C,1.776,FAIL
73,27,10,10,87,207.0,41.4,C,1.656,FAIL
86,20,55,36,94,291.0,58.2,C+,2.328,FAIL
26,38,21,76,62,223.0,44.6,C,1.784,FAIL
89,68,98,95,32,382.0,76.4,B+,3.056,FAIL
49,44,10,82,33,218.0,43.6,C,1.744,FAIL
94,93,11,82,89,369.0,73.8,B+,2.952,FAIL
83,19,22,45,36,205.0,41.0,C,1.64,FAIL
29,77,87,1,68,262.0,52.4,C+,2.096,FAIL
74,74,48,33,83,312.0,62.4,B,2.496,FAIL
82,66,49,14,75,286.0,57.2,C+,2.288,FAIL
4,94,54,95,55,302.0,60.4,B,2.416,FAIL
10,67,62,54,11,204.0,40.8,C,1.632,FAIL
60,7,16,72,74,229.0,45.8,C,1.832,FAIL
30,14,38,16,25,123.0,24.6,NG,0.9840000000000001,FAIL
24,35,92,31,47,229.0,45.8,C,1.832,FAIL
60,14,70,60,39,243.0,48.6,C,1.944,FAIL
21,84,29,10,36,180.0,36.0,C,1.44,FAIL
28,80,48,56,81,293.0,58.6,C+,2.344,FAIL
30,64,0,84,38,216.0,43.2,C,1.7280000000000002,FAIL
4,54,3,99,72,232.0,46.4,C,1.8560000000000003,FAIL
3,47,10,50,67,177.0,35.4,C,1.416,FAIL
70,35,43,47,43,238.0,47.6,C,1.9039999999999997,PASS
11,89,43,56,55,254.0,50.8,C+,2.032,FAIL
81,49,56,91,60,337.0,67.4,B,2.696,PASS
63,77,71,77,68,356.0,71.2,B+,2.8480000000000003,PASS
18,17,53,37,80,205.0,41.0,C,1.64,FAIL
16,22,74,93,45,250.0,50.0,C+,2.0,FAIL
62,29,58,89,25,263.0,52.6,C+,2.104,FAIL
47,64,55,24,49,239.0,47.8,C,1.912,FAIL
43,98,85,25,98,349.0,69.8,B,2.792,FAIL
71,80,92,17,34,294.0,58.8,C+,2.352,FAIL
77,56,38,88,22,281.0,56.2,C+,2.248,FAIL
26,78,77,86,56,323.0,64.6,B,2.5840000000000005,FAIL
31,59,89,16,32,227.0,45.4,C,1.8159999999999998,FAIL
50,32,3,84,54,223.0,44.6,C,1.784,FAIL
23,58,61,23,65,230.0,46.0,C,1.84,FAIL
26,31,28,40,93,218.0,43.6,C,1.744,FAIL
22,11,99,11,60,203.0,40.6,C,1.624,FAIL
1,18,83,35,31,168.0,33.6,NG,1.344,FAIL
84,9,77,85,11,266.0,53.2,C+,2.128,FAIL
15,41,75,12,26,169.0,33.8,NG,1.352,FAIL
71,70,73,10,0,224.0,44.8,C,1.7920000000000003,FAIL
61,6,35,88,78,268.0,53.6,C+,2.144,FAIL
60,3,73,16,7,159.0,31.8,NG,1.272,FAIL
66,3,18,97,16,200.0,40.0,C,1.6,FAIL
11,84,48,87,62,292.0,58.4,C+,2.336,FAIL
41,84,88,23,63,299.0,59.8,C+,2.392,FAIL
55,69,21,29,52,226.0,45.2,C,1.808,FAIL
53,36,46,95,4,234.0,46.8,C,1.872,FAIL
5,58,93,44,0,200.0,40.0,C,1.6,FAIL
8,30,98,62,18,216.0,43.2,C,1.7280000000000002,FAIL
26,80,21,42,28,197.0,39.4,C,1.5759999999999998,FAIL
73,91,10,57,39,270.0,54.0,C+,2.16,FAIL
45,18,61,44,23,191.0,38.2,C,1.528,FAIL
26,22,72,68,29,217.0,43.4,C,1.736,FAIL
74,67,41,2,62,246.0,49.2,C,1.9680000000000002,FAIL
37,2,22,22,13,96.0,19.2,NG,0.768,FAIL
12,80,69,82,35,278.0,55.6,C+,2.224,FAIL
79,64,20,53,5,221.0,44.2,C,1.768,FAIL
80,74,65,84,85,388.0,77.6,B+,3.1040000000000005,PASS
41,56,81,26,73,277.0,55.4,C+,2.216,FAIL
3,18,52,30,58,161.0,32.2,NG,1.288,FAIL
33,80,6,60,48,227.0,45.4,C,1.8159999999999998,FAIL
63,29,74,72,6,244.0,48.8,C,1.952,FAIL
4,78,54,75,54,265.0,53.0,C+,2.12,FAIL
47,31,51,77,32,238.0,47.6,C,1.9039999999999997,FAIL
40,16,2,46,4,108.0,21.6,NG,0.8640000000000001,FAIL
79,7,71,32,37,226.0,45.2,C,1.808,FAIL
40,57,59,82,8,246.0,49.2,C,1.9680000000000002,FAIL
26,43,1,39,58,167.0,33.4,NG,1.3359999999999999,FAIL
37,46,15,62,92,252.0,50.4,C+,2.016,FAIL
13,57,88,61,91,310.0,62.0,B,2.48,FAIL
83,91,0,95,86,355.0,71.0,B+,2.84,FAIL
74,67,34,88,26,289.0,57.8,C+,2.312,FAIL
11,6,54,49,29,149.0,29.8,NG,1.192,FAIL
10,57,8,4,59,138.0,27.6,NG,1.104,FAIL
90,44,19,95,71,319.0,63.8,B,2.552,FAIL
99,30,81,60,36,306.0,61.2,B,2.448,FAIL
12,7,29,31,3,82.0,16.4,NG,0.6560000000000001,FAIL
38,84,13,65,92,292.0,58.4,C+,2.336,FAIL
62,86,16,16,6,186.0,37.2,C,1.4880000000000002,FAIL
71,18,74,69,24,256.0,51.2,C+,2.048,FAIL
65,20,99,21,41,246.0,49.2,C,1.9680000000000002,FAIL
1,43,93,71,95,303.0,60.6,B,2.424,FAIL
29,42,9,3,45,128.0,25.6,NG,1.024,FAIL
44,44,60,54,72,274.0,54.8,C+,2.192,PASS
24,92,45,78,20,259.0,51.8,C+,2.072,FAIL
93,45,92,35,13,278.0,55.6,C+,2.224,FAIL
13,21,51,7,44,136.0,27.2,NG,1.088,FAIL
7,11,39,15,54,126.0,25.2,NG,1.008,FAIL
32,65,70,12,73,252.0,50.4,C+,2.016,FAIL
90,48,66,64,84,352.0,70.4,B+,2.816,PASS
43,85,90,64,61,343.0,68.6,B,2.744,PASS
57,13,77,87,51,285.0,57.0,C+,2.28,FAIL
89,46,3,97,93,328.0,65.6,B,2.6240000000000006,FAIL
18,55,67,78,13,231.0,46.2,C,1.848,FAIL
36,48,64,11,56,215.0,43.0,C,1.72,FAIL
36,28,14,38,66,182.0,36.4,C,1.456,FAIL
88,57,3,29,36,213.0,42.6,C,1.704,FAIL
30,86,2,63,57,238.0,47.6,C,1.9039999999999997,FAIL
18,23,67,62,78,248.0,49.6,C,1.984,FAIL
55,88,52,55,38,288.0,57.6,C+,2.304,PASS
50,78,98,93,66,385.0,77.0,B+,3.08,PASS
76,89,57,21,48,291.0,58.2,C+,2.328,FAIL
65,74,14,54,85,292.0,58.4,C+,2.336,FAIL
58,61,39,56,26,240.0,48.0,C,1.92,FAIL
47,46,10,58,95,256.0,51.2,C+,2.048,FAIL
49,25,17,96,91,278.0,55.6,C+,2.224,FAIL
41,22,29,42,25,159.0,31.8,NG,1.272,FAIL
17,44,9,33,23,126.0,25.2,NG,1.008,FAIL
30,55,25,69,45,224.0,44.8,C,1.7920000000000003,FAIL
6,30,69,21,35,161.0,32.2,NG,1.288,FAIL
36,99,18,61,95,309.0,61.8,B,2.472,FAIL
82,11,53,1,9,156.0,31.2,NG,1.248,FAIL
35,58,12,88,63,256.0,51.2,C+,2.048,FAIL
40,51,14,94,26,225.0,45.0,C,1.8,FAIL
46,19,82,82,1,230.0,46.0,C,1.84,FAIL
79,62,38,46,25,250.0,50.0,C+,2.0,FAIL
89,35,92,96,88,400.0,80.0,A,3.2,PASS
63,58,0,78,24,223.0,44.6,C,1.784,FAIL
88,41,36,47,44,256.0,51.2,C+,2.048,PASS
98,35,83,17,14,247.0,49.4,C,1.976,FAIL
5,84,56,64,61,270.0,54.0,C+,2.16,FAIL
54,49,29,38,94,264.0,52.8,C+,2.112,FAIL
25,15,0,2,69,111.0,22.2,NG,0.888,FAIL
3,22,8,48,43,124.0,24.8,NG,0.992,FAIL
68,98,79,76,63,384.0,76.8,B+,3.072,PASS
76,29,56,31,2,194.0,38.8,C,1.5520000000000003,FAIL
14,33,75,20,88,230.0,46.0,C,1.84,FAIL
21,32,69,86,18,226.0,45.2,C,1.808,FAIL
62,86,70,26,55,299.0,59.8,C+,2.392,FAIL
15,88,82,83,27,295.0,59.0,C+,2.36,FAIL
29,15,5,21,50,120.0,24.0,NG,0.96,FAIL
75,1,58,66,5,205.0,41.0,C,1.64,FAIL
44,89,20,24,62,239.0,47.8,C,1.912,FAIL
54,16,81,22,63,236.0,47.2,C,1.888,FAIL
48,78,72,1,92,291.0,58.2,C+,2.328,FAIL
87,92,42,43,89,353.0,70.6,B+,2.824,PASS
44,96,14,77,37,268.0,53.6,C+,2.144,FAIL
66,49,16,15,70,216.0,43.2,C,1.7280000000000002,FAIL
64,89,49,64,29,295.0,59.0,C+,2.36,FAIL
71,96,86,45,88,386.0,77.2,B+,3.088,PASS
93,8,4,33,3,141.0,28.2,NG,1.128,FAIL
23,49,80,32,64,248.0,49.6,C,1.984,FAIL
83,77,8,32,28,228.0,45.6,C,1.824,FAIL
58,10,40,35,47,190.0,38.0,C,1.52,FAIL
31,5,81,94,49,260.0,52.0,C+,2.08,FAIL
84,70,88,31,9,282.0,56.4,C+,2.256,FAIL
12,32,24,63,32,163.0,32.6,NG,1.304,FAIL
52,47,62,8,44,213.0,42.6,C,1.704,FAIL
90,59,89,27,6,271.0,54.2,C+,2.168,FAIL
53,57,37,2,77,226.0,45.2,C,1.808,FAIL
62,50,43,54,93,302.0,60.4,B,2.416,PASS
5,75,4,20,6,110.0,22.0,NG,0.88,FAIL
24,17,54,9,23,127.0,25.4,NG,1.016,FAIL
77,0,32,37,83,229.0,45.8,C,1.832,FAIL
61,77,24,49,71,282.0,56.4,C+,2.256,FAIL
46,10,4,81,80,221.0,44.2,C,1.768,FAIL
13,14,16,70,4,117.0,23.4,NG,0.936,FAIL
49,7,52,18,63,189.0,37.8,C,1.5119999999999998,FAIL
34,16,28,39,14,131.0,26.2,NG,1.048,FAIL
71,32,89,78,10,280.0,56.0,C+,2.24,FAIL
13,46,34,60,32,185.0,37.0,C,1.48,FAIL
63,88,78,17,7,253.0,50.6,C+,2.024,FAIL
26,30,42,2,3,103.0,20.6,NG,0.824,FAIL
25,15,48,92,7,187.0,37.4,C,1.496,FAIL
11,48,69,65,57,250.0,50.0,C+,2.0,FAIL
23,81,3,45,8,160.0,32.0,NG,1.28,FAIL
2,1,2,61,1,67.0,13.4,NG,0.536,FAIL
95,11,92,5,44,247.0,49.4,C,1.976,FAIL
96,35,42,16,74,263.0,52.6,C+,2.104,FAIL
64,42,89,11,18,224.0,44.8,C,1.7920000000000003,FAIL
42,64,8,98,82,294.0,58.8,C+,2.352,FAIL
30,48,6,84,39,207.0,41.4,C,1.656,FAIL
39,30,50,83,34,236.0,47.2,C,1.888,FAIL
88,42,22,67,66,285.0,57.0,C+,2.28,FAIL
27,99,85,34,53,298.0,59.6,C+,2.384,FAIL
83,80,31,96,98,388.0,77.6,B+,3.1040000000000005,FAIL
6,52,64,92,73,287.0,57.4,C+,2.296,FAIL
61,48,42,77,61,289.0,57.8,C+,2.312,PASS
25,0,77,42,75,219.0,43.8,C,1.7519999999999998,FAIL
95,69,34,75,79,352.0,70.4,B+,2.816,FAIL
8,22,69,72,31,202.0,40.4,C,1.6160000000000003,FAIL
83,5,4,19,67,178.0,35.6,C,1.4240000000000002,FAIL
6,46,86,70,7,215.0,43.0,C,1.72,FAIL
27,91,97,43,65,323.0,64.6,B,2.5840000000000005,FAIL
59,67,42,10,9,187.0,37.4,C,1.496,FAIL
99,92,21,62,59,333.0,66.6,B,2.664,FAIL
21,4,32,79,72,208.0,41.6,C,1.6640000000000001,FAIL
89,75,5,58,0,227.0,45.4,C,1.8159999999999998,FAIL
69,27,0,83,9,188.0,37.6,C,1.504,FAIL
58,90,95,86,24,353.0,70.6,B+,2.824,FAIL
66,22,53,19,25,185.0,37.0,C,1.48,FAIL
89,58,57,60,29,293.0,58.6,C+,2.344,FAIL
34,91,41,52,60,278.0,55.6,C+,2.224,FAIL
3,93,75,24,5,200.0,40.0,C,1.6,FAIL
80,94,83,20,90,367.0,73.4,B+,2.9360000000000004,FAIL
99,47,28,4,60,238.0,47.6,C,1.9039999999999997,FAIL
58,23,40,74,38,233.0,46.6,C,1.864,FAIL
47,98,10,36,73,264.0,52.8,C+,2.112,FAIL
70,43,89,8,39,249.0,49.8,C,1.992,FAIL
18,73,19,19,75,204.0,40.8,C,1.632,FAIL
34,37,18,50,12,151.0,30.2,NG,1.208,FAIL
63,32,15,95,70,275.0,55.0,C+,2.2,FAIL
69,98,77,58,85,387.0,77.4,B+,3.096,PASS
53,65,43,87,25,273.0,54.6,C+,2.184,FAIL
70,52,2,30,26,180.0,36.0,C,1.44,FAIL
61,38,41,44,3,187.0,37.4,C,1.496,FAIL
4,34,35,63,4,140.0,28.0,NG,1.12,FAIL
72,46,56,0,32,206.0,41.2,C,1.648,FAIL
75,25,95,96,75,366.0,73.2,B+,2.928,FAIL
41,85,95,57,49,327.0,65.4,B,2.616,PASS
72,9,48,83,47,259.0,51.8,C+,2.072,FAIL
2,48,29,44,81,204.0,40.8,C,1.632,FAIL
66,54,33,29,94,276.0,55.2,C+,2.208,FAIL
49,96,18,16,59,238.0,47.6,C,1.9039999999999997,FAIL
78,37,9,67,63,254.0,50.8,C+,2.032,FAIL
29,3,10,24,53,119.0,23.8,NG,0.9519999999999998,FAIL
14,7,36,61,76,194.0,38.8,C,1.5520000000000003,FAIL
64,48,38,97,34,281.0,56.2,C+,2.248,FAIL
85,43,47,13,53,241.0,48.2,C,1.928,FAIL
39,7,30,22,33,131.0,26.2,NG,1.048,FAIL
68,49,11,71,93,292.0,58.4,C+,2.336,FAIL
60,54,65,13,8,200.0,40.0,C,1.6,FAIL
23,44,17,13,54,151.0,30.2,NG,1.208,FAIL
38,43,85,32,91,289.0,57.8,C+,2.312,FAIL
21,89,90,48,31,279.0,55.8,C+,2.232,FAIL
61,14,55,64,37,231.0,46.2,C,1.848,FAIL
14,11,86,72,29,212.0,42.4,C,1.696,FAIL
62,61,7,93,93,316.0,63.2,B,2.528,FAIL
90,47,77,48,89,351.0,70.2,B+,2.8079999999999994,PASS
70,64,78,34,88,334.0,66.8,B,2.6719999999999997,FAIL
73,3,52,0,48,176.0,35.2,C,1.408,FAIL
44,71,36,53,37,241.0,48.2,C,1.928,PASS
35,78,41,10,76,240.0,48.0,C,1.92,FAIL
45,45,27,33,9,159.0,31.8,NG,1.272,FAIL
48,10,94,80,17,249.0,49.8,C,1.992,FAIL
74,30,86,58,59,307.0,61.4,B,2.456,FAIL
89,13,31,24,80,237.0,47.4,C,1.896,FAIL
70,13,39,50,15,187.0,37.4,C,1.496,FAIL
47,80,67,39,63,296.0,59.2,C+,2.368,PASS
36,3,36,90,2,167.0,33.4,NG,1.3359999999999999,FAIL
80,0,49,64,56,249.0,49.8,C,1.992,FAIL
6,82,56,42,2,188.0,37.6,C,1.504,FAIL
52,30,36,36,0,154.0,30.8,NG,1.232,FAIL
45,34,30,76,26,211.0,42.2,C,1.6879999999999997,FAIL
55,54,1,66,68,244.0,48.8,C,1.952,FAIL
26,8,49,41,53,177.0,35.4,C,1.416,FAIL
3,70,81,60,63,277.0,55.4,C+,2.216,FAIL
2,29,15,91,98,235.0,47.0,C,1.88,FAIL
47,93,30,80,16,266.0,53.2,C+,2.128,FAIL
95,66,10,79,0,250.0,50.0,C+,2.0,FAIL
61,29,81,63,14,248.0,49.6,C,1.984,FAIL
99,37,36,87,26,285.0,57.0,C+,2.28,FAIL
82,47,71,56,37,293.0,58.6,C+,2.344,PASS
88,92,55,5,22,262.0,52.4,C+,2.096,FAIL
20,34,43,94,56,247.0,49.4,C,1.976,FAIL
6,24,67,70,75,242.0,48.4,C,1.936,FAIL
16,47,11,69,88,231.0,46.2,C,1.848,FAIL
12,46,11,37,79,185.0,37.0,C,1.48,FAIL
33,76,35,6,92,242.0,48.4,C,1.936,FAIL
3,58,69,9,89,228.0,45.6,C,1.824,FAIL
54,0,58,42,20,174.0,34.8,NG,1.392,FAIL
76,88,96,31,18,309.0,61.8,B,2.472,FAIL
27,72,63,25,56,243.0,48.6,C,1.944,FAIL
48,31,35,4,25,143.0,28.6,NG,1.144,FAIL
58,20,60,89,42,269.0,53.8,C+,2.152,FAIL
86,38,28,98,88,338.0,67.6,B,2.704,FAIL
94,26,95,25,43,283.0,56.6,C+,2.264,FAIL
88,74,93,61,95,411.0,82.2,A,3.2879999999999994,PASS
22,3,60,59,91,235.0,47.0,C,1.88,FAIL
5,56,99,13,21,194.0,38.8,C,1.5520000000000003,FAIL
31,70,55,63,36,255.0,51.0,C+,2.04,FAIL
22,79,54,44,42,241.0,48.2,C,1.928,FAIL
73,15,2,48,58,196.0,39.2,C,1.568,FAIL
55,83,72,27,20,257.0,51.4,C+,2.056,FAIL
37,89,36,86,66,314.0,62.8,B,2.512,PASS
50,50,63,48,28,239.0,47.8,C,1.912,FAIL
79,61,73,18,81,312.0,62.4,B,2.496,FAIL
52,98,8,9,99,266.0,53.2,C+,2.128,FAIL
78,80,70,53,3,284.0,56.8,C+,2.272,FAIL
41,74,5,39,7,166.0,33.2,NG,1.328,FAIL
57,9,46,95,95,302.0,60.4,B,2.416,FAIL
17,48,31,97,18,211.0,42.2,C,1.6879999999999997,FAIL
14,4,23,47,56,144.0,28.8,NG,1.152,FAIL
96,27,13,5,89,230.0,46.0,C,1.84,FAIL
60,32,91,65,5,253.0,50.6,C+,2.024,FAIL
92,50,78,37,56,313.0,62.6,B,2.504,PASS
51,67,96,94,80,388.0,77.6,B+,3.1040000000000005,PASS
44,71,88,8,91,302.0,60.4,B,2.416,FAIL
39,1,91,94,41,266.0,53.2,C+,2.128,FAIL
71,70,72,86,13,312.0,62.4,B,2.496,FAIL
3,50,91,34,12,190.0,38.0,C,1.52,FAIL
25,42,6,24,93,190.0,38.0,C,1.52,FAIL
81,18,53,34,5,191.0,38.2,C,1.528,FAIL
97,23,46,75,12,253.0,50.6,C+,2.024,FAIL
7,39,16,35,85,182.0,36.4,C,1.456,FAIL
19,11,21,86,24,161.0,32.2,NG,1.288,FAIL
97,5,55,4,23,184.0,36.8,C,1.472,FAIL
86,82,77,45,88,378.0,75.6,B+,3.0239999999999996,PASS
90,54,17,11,49,221.0,44.2,C,1.768,FAIL
24,33,20,1,22,100.0,20.0,NG,0.8,FAIL
87,80,62,76,93,398.0,79.6,B+,3.184,PASS
97,64,29,29,91,310.0,62.0,B,2.48,FAIL
87,81,56,17,38,279.0,55.8,C+,2.232,FAIL
30,9,88,68,45,240.0,48.0,C,1.92,FAIL
22,78,63,67,97,327.0,65.4,B,2.616,FAIL
78,0,86,11,70,245.0,49.0,C,1.96,FAIL
86,77,5,54,21,243.0,48.6,C,1.944,FAIL
37,60,79,99,5,280.0,56.0,C+,2.24,FAIL
9,43,46,97,33,228.0,45.6,C,1.824,FAIL
47,48,24,51,69,239.0,47.8,C,1.912,FAIL
44,90,38,93,3,268.0,53.6,C+,2.144,FAIL
33,55,61,20,1,170.0,34.0,NG,1.36,FAIL
19,13,86,52,36,206.0,41.2,C,1.648,FAIL
88,42,41,22,46,239.0,47.8,C,1.912,FAIL
45,96,54,38,16,249.0,49.8,C,1.992,FAIL
89,68,98,57,25,337.0,67.4,B,2.696,FAIL
85,88,72,78,27,350.0,70.0,B+,2.8,FAIL
72,78,41,93,15,299.0,59.8,C+,2.392,FAIL
74,47,19,98,47,285.0,57.0,C+,2.28,FAIL
10,80,69,17,23,199.0,39.8,C,1.592,FAIL
52,79,7,55,30,223.0,44.6,C,1.784,FAIL
65,65,54,3,91,278.0,55.6,C+,2.224,FAIL
80,82,46,50,73,331.0,66.2,B,2.648,PASS
78,41,15,23,77,234.0,46.8,C,1.872,FAIL
35,33,99,4,88,259.0,51.8,C+,2.072,FAIL
50,83,96,94,54,377.0,75.4,B+,3.016,PASS
53,7,56,85,99,300.0,60.0,B,2.4,FAIL
33,67,35,10,62,207.0,41.4,C,1.656,FAIL
68,7,85,48,96,304.0,60.8,B,2.432,FAIL
49,92,41,25,74,281.0,56.2,C+,2.248,FAIL
60,56,30,60,51,257.0,51.4,C+,2.056,FAIL
54,17,47,36,97,251.0,50.2,C+,2.008,FAIL
73,83,92,69,69,386.0,77.2,B+,3.088,PASS
80,40,49,73,28,270.0,54.0,C+,2.16,FAIL
38,39,10,8,73,168.0,33.6,NG,1.344,FAIL
23,52,33,75,56,239.0,47.8,C,1.912,FAIL
14,9,7,26,44,100.0,20.0,NG,0.8,FAIL
20,79,91,53,31,274.0,54.8,C+,2.192,FAIL
74,72,70,18,46,280.0,56.0,C+,2.24,FAIL
1,81,96,57,87,322.0,64.4,B,2.576,FAIL
43,68,20,25,95,251.0,50.2,C+,2.008,FAIL
85,27,97,22,26,257.0,51.4,C+,2.056,FAIL
14,35,40,86,10,185.0,37.0,C,1.48,FAIL
94,31,5,46,30,206.0,41.2,C,1.648,FAIL
85,14,51,57,85,292.0,58.4,C+,2.336,FAIL
16,31,35,61,25,168.0,33.6,NG,1.344,FAIL
83,57,88,85,23,336.0,67.2,B,2.688,FAIL
59,9,54,49,92,263.0,52.6,C+,2.104,FAIL
73,22,76,92,37,300.0,60.0,B,2.4,FAIL
13,43,16,43,77,192.0,38.4,C,1.536,FAIL
91,97,44,45,25,302.0,60.4,B,2.416,FAIL
36,92,5,57,2,192.0,38.4,C,1.536,FAIL
99,87,88,80,17,371.0,74.2,B+,2.968,FAIL
48,50,7,29,57,191.0,38.2,C,1.528,FAIL
3,55,28,11,7,104.0,20.8,NG,0.8320000000000001,FAIL
48,17,43,26,79,213.0,42.6,C,1.704,FAIL
67,73,4,65,20,229.0,45.8,C,1.832,FAIL
7,88,35,25,85,240.0,48.0,C,1.92,FAIL
78,94,23,85,60,340.0,68.0,B,2.72,FAIL
11,1,66,35,28,141.0,28.2,NG,1.128,FAIL
78,60,93,96,84,411.0,82.2,A,3.2879999999999994,PASS
35,27,2,91,37,192.0,38.4,C,1.536,FAIL
41,67,42,14,45,209.0,41.8,C,1.672,FAIL
17,21,98,22,89,247.0,49.4,C,1.976,FAIL
14,76,99,6,0,195.0,39.0,C,1.56,FAIL
78,10,14,64,9,175.0,35.0,C,1.4,FAIL
67,60,67,78,17,289.0,57.8,C+,2.312,FAIL
11,24,61,65,17,178.0,35.6,C,1.4240000000000002,FAIL
68,99,13,54,41,275.0,55.0,C+,2.2,FAIL
51,38,18,13,17,137.0,27.4,NG,1.096,FAIL
7,51,58,82,29,227.0,45.4,C,1.8159999999999998,FAIL
19,70,25,54,78,246.0,49.2,C,1.9680000000000002,FAIL
92,82,38,25,60,297.0,59.4,C+,2.376,FAIL
56,76,86,64,92,374.0,74.8,B+,2.992,PASS
60,43,31,72,95,301.0,60.2,B,2.408,FAIL
88,87,4,44,17,240.0,48.0,C,1.92,FAIL
51,5,73,80,70,279.0,55.8,C+,2.232,FAIL
4,69,36,45,40,194.0,38.8,C,1.5520000000000003,FAIL
92,77,92,91,35,387.0,77.4,B+,3.096,PASS
57,67,50,44,22,240.0,48.0,C,1.92,FAIL
37,17,32,91,85,262.0,52.4,C+,2.096,FAIL
87,75,37,73,28,300.0,60.0,B,2.4,FAIL
43,83,97,61,71,355.0,71.0,B+,2.84,PASS
59,15,54,63,35,226.0,45.2,C,1.808,FAIL
87,92,97,50,68,394.0,78.8,B+,3.1519999999999997,PASS
57,62,13,80,87,299.0,59.8,C+,2.392,FAIL
44,66,40,79,65,294.0,58.8,C+,2.352,PASS
38,59,84,0,45,226.0,45.2,C,1.808,FAIL
60,92,28,73,45,298.0,59.6,C+,2.384,FAIL
16,26,3,95,12,152.0,30.4,NG,1.216,FAIL
90,29,23,6,99,247.0,49.4,C,1.976,FAIL
27,87,33,21,19,187.0,37.4,C,1.496,FAIL
18,34,98,33,34,217.0,43.4,C,1.736,FAIL
49,78,41,56,24,248.0,49.6,C,1.984,FAIL
10,89,14,62,38,213.0,42.6,C,1.704,FAIL
7,7,42,5,10,71.0,14.2,NG,0.568,FAIL
45,61,34,57,82,279.0,55.8,C+,2.232,FAIL
43,73,61,88,9,274.0,54.8,C+,2.192,FAIL
7,74,96,15,73,265.0,53.0,C+,2.12,FAIL
48,17,73,50,36,224.0,44.8,C,1.7920000000000003,FAIL
94,0,89,23,23,229.0,45.8,C,1.832,FAIL
53,91,95,89,94,422.0,84.4,A,3.3759999999999994,PASS
83,92,88,47,22,332.0,66.4,B,2.656,FAIL
19,16,0,51,32,118.0,23.6,NG,0.944,FAIL
56,45,66,65,91,323.0,64.6,B,2.5840000000000005,PASS
35,5,28,78,51,197.0,39.4,C,1.5759999999999998,FAIL
15,16,0,63,81,175.0,35.0,C,1.4,FAIL
41,81,24,34,22,202.0,40.4,C,1.6160000000000003,FAIL
48,7,90,34,77,256.0,51.2,C+,2.048,FAIL
95,91,8,21,70,285.0,57.0,C+,2.28,FAIL
28,47,2,86,70,233.0,46.6,C,1.864,FAIL
1,91,15,52,58,217.0,43.4,C,1.736,FAIL
6,95,27,38,76,242.0,48.4,C,1.936,FAIL
61,41,95,24,33,254.0,50.8,C+,2.032,FAIL
70,98,9,20,44,241.0,48.2,C,1.928,FAIL
65,30,22,15,53,185.0,37.0,C,1.48,FAIL
55,50,28,88,70,291.0,58.2,C+,2.328,FAIL
75,63,41,68,65,312.0,62.4,B,2.496,PASS
97,22,66,75,18,278.0,55.6,C+,2.224,FAIL
18,5,43,86,11,163.0,32.6,NG,1.304,FAIL
26,30,88,98,9,251.0,50.2,C+,2.008,FAIL
11,73,22,97,87,290.0,58.0,C+,2.32,FAIL
84,98,93,3,61,339.0,67.8,B,2.7120000000000006,FAIL
39,30,57,93,74,293.0,58.6,C+,2.344,FAIL
24,27,46,66,6,169.0,33.8,NG,1.352,FAIL
91,65,28,88,25,297.0,59.4,C+,2.376,FAIL
25,6,9,62,11,113.0,22.6,NG,0.904,FAIL
1,79,95,88,20,283.0,56.6,C+,2.264,FAIL
93,71,36,76,25,301.0,60.2,B,2.408,FAIL
11,96,85,84,16,292.0,58.4,C+,2.336,FAIL
5,67,89,93,65,319.0,63.8,B,2.552,FAIL
50,86,32,35,38,241.0,48.2,C,1.928,FAIL
14,99,33,53,10,209.0,41.8,C,1.672,FAIL
66,91,89,87,76,409.0,81.8,A,3.272,PASS
84,48,94,74,62,362.0,72.4,B+,2.8959999999999995,PASS
66,98,82,86,62,394.0,78.8,B+,3.1519999999999997,PASS
35,74,40,86,15,250.0,50.0,C+,2.0,FAIL
64,95,98,52,31,340.0,68.0,B,2.72,FAIL
98,44,9,89,80,320.0,64.0,B,2.56,FAIL
25,46,68,29,24,192.0,38.4,C,1.536,FAIL
47,72,71,13,70,273.0,54.6,C+,2.184,FAIL
17,50,42,51,90,250.0,50.0,C+,2.0,FAIL
21,37,55,39,64,216.0,43.2,C,1.7280000000000002,FAIL
83,0,41,27,6,157.0,31.4,NG,1.256,FAIL
91,6,35,22,97,251.0,50.2,C+,2.008,FAIL
70,84,7,91,3,255.0,51.0,C+,2.04,FAIL
16,86,78,16,65,261.0,52.2,C+,2.088,FAIL
73,27,53,20,43,216.0,43.2,C,1.7280000000000002,FAIL
97,56,62,1,5,221.0,44.2,C,1.768,FAIL
66,30,44,98,30,268.0,53.6,C+,2.144,FAIL
39,82,86,77,57,341.0,68.2,B,2.728,PASS
82,11,33,8,52,186.0,37.2,C,1.4880000000000002,FAIL
26,41,64,94,99,324.0,64.8,B,2.592,FAIL
86,87,77,50,13,313.0,62.6,B,2.504,FAIL
94,64,64,8,56,286.0,57.2,C+,2.288,FAIL
5,70,44,73,48,240.0,48.0,C,1.92,FAIL
57,97,32,64,14,264.0,52.8,C+,2.112,FAIL
37,16,57,10,41,161.0,32.2,NG,1.288,FAIL
16,11,16,90,49,182.0,36.4,C,1.456,FAIL
12,8,36,43,76,175.0,35.0,C,1.4,FAIL
70,55,51,94,26,296.0,59.2,C+,2.368,FAIL
41,40,22,7,83,193.0,38.6,C,1.544,FAIL
20,17,33,37,1,108.0,21.6,NG,0.8640000000000001,FAIL
28,78,84,69,6,265.0,53.0,C+,2.12,FAIL
89,36,53,42,85,305.0,61.0,B,2.44,PASS
85,21,33,44,5,188.0,37.6,C,1.504,FAIL
29,30,81,6,59,205.0,41.0,C,1.64,FAIL
79,68,70,29,43,289.0,57.8,C+,2.312,FAIL
17,26,4,86,65,198.0,39.6,C,1.584,FAIL
71,86,87,55,89,388.0,77.6,B+,3.1040000000000005,PASS
29,4,60,83,53,229.0,45.8,C,1.832,FAIL
42,60,57,46,14,219.0,43.8,C,1.7519999999999998,FAIL
30,91,40,78,80,319.0,63.8,B,2.552,FAIL
3,34,70,87,94,288.0,57.6,C+,2.304,FAIL
45,73,69,19,6,212.0,42.4,C,1.696,FAIL
19,58,95,84,43,299.0,59.8,C+,2.392,FAIL
49,6,15,18,39,127.0,25.4,NG,1.016,FAIL
6,14,13,59,29,121.0,24.2,NG,0.968,FAIL
86,83,15,28,32,244.0,48.8,C,1.952,FAIL
90,75,64,51,80,360.0,72.0,B+,2.88,PASS
68,45,17,20,80,230.0,46.0,C,1.84,FAIL
44,79,42,61,63,289.0,57.8,C+,2.312,PASS
21,83,73,69,84,330.0,66.0,B,2.64,FAIL
76,53,61,61,68,319.0,63.8,B,2.552,PASS
40,11,85,50,82,268.0,53.6,C+,2.144,FAIL
96,88,66,84,24,358.0,71.6,B+,2.864,FAIL
35,39,89,28,92,283.0,56.6,C+,2.264,FAIL
73,98,60,66,79,376.0,75.2,B+,3.008,PASS
14,26,53,14,59,166.0,33.2,NG,1.328,FAIL
38,68,83,16,33,238.0,47.6,C,1.9039999999999997,FAIL
94,57,77,55,19,302.0,60.4,B,2.416,FAIL
32,89,54,24,8,207.0,41.4,C,1.656,FAIL
98,11,74,83,31,297.0,59.4,C+,2.376,FAIL
32,15,84,53,17,201.0,40.2,C,1.608,FAIL
65,70,69,49,15,268.0,53.6,C+,2.144,FAIL
21,31,39,19,0,110.0,22.0,NG,0.88,FAIL
25,99,4,57,1,186.0,37.2,C,1.4880000000000002,FAIL
80,30,52,57,54,273.0,54.6,C+,2.184,FAIL
3,18,5,1,31,58.0,11.6,NG,0.4640000000000001,FAIL
49,28,12,52,4,145.0,29.0,NG,1.16,FAIL
93,25,71,47,14,250.0,50.0,C+,2.0,FAIL
40,19,65,13,97,234.0,46.8,C,1.872,FAIL
70,60,47,29,99,305.0,61.0,B,2.44,FAIL
83,1,44,28,6,162.0,32.4,NG,1.296,FAIL
23,99,96,85,27,330.0,66.0,B,2.64,FAIL
34,85,5,72,23,219.0,43.8,C,1.7519999999999998,FAIL
51,79,29,11,25,195.0,39.0,C,1.56,FAIL
33,16,65,15,47,176.0,35.2,C,1.408,FAIL
29,70,53,39,27,218.0,43.6,C,1.744,FAIL
51,29,25,91,58,254.0,50.8,C+,2.032,FAIL
76,29,82,24,86,297.0,59.4,C+,2.376,FAIL
61,3,11,44,46,165.0,33.0,NG,1.32,FAIL
24,25,63,52,91,255.0,51.0,C+,2.04,FAIL
78,82,71,91,48,370.0,74.0,B+,2.96,PASS
66,17,22,19,8,132.0,26.4,NG,1.056,FAIL
87,82,54,47,92,362.0,72.4,B+,2.8959999999999995,PASS
62,31,13,12,76,194.0,38.8,C,1.5520000000000003,FAIL
69,78,73,4,96,320.0,64.0,B,2.56,FAIL
23,71,30,11,16,151.0,30.2,NG,1.208,FAIL
28,21,87,63,44,243.0,48.6,C,1.944,FAIL
6,92,16,14,37,165.0,33.0,NG,1.32,FAIL
90,91,73,1,91,346.0,69.2,B,2.7679999999999993,FAIL
27,89,8,57,62,243.0,48.6,C,1.944,FAIL
62,67,88,76,15,308.0,61.6,B,2.464,FAIL
24,36,80,95,29,264.0,52.8,C+,2.112,FAIL
98,67,4,11,52,232.0,46.4,C,1.8560000000000003,FAIL
43,82,7,50,26,208.0,41.6,C,1.6640000000000001,FAIL
14,71,27,85,32,229.0,45.8,C,1.832,FAIL
3,95,79,37,22,236.0,47.2,C,1.888,FAIL
0,35,41,71,61,208.0,41.6,C,1.6640000000000001,FAIL
26,17,83,51,98,275.0,55.0,C+,2.2,FAIL
56,61,78,38,88,321.0,64.2,B,2.568,PASS
85,22,7,5,5,124.0,24.8,NG,0.992,FAIL
46,90,17,91,68,312.0,62.4,B,2.496,FAIL
12,62,74,50,40,238.0,47.6,C,1.9039999999999997,FAIL
41,81,14,0,42,178.0,35.6,C,1.4240000000000002,FAIL
2,44,28,41,4,119.0,23.8,NG,0.9519999999999998,FAIL
0,97,27,78,46,248.0,49.6,C,1.984,FAIL
84,51,45,33,49,262.0,52.4,C+,2.096,FAIL
72,19,49,40,33,213.0,42.6,C,1.704,FAIL
27,51,78,81,51,288.0,57.6,C+,2.304,FAIL
51,67,10,77,89,294.0,58.8,C+,2.352,FAIL
77,70,93,28,36,304.0,60.8,B,2.432,FAIL
90,56,18,95,31,290.0,58.0,C+,2.32,FAIL
36,53,52,68,17,226.0,45.2,C,1.808,FAIL
99,57,88,20,51,315.0,63.0,B,2.52,FAIL
16,56,24,97,79,272.0,54.4,C+,2.176,FAIL
64,95,60,55,47,321.0,64.2,B,2.568,PASS
95,8,99,86,59,347.0,69.4,B,2.776,FAIL
53,21,92,2,37,205.0,41.0,C,1.64,FAIL
6,56,12,93,14,181.0,36.2,C,1.4479999999999997,FAIL
80,57,32,77,78,324.0,64.8,B,2.592,FAIL
38,61,58,7,82,246.0,49.2,C,1.9680000000000002,FAIL
77,76,10,22,50,235.0,47.0,C,1.88,FAIL
95,65,55,85,38,338.0,67.6,B,2.704,PASS
85,86,67,94,46,378.0,75.6,B+,3.0239999999999996,PASS
58,3,46,73,16,196.0,39.2,C,1.568,FAIL
27,95,82,80,24,308.0,61.6,B,2.464,FAIL
60,11,49,41,19,180.0,36.0,C,1.44,FAIL
43,30,5,72,3,153.0,30.6,NG,1.224,FAIL
73,11,94,9,24,211.0,42.2,C,1.6879999999999997,FAIL
59,51,30,9,12,161.0,32.2,NG,1.288,FAIL
76,73,84,72,59,364.0,72.8,B+,2.912,PASS
87,13,67,99,81,347.0,69.4,B,2.776,FAIL
5,46,91,84,35,261.0,52.2,C+,2.088,FAIL
95,74,57,34,1,261.0,52.2,C+,2.088,FAIL
92,87,31,94,3,307.0,61.4,B,2.456,FAIL
56,3,95,49,69,272.0,54.4,C+,2.176,FAIL
60,28,29,64,83,264.0,52.8,C+,2.112,FAIL
45,93,87,85,54,364.0,72.8,B+,2.912,PASS
11,91,64,59,25,250.0,50.0,C+,2.0,FAIL
32,31,52,62,76,253.0,50.6,C+,2.024,FAIL
82,69,21,12,49,233.0,46.6,C,1.864,FAIL
76,30,24,71,38,239.0,47.8,C,1.912,FAIL
90,70,87,76,35,358.0,71.6,B+,2.864,PASS
15,16,34,31,20,116.0,23.2,NG,0.9280000000000002,FAIL
96,46,15,24,69,250.0,50.0,C+,2.0,FAIL
38,31,73,24,24,190.0,38.0,C,1.52,FAIL
98,47,56,37,61,299.0,59.8,C+,2.392,PASS
42,82,0,47,67,238.0,47.6,C,1.9039999999999997,FAIL
59,27,68,77,96,327.0,65.4,B,2.616,FAIL
3,79,61,16,70,229.0,45.8,C,1.832,FAIL
34,34,16,99,35,218.0,43.6,C,1.744,FAIL
18,1,48,43,37,147.0,29.4,NG,1.176,FAIL
54,17,37,81,27,216.0,43.2,C,1.7280000000000002,FAIL
35,65,83,62,29,274.0,54.8,C+,2.192,FAIL
64,89,38,67,87,345.0,69.0,B,2.76,PASS
9,25,42,96,73,245.0,49.0,C,1.96,FAIL
38,99,9,0,81,227.0,45.4,C,1.8159999999999998,FAIL
24,77,31,66,7,205.0,41.0,C,1.64,FAIL
91,10,4,69,9,183.0,36.6,C,1.464,FAIL
31,15,78,81,85,290.0,58.0,C+,2.32,FAIL
78,58,16,8,80,240.0,48.0,C,1.92,FAIL
42,8,47,97,46,240.0,48.0,C,1.92,FAIL
86,65,28,95,42,316.0,63.2,B,2.528,FAIL
85,32,16,23,75,231.0,46.2,C,1.848,FAIL
62,6,8,56,10,142.0,28.4,NG,1.136,FAIL
72,63,82,68,25,310.0,62.0,B,2.48,FAIL
63,38,88,76,85,350.0,70.0,B+,2.8,PASS
13,76,20,27,0,136.0,27.2,NG,1.088,FAIL
10,31,91,77,66,275.0,55.0,C+,2.2,FAIL
39,14,16,51,5,125.0,25.0,NG,1.0,FAIL
11,94,11,98,70,284.0,56.8,C+,2.272,FAIL
19,95,7,41,24,186.0,37.2,C,1.4880000000000002,FAIL
26,53,80,29,35,223.0,44.6,C,1.784,FAIL
45,97,64,57,4,267.0,53.4,C+,2.136,FAIL
24,32,98,79,70,303.0,60.6,B,2.424,FAIL
82,41,18,88,60,289.0,57.8,C+,2.312,FAIL
30,40,2,68,69,209.0,41.8,C,1.672,FAIL
47,92,68,34,90,331.0,66.2,B,2.648,FAIL
94,99,66,21,90,370.0,74.0,B+,2.96,FAIL
29,25,40,75,94,263.0,52.6,C+,2.104,FAIL
87,5,2,9,31,134.0,26.8,NG,1.072,FAIL
55,19,62,54,1,191.0,38.2,C,1.528,FAIL
99,86,47,19,39,290.0,58.0,C+,2.32,FAIL
61,23,69,16,24,193.0,38.6,C,1.544,FAIL
43,46,95,37,13,234.0,46.8,C,1.872,FAIL
36,55,20,16,49,176.0,35.2,C,1.408,FAIL
62,55,11,38,97,263.0,52.6,C+,2.104,FAIL
20,64,87,19,51,241.0,48.2,C,1.928,FAIL
34,69,4,50,62,219.0,43.8,C,1.7519999999999998,FAIL
51,76,68,4,73,272.0,54.4,C+,2.176,FAIL
58,48,18,36,77,237.0,47.4,C,1.896,FAIL
22,59,38,6,21,146.0,29.2,NG,1.168,FAIL
69,23,3,26,88,209.0,41.8,C,1.672,FAIL
10,86,1,19,24,140.0,28.0,NG,1.12,FAIL
76,50,54,6,44,230.0,46.0,C,1.84,FAIL
86,62,69,68,30,315.0,63.0,B,2.52,FAIL
62,63,34,16,36,211.0,42.2,C,1.6879999999999997,FAIL
58,63,44,76,67,308.0,61.6,B,2.464,PASS
87,8,19,10,29,153.0,30.6,NG,1.224,FAIL
59,63,76,10,33,241.0,48.2,C,1.928,FAIL
74,6,36,12,89,217.0,43.4,C,1.736,FAIL
38,82,29,90,41,280.0,56.0,C+,2.24,FAIL
8,31,9,5,61,114.0,22.8,NG,0.912,FAIL
86,69,91,10,99,355.0,71.0,B+,2.84,FAIL
90,68,30,39,93,320.0,64.0,B,2.56,FAIL
69,70,7,67,57,270.0,54.0,C+,2.16,FAIL
1,5,97,21,28,152.0,30.4,NG,1.216,FAIL
83,75,86,92,17,353.0,70.6,B+,2.824,FAIL
24,77,9,29,81,220.0,44.0,C,1.76,FAIL
17,17,31,76,63,204.0,40.8,C,1.632,FAIL
31,96,13,84,74,298.0,59.6,C+,2.384,FAIL
15,52,68,81,54,270.0,54.0,C+,2.16,FAIL
15,66,52,42,69,244.0,48.8,C,1.952,FAIL
82,86,86,96,6,356.0,71.2,B+,2.8480000000000003,FAIL
77,8,67,8,65,225.0,45.0,C,1.8,FAIL
25,13,72,33,1,144.0,28.8,NG,1.152,FAIL
84,1,22,74,73,254.0,50.8,C+,2.032,FAIL
2,89,24,66,19,200.0,40.0,C,1.6,FAIL
96,93,42,31,31,293.0,58.6,C+,2.344,FAIL
23,27,72,56,95,273.0,54.6,C+,2.184,FAIL
36,85,28,56,74,279.0,55.8,C+,2.232,FAIL
4,71,86,97,73,331.0,66.2,B,2.648,FAIL
19,8,27,42,65,161.0,32.2,NG,1.288,FAIL
49,87,85,84,12,317.0,63.4,B,2.536,FAIL
26,46,39,86,62,259.0,51.8,C+,2.072,FAIL
47,71,96,32,97,343.0,68.6,B,2.744,FAIL
98,59,46,21,77,301.0,60.2,B,2.408,FAIL
57,85,61,47,30,280.0,56.0,C+,2.24,FAIL
53,96,12,67,40,268.0,53.6,C+,2.144,FAIL
30,37,95,82,55,299.0,59.8,C+,2.392,FAIL
53,25,46,4,2,130.0,26.0,NG,1.04,FAIL
96,6,84,36,15,237.0,47.4,C,1.896,FAIL
0,54,82,0,74,210.0,42.0,C,1.68,FAIL
19,3,15,93,54,184.0,36.8,C,1.472,FAIL
86,97,44,69,74,370.0,74.0,B+,2.96,PASS
93,6,14,74,12,199.0,39.8,C,1.592,FAIL
65,68,47,92,2,274.0,54.8,C+,2.192,FAIL
29,35,51,15,11,141.0,28.2,NG,1.128,FAIL
51,64,1,43,18,177.0,35.4,C,1.416,FAIL
67,80,77,13,63,300.0,60.0,B,2.4,FAIL
21,64,93,3,18,199.0,39.8,C,1.592,FAIL
59,10,9,86,73,237.0,47.4,C,1.896,FAIL
29,27,26,97,43,222.0,44.4,C,1.776,FAIL
68,61,29,40,25,223.0,44.6,C,1.784,FAIL
31,51,96,71,12,261.0,52.2,C+,2.088,FAIL
55,54,78,89,3,279.0,55.8,C+,2.232,FAIL
22,84,25,79,97,307.0,61.4,B,2.456,FAIL
51,41,42,92,13,239.0,47.8,C,1.912,FAIL
75,75,41,43,52,286.0,57.2,C+,2.288,PASS
90,15,44,70,42,261.0,52.2,C+,2.088,FAIL
93,80,71,44,47,335.0,67.0,B,2.68,PASS
7,94,76,80,77,334.0,66.8,B,2.6719999999999997,FAIL
67,1,9,49,42,168.0,33.6,NG,1.344,FAIL
25,81,85,0,98,289.0,57.8,C+,2.312,FAIL
73,9,44,72,48,246.0,49.2,C,1.9680000000000002,FAIL
98,50,43,14,58,263.0,52.6,C+,2.104,FAIL
9,6,51,56,73,195.0,39.0,C,1.56,FAIL
67,56,42,63,4,232.0,46.4,C,1.8560000000000003,FAIL
12,46,34,73,6,171.0,34.2,NG,1.368,FAIL
64,83,63,88,38,336.0,67.2,B,2.688,PASS
17,36,54,1,35,143.0,28.6,NG,1.144,FAIL
5,34,59,68,58,224.0,44.8,C,1.7920000000000003,FAIL
76,82,34,6,81,279.0,55.8,C+,2.232,FAIL
40,17,32,63,97,249.0,49.8,C,1.992,FAIL
43,22,92,15,25,197.0,39.4,C,1.5759999999999998,FAIL
67,90,82,59,60,358.0,71.6,B+,2.864,PASS
2,45,64,44,87,242.0,48.4,C,1.936,FAIL
97,12,23,97,47,276.0,55.2,C+,2.208,FAIL
40,84,69,50,15,258.0,51.6,C+,2.064,FAIL
75,26,60,45,20,226.0,45.2,C,1.808,FAIL
42,19,68,95,42,266.0,53.2,C+,2.128,FAIL
2,48,68,91,14,223.0,44.6,C,1.784,FAIL
21,78,19,4,84,206.0,41.2,C,1.648,FAIL
61,99,20,50,57,287.0,57.4,C+,2.296,FAIL
63,45,48,57,6,219.0,43.8,C,1.7519999999999998,FAIL
94,0,71,60,31,256.0,51.2,C+,2.048,FAIL
12,27,65,14,25,143.0,28.6,NG,1.144,FAIL
76,84,42,43,43,288.0,57.6,C+,2.304,PASS
1,65,92,79,61,298.0,59.6,C+,2.384,FAIL
73,51,62,58,24,268.0,53.6,C+,2.144,FAIL
82,15,93,67,51,308.0,61.6,B,2.464,FAIL
88,92,23,84,5,292.0,58.4,C+,2.336,FAIL
4,88,16,23,54,185.0,37.0,C,1.48,FAIL
71,48,4,54,66,243.0,48.6,C,1.944,FAIL
44,2,66,78,48,238.0,47.6,C,1.9039999999999997,FAIL
68,32,97,85,64,346.0,69.2,B,2.7679999999999993,FAIL
45,20,42,18,43,168.0,33.6,NG,1.344,FAIL
92,9,30,36,14,181.0,36.2,C,1.4479999999999997,FAIL
29,87,39,6,10,171.0,34.2,NG,1.368,FAIL
44,51,5,72,20,192.0,38.4,C,1.536,FAIL
57,57,38,53,73,278.0,55.6,C+,2.224,PASS
19,55,81,28,52,235.0,47.0,C,1.88,FAIL
85,51,38,57,82,313.0,62.6,B,2.504,PASS
91,76,48,81,13,309.0,61.8,B,2.472,FAIL
27,44,72,9,82,234.0,46.8,C,1.872,FAIL
51,5,39,86,76,257.0,51.4,C+,2.056,FAIL
83,74,79,17,65,318.0,63.6,B,2.544,FAIL
44,91,32,30,71,268.0,53.6,C+,2.144,FAIL
9,11,98,68,96,282.0,56.4,C+,2.256,FAIL
40,62,50,61,3,216.0,43.2,C,1.7280000000000002,FAIL
54,21,68,21,87,251.0,50.2,C+,2.008,FAIL
14,27,61,31,88,221.0,44.2,C,1.768,FAIL
61,51,57,10,47,226.0,45.2,C,1.808,FAIL
10,67,83,99,81,340.0,68.0,B,2.72,FAIL
55,95,82,71,74,377.0,75.4,B+,3.016,PASS
93,61,77,7,0,238.0,47.6,C,1.9039999999999997,FAIL
44,48,88,50,65,295.0,59.0,C+,2.36,PASS
10,20,15,95,43,183.0,36.6,C,1.464,FAIL
69,30,20,49,68,236.0,47.2,C,1.888,FAIL
47,14,96,44,73,274.0,54.8,C+,2.192,FAIL
66,9,3,63,93,234.0,46.8,C,1.872,FAIL
21,81,50,92,12,256.0,51.2,C+,2.048,FAIL
30,10,49,30,97,216.0,43.2,C,1.7280000000000002,FAIL
6,47,1,68,97,219.0,43.8,C,1.7519999999999998,FAIL
41,56,60,97,91,345.0,69.0,B,2.76,PASS
0,69,29,17,86,201.0,40.2,C,1.608,FAIL
83,78,96,10,67,334.0,66.8,B,2.6719999999999997,FAIL
18,59,29,57,61,224.0,44.8,C,1.7920000000000003,FAIL
37,51,34,28,55,205.0,41.0,C,1.64,FAIL
53,86,5,56,76,276.0,55.2,C+,2.208,FAIL
79,55,76,49,85,344.0,68.8,B,2.752,PASS
76,93,35,14,50,268.0,53.6,C+,2.144,FAIL
55,83,34,29,22,223.0,44.6,C,1.784,FAIL
29,40,61,22,7,159.0,31.8,NG,1.272,FAIL
6,28,78,64,64,240.0,48.0,C,1.92,FAIL
11,66,20,87,16,200.0,40.0,C,1.6,FAIL
19,97,57,24,92,289.0,57.8,C+,2.312,FAIL
13,34,17,39,2,105.0,21.0,NG,0.84,FAIL
35,37,0,26,57,155.0,31.0,NG,1.24,FAIL
39,45,93,86,91,354.0,70.8,B+,2.832,PASS
61,97,11,92,29,290.0,58.0,C+,2.32,FAIL
86,65,90,21,96,358.0,71.6,B+,2.864,FAIL
8,58,25,61,41,193.0,38.6,C,1.544,FAIL
66,95,43,46,83,333.0,66.6,B,2.664,PASS
80,79,21,48,90,318.0,63.6,B,2.544,FAIL
6,0,1,94,57,158.0,31.6,NG,1.264,FAIL
72,61,78,73,92,376.0,75.2,B+,3.008,PASS
16,8,41,0,72,137.0,27.4,NG,1.096,FAIL
54,1,34,59,72,220.0,44.0,C,1.76,FAIL
82,49,59,51,52,293.0,58.6,C+,2.344,PASS
61,71,82,49,23,286.0,57.2,C+,2.288,FAIL
29,65,25,25,60,204.0,40.8,C,1.632,FAIL
82,96,19,48,75,320.0,64.0,B,2.56,FAIL
13,47,59,30,72,221.0,44.2,C,1.768,FAIL
26,95,49,20,46,236.0,47.2,C,1.888,FAIL
91,67,61,38,6,263.0,52.6,C+,2.104,FAIL
31,86,95,30,68,310.0,62.0,B,2.48,FAIL
40,84,36,83,74,317.0,63.4,B,2.536,PASS
3,19,79,80,28,209.0,41.8,C,1.672,FAIL
93,84,33,77,28,315.0,63.0,B,2.52,FAIL
73,22,45,43,89,272.0,54.4,C+,2.176,FAIL
69,56,43,45,6,219.0,43.8,C,1.7519999999999998,FAIL
98,95,37,69,98,397.0,79.4,B+,3.176,PASS
38,2,51,42,65,198.0,39.6,C,1.584,FAIL
53,18,90,6,12,179.0,35.8,C,1.432,FAIL
66,5,61,53,51,236.0,47.2,C,1.888,FAIL
10,43,77,94,90,314.0,62.8,B,2.512,FAIL
72,36,22,41,87,258.0,51.6,C+,2.064,FAIL
68,41,43,51,34,237.0,47.4,C,1.896,FAIL
92,43,98,73,31,337.0,67.4,B,2.696,FAIL
42,89,32,79,48,290.0,58.0,C+,2.32,FAIL
48,74,46,66,96,330.0,66.0,B,2.64,PASS
63,50,94,25,9,241.0,48.2,C,1.928,FAIL
54,7,87,69,29,246.0,49.2,C,1.9680000000000002,FAIL
20,70,89,3,95,277.0,55.4,C+,2.216,FAIL
72,50,36,70,89,317.0,63.4,B,2.536,PASS
10,10,97,24,10,151.0,30.2,NG,1.208,FAIL
22,58,47,15,89,231.0,46.2,C,1.848,FAIL
83,7,3,59,88,240.0,48.0,C,1.92,FAIL
81,36,79,68,35,299.0,59.8,C+,2.392,PASS
53,59,32,41,58,243.0,48.6,C,1.944,FAIL
58,20,27,20,12,137.0,27.4,NG,1.096,FAIL
63,37,49,26,91,266.0,53.2,C+,2.128,FAIL
34,64,59,24,79,260.0,52.0,C+,2.08,FAIL
91,76,27,93,80,367.0,73.4,B+,2.9360000000000004,FAIL
80,45,9,31,64,229.0,45.8,C,1.832,FAIL
2,50,59,78,87,276.0,55.2,C+,2.208,FAIL
85,0,74,8,36,203.0,40.6,C,1.624,FAIL
28,80,62,61,99,330.0,66.0,B,2.64,FAIL
45,46,15,12,51,169.0,33.8,NG,1.352,FAIL
42,36,28,69,31,206.0,41.2,C,1.648,FAIL
85,79,36,61,89,350.0,70.0,B+,2.8,PASS
49,85,96,27,9,266.0,53.2,C+,2.128,FAIL
49,78,20,8,54,209.0,41.8,C,1.672,FAIL
90,2,60,8,33,193.0,38.6,C,1.544,FAIL
45,19,91,95,75,325.0,65.0,B,2.6,FAIL
34,66,57,15,79,251.0,50.2,C+,2.008,FAIL
88,23,38,7,29,185.0,37.0,C,1.48,FAIL
94,20,74,51,55,294.0,58.8,C+,2.352,FAIL
99,95,98,26,14,332.0,66.4,B,2.656,FAIL
86,58,54,22,13,233.0,46.6,C,1.864,FAIL
25,89,51,21,50,236.0,47.2,C,1.888,FAIL
46,43,3,51,92,235.0,47.0,C,1.88,FAIL
59,16,10,17,18,120.0,24.0,NG,0.96,FAIL
24,31,87,43,13,198.0,39.6,C,1.584,FAIL
49,99,53,34,86,321.0,64.2,B,2.568,FAIL
35,59,48,99,95,336.0,67.2,B,2.688,PASS
33,49,28,43,56,209.0,41.8,C,1.672,FAIL
78,49,45,73,47,292.0,58.4,C+,2.336,PASS
23,68,32,95,51,269.0,53.8,C+,2.152,FAIL
91,41,20,98,10,260.0,52.0,C+,2.08,FAIL
46,85,13,37,12,193.0,38.6,C,1.544,FAIL
49,34,26,19,95,223.0,44.6,C,1.784,FAIL
55,60,36,75,62,288.0,57.6,C+,2.304,PASS
60,10,36,65,15,186.0,37.2,C,1.4880000000000002,FAIL
71,68,21,34,5,199.0,39.8,C,1.592,FAIL
40,50,79,42,26,237.0,47.4,C,1.896,FAIL
1,48,84,2,13,148.0,29.6,NG,1.184,FAIL
89,16,77,53,42,277.0,55.4,C+,2.216,FAIL
10,44,33,66,54,207.0,41.4,C,1.656,FAIL
36,90,86,63,54,329.0,65.8,B,2.6319999999999997,PASS
84,77,74,10,44,289.0,57.8,C+,2.312,FAIL
13,85,14,30,60,202.0,40.4,C,1.6160000000000003,FAIL
88,80,18,47,67,300.0,60.0,B,2.4,FAIL
66,68,26,37,67,264.0,52.8,C+,2.112,FAIL
90,23,32,25,7,177.0,35.4,C,1.416,FAIL
35,10,39,54,66,204.0,40.8,C,1.632,FAIL
61,63,66,57,27,274.0,54.8,C+,2.192,FAIL
64,32,69,66,84,315.0,63.0,B,2.52,FAIL
49,51,54,80,95,329.0,65.8,B,2.6319999999999997,PASS
80,68,43,73,66,330.0,66.0,B,2.64,PASS
30,27,93,4,69,223.0,44.6,C,1.784,FAIL
4,67,47,59,34,211.0,42.2,C,1.6879999999999997,FAIL
60,38,77,32,89,296.0,59.2,C+,2.368,FAIL
26,6,84,21,49,186.0,37.2,C,1.4880000000000002,FAIL
60,33,67,77,68,305.0,61.0,B,2.44,FAIL
36,96,48,77,32,289.0,57.8,C+,2.312,FAIL
65,92,39,93,2,291.0,58.2,C+,2.328,FAIL
33,4,82,66,92,277.0,55.4,C+,2.216,FAIL
69,61,81,93,15,319.0,63.8,B,2.552,FAIL
38,87,57,24,56,262.0,52.4,C+,2.096,FAIL
75,57,70,91,13,306.0,61.2,B,2.448,FAIL
2,96,82,55,18,253.0,50.6,C+,2.024,FAIL
92,96,72,58,55,373.0,74.6,B+,2.984,PASS
52,31,18,12,67,180.0,36.0,C,1.44,FAIL
90,50,70,13,23,246.0,49.2,C,1.9680000000000002,FAIL
82,8,29,65,56,240.0,48.0,C,1.92,FAIL
8,55,25,14,26,128.0,25.6,NG,1.024,FAIL
10,63,41,70,5,189.0,37.8,C,1.5119999999999998,FAIL
86,30,16,88,82,302.0,60.4,B,2.416,FAIL
64,14,7,18,33,136.0,27.2,NG,1.088,FAIL
83,10,16,26,94,229.0,45.8,C,1.832,FAIL
73,91,82,26,23,295.0,59.0,C+,2.36,FAIL
99,16,39,39,47,240.0,48.0,C,1.92,FAIL
93,19,55,44,34,245.0,49.0,C,1.96,FAIL
3,85,65,25,2,180.0,36.0,C,1.44,FAIL
63,56,26,24,10,179.0,35.8,C,1.432,FAIL
96,38,16,59,62,271.0,54.2,C+,2.168,FAIL
36,74,90,24,98,322.0,64.4,B,2.576,FAIL
25,71,77,6,30,209.0,41.8,C,1.672,FAIL
76,33,20,56,84,269.0,53.8,C+,2.152,FAIL
28,71,47,59,33,238.0,47.6,C,1.9039999999999997,FAIL
31,76,48,84,72,311.0,62.2,B,2.488,FAIL
52,46,72,86,69,325.0,65.0,B,2.6,PASS
43,26,2,56,87,214.0,42.8,C,1.712,FAIL
23,83,57,61,84,308.0,61.6,B,2.464,FAIL
1,71,89,71,90,322.0,64.4,B,2.576,FAIL
12,49,82,29,50,222.0,44.4,C,1.776,FAIL
29,27,66,43,22,187.0,37.4,C,1.496,FAIL
91,93,11,55,69,319.0,63.8,B,2.552,FAIL
84,31,26,39,11,191.0,38.2,C,1.528,FAIL
13,24,62,69,21,189.0,37.8,C,1.5119999999999998,FAIL
42,26,89,58,8,223.0,44.6,C,1.784,FAIL
73,85,79,66,71,374.0,74.8,B+,2.992,PASS
80,29,49,77,24,259.0,51.8,C+,2.072,FAIL
46,38,8,0,58,150.0,30.0,NG,1.2,FAIL
80,0,14,40,24,158.0,31.6,NG,1.264,FAIL
29,53,22,58,74,236.0,47.2,C,1.888,FAIL
67,48,1,90,56,262.0,52.4,C+,2.096,FAIL
19,5,86,94,55,259.0,51.8,C+,2.072,FAIL
80,52,39,49,77,297.0,59.4,C+,2.376,PASS
58,49,97,15,87,306.0,61.2,B,2.448,FAIL
26,56,99,4,80,265.0,53.0,C+,2.12,FAIL
57,48,75,97,81,358.0,71.6,B+,2.864,PASS
98,45,99,89,20,351.0,70.2,B+,2.8079999999999994,FAIL
88,73,5,77,93,336.0,67.2,B,2.688,FAIL
52,77,7,93,50,279.0,55.8,C+,2.232,FAIL
60,8,51,68,30,217.0,43.4,C,1.736,FAIL
73,31,88,28,82,302.0,60.4,B,2.416,FAIL
55,3,37,65,81,241.0,48.2,C,1.928,FAIL
27,23,49,70,12,181.0,36.2,C,1.4479999999999997,FAIL
93,39,57,33,38,260.0,52.0,C+,2.08,FAIL
47,4,43,85,85,264.0,52.8,C+,2.112,FAIL
35,65,51,60,73,284.0,56.8,C+,2.272,PASS
28,18,36,27,68,177.0,35.4,C,1.416,FAIL
85,8,27,8,31,159.0,31.8,NG,1.272,FAIL
89,22,3,31,36,181.0,36.2,C,1.4479999999999997,FAIL
44,26,1,91,63,225.0,45.0,C,1.8,FAIL
88,46,41,55,52,282.0,56.4,C+,2.256,PASS
66,32,95,82,65,340.0,68.0,B,2.72,FAIL
19,83,4,19,2,127.0,25.4,NG,1.016,FAIL
41,48,21,95,13,218.0,43.6,C,1.744,FAIL
1,95,75,66,65,302.0,60.4,B,2.416,FAIL
62,52,32,45,50,241.0,48.2,C,1.928,FAIL
7,83,67,43,65,265.0,53.0,C+,2.12,FAIL
29,92,39,10,96,266.0,53.2,C+,2.128,FAIL
73,21,31,15,2,142.0,28.4,NG,1.136,FAIL
89,45,89,95,49,367.0,73.4,B+,2.9360000000000004,PASS
79,14,91,6,0,190.0,38.0,C,1.52,FAIL
34,38,68,97,2,239.0,47.8,C,1.912,FAIL
26,92,87,57,56,318.0,63.6,B,2.544,FAIL
69,1,93,78,9,250.0,50.0,C+,2.0,FAIL
74,68,49,23,81,295.0,59.0,C+,2.36,FAIL
20,58,49,72,13,212.0,42.4,C,1.696,FAIL
95,73,18,73,93,352.0,70.4,B+,2.816,FAIL
52,15,15,82,60,224.0,44.8,C,1.7920000000000003,FAIL
66,68,36,12,70,252.0,50.4,C+,2.016,FAIL
7,25,63,26,94,215.0,43.0,C,1.72,FAIL
80,96,59,67,62,364.0,72.8,B+,2.912,PASS
42,41,83,67,68,301.0,60.2,B,2.408,PASS
19,94,86,71,27,297.0,59.4,C+,2.376,FAIL
91,99,61,63,53,367.0,73.4,B+,2.9360000000000004,PASS
33,55,25,80,48,241.0,48.2,C,1.928,FAIL
38,89,84,64,12,287.0,57.4,C+,2.296,FAIL
93,23,95,32,1,244.0,48.8,C,1.952,FAIL
88,98,7,75,32,300.0,60.0,B,2.4,FAIL
39,70,20,6,45,180.0,36.0,C,1.44,FAIL
24,7,2,89,7,129.0,25.8,NG,1.032,FAIL
78,73,35,87,59,332.0,66.4,B,2.656,PASS
45,27,10,39,67,188.0,37.6,C,1.504,FAIL
6,90,81,79,43,299.0,59.8,C+,2.392,FAIL
94,20,54,96,80,344.0,68.8,B,2.752,FAIL
64,49,56,93,68,330.0,66.0,B,2.64,PASS
89,35,65,41,15,245.0,49.0,C,1.96,FAIL
53,92,24,53,93,315.0,63.0,B,2.52,FAIL
66,13,84,28,13,204.0,40.8,C,1.632,FAIL
98,81,14,64,29,286.0,57.2,C+,2.288,FAIL
84,0,56,92,60,292.0,58.4,C+,2.336,FAIL
67,45,36,61,46,255.0,51.0,C+,2.04,PASS
68,31,21,87,9,216.0,43.2,C,1.7280000000000002,FAIL
16,68,75,39,92,290.0,58.0,C+,2.32,FAIL
26,75,7,10,48,166.0,33.2,NG,1.328,FAIL
1,88,37,0,20,146.0,29.2,NG,1.168,FAIL
41,33,77,42,45,238.0,47.6,C,1.9039999999999997,FAIL
45,1,95,89,96,326.0,65.2,B,2.608,FAIL
56,35,38,42,81,252.0,50.4,C+,2.016,PASS
23,29,53,30,82,217.0,43.4,C,1.736,FAIL
86,60,73,49,7,275.0,55.0,C+,2.2,FAIL
64,65,12,17,20,178.0,35.6,C,1.4240000000000002,FAIL
84,80,86,1,16,267.0,53.4,C+,2.136,FAIL
33,49,60,84,70,296.0,59.2,C+,2.368,FAIL
3,24,70,88,72,257.0,51.4,C+,2.056,FAIL
24,71,50,84,82,311.0,62.2,B,2.488,FAIL
48,96,26,33,51,254.0,50.8,C+,2.032,FAIL
73,2,10,7,35,127.0,25.4,NG,1.016,FAIL
7,22,75,95,67,266.0,53.2,C+,2.128,FAIL
36,22,34,62,4,158.0,31.6,NG,1.264,FAIL
23,92,60,74,51,300.0,60.0,B,2.4,FAIL
1,68,49,45,51,214.0,42.8,C,1.712,FAIL
47,38,61,65,61,272.0,54.4,C+,2.176,PASS
12,88,51,43,27,221.0,44.2,C,1.768,FAIL
43,74,40,92,12,261.0,52.2,C+,2.088,FAIL
95,42,18,66,34,255.0,51.0,C+,2.04,FAIL
44,20,99,0,71,234.0,46.8,C,1.872,FAIL
3,6,24,32,13,78.0,15.6,NG,0.624,FAIL
45,4,24,31,58,162.0,32.4,NG,1.296,FAIL
22,68,29,22,56,197.0,39.4,C,1.5759999999999998,FAIL
90,13,82,27,88,300.0,60.0,B,2.4,FAIL
15,2,54,39,89,199.0,39.8,C,1.592,FAIL
87,2,68,74,61,292.0,58.4,C+,2.336,FAIL
33,37,53,23,25,171.0,34.2,NG,1.368,FAIL
96,93,36,31,81,337.0,67.4,B,2.696,FAIL
91,75,78,68,59,371.0,74.2,B+,2.968,PASS
71,64,86,2,97,320.0,64.0,B,2.56,FAIL
94,73,70,83,5,325.0,65.0,B,2.6,FAIL
11,10,64,95,4,184.0,36.8,C,1.472,FAIL
24,20,69,99,78,290.0,58.0,C+,2.32,FAIL
47,16,2,20,28,113.0,22.6,NG,0.904,FAIL
11,46,37,34,87,215.0,43.0,C,1.72,FAIL
5,5,23,41,76,150.0,30.0,NG,1.2,FAIL
64,91,95,53,99,402.0,80.4,A,3.216,PASS
85,29,53,88,75,330.0,66.0,B,2.64,FAIL
79,42,9,72,48,250.0,50.0,C+,2.0,FAIL
84,68,46,50,15,263.0,52.6,C+,2.104,FAIL
72,26,29,34,88,249.0,49.8,C,1.992,FAIL
16,85,66,53,97,317.0,63.4,B,2.536,FAIL
81,4,42,31,87,245.0,49.0,C,1.96,FAIL
38,39,28,15,35,155.0,31.0,NG,1.24,FAIL
87,9,13,99,77,285.0,57.0,C+,2.28,FAIL
52,73,52,80,42,299.0,59.8,C+,2.392,PASS
1,23,99,69,82,274.0,54.8,C+,2.192,FAIL
83,35,18,19,17,172.0,34.4,NG,1.376,FAIL
16,12,32,46,85,191.0,38.2,C,1.528,FAIL
48,27,38,56,9,178.0,35.6,C,1.4240000000000002,FAIL
99,25,80,33,28,265.0,53.0,C+,2.12,FAIL
35,35,70,86,13,239.0,47.8,C,1.912,FAIL
38,53,16,50,75,232.0,46.4,C,1.8560000000000003,FAIL
65,10,12,66,57,210.0,42.0,C,1.68,FAIL
74,3,94,76,0,247.0,49.4,C,1.976,FAIL
65,76,72,82,73,368.0,73.6,B+,2.944,PASS
76,47,44,43,83,293.0,58.6,C+,2.344,PASS
50,48,56,96,52,302.0,60.4,B,2.416,PASS
4,44,71,83,7,209.0,41.8,C,1.672,FAIL
85,80,55,77,76,373.0,74.6,B+,2.984,PASS
61,46,86,26,85,304.0,60.8,B,2.432,FAIL
64,31,14,73,40,222.0,44.4,C,1.776,FAIL
96,77,36,58,67,334.0,66.8,B,2.6719999999999997,PASS
28,8,87,28,10,161.0,32.2,NG,1.288,FAIL
48,2,14,55,10,129.0,25.8,NG,1.032,FAIL
72,98,26,60,80,336.0,67.2,B,2.688,FAIL
87,97,71,29,71,355.0,71.0,B+,2.84,FAIL
34,21,36,10,90,191.0,38.2,C,1.528,FAIL
77,75,49,71,53,325.0,65.0,B,2.6,PASS
65,48,59,38,9,219.0,43.8,C,1.7519999999999998,FAIL
42,13,60,53,24,192.0,38.4,C,1.536,FAIL
88,65,82,91,97,423.0,84.6,A,3.384,PASS
62,48,66,86,36,298.0,59.6,C+,2.384,PASS
33,39,52,41,33,198.0,39.6,C,1.584,FAIL
74,56,22,34,27,213.0,42.6,C,1.704,FAIL
54,49,9,93,66,271.0,54.2,C+,2.168,FAIL
21,94,66,44,36,261.0,52.2,C+,2.088,FAIL
45,66,65,67,13,256.0,51.2,C+,2.048,FAIL
11,67,97,48,26,249.0,49.8,C,1.992,FAIL
63,94,73,61,78,369.0,73.8,B+,2.952,PASS
29,12,7,7,90,145.0,29.0,NG,1.16,FAIL
41,64,53,64,6,228.0,45.6,C,1.824,FAIL
35,42,89,25,69,260.0,52.0,C+,2.08,FAIL
78,86,39,27,46,276.0,55.2,C+,2.208,FAIL
89,7,51,25,66,238.0,47.6,C,1.9039999999999997,FAIL
12,54,68,70,21,225.0,45.0,C,1.8,FAIL
10,40,1,8,5,64.0,12.8,NG,0.512,FAIL
97,35,12,41,12,197.0,39.4,C,1.5759999999999998,FAIL
71,43,46,93,22,275.0,55.0,C+,2.2,FAIL
6,80,64,93,15,258.0,51.6,C+,2.064,FAIL
18,67,44,19,16,164.0,32.8,NG,1.3120000000000003,FAIL
23,19,57,25,76,200.0,40.0,C,1.6,FAIL
45,15,16,73,94,243.0,48.6,C,1.944,FAIL
26,5,33,5,37,106.0,21.2,NG,0.848,FAIL
17,28,27,76,23,171.0,34.2,NG,1.368,FAIL
20,45,62,46,29,202.0,40.4,C,1.6160000000000003,FAIL
32,85,88,76,50,331.0,66.2,B,2.648,FAIL
8,35,1,13,27,84.0,16.8,NG,0.672,FAIL
44,32,16,43,17,152.0,30.4,NG,1.216,FAIL
74,5,35,47,92,253.0,50.6,C+,2.024,FAIL
35,50,79,79,12,255.0,51.0,C+,2.04,FAIL
15,83,53,70,45,266.0,53.2,C+,2.128,FAIL
91,47,2,56,23,219.0,43.8,C,1.7519999999999998,FAIL
53,43,40,23,4,163.0,32.6,NG,1.304,FAIL
84,51,23,30,7,195.0,39.0,C,1.56,FAIL
25,81,4,2,38,150.0,30.0,NG,1.2,FAIL
34,91,0,47,22,194.0,38.8,C,1.5520000000000003,FAIL
95,35,45,57,77,309.0,61.8,B,2.472,PASS
67,36,90,45,83,321.0,64.2,B,2.568,PASS
51,98,68,24,97,338.0,67.6,B,2.704,FAIL
59,69,45,58,39,270.0,54.0,C+,2.16,PASS
8,94,70,3,23,198.0,39.6,C,1.584,FAIL
59,60,61,96,75,351.0,70.2,B+,2.8079999999999994,PASS
62,47,45,78,67,299.0,59.8,C+,2.392,PASS
58,7,1,31,75,172.0,34.4,NG,1.376,FAIL
23,65,39,10,59,196.0,39.2,C,1.568,FAIL
30,25,21,43,60,179.0,35.8,C,1.432,FAIL
8,34,38,33,39,152.0,30.4,NG,1.216,FAIL
66,78,10,32,80,266.0,53.2,C+,2.128,FAIL
92,76,95,86,81,430.0,86.0,A,3.44,PASS
95,75,82,38,49,339.0,67.8,B,2.7120000000000006,PASS
89,14,18,1,19,141.0,28.2,NG,1.128,FAIL
4,16,58,39,18,135.0,27.0,NG,1.08,FAIL
98,65,55,52,46,316.0,63.2,B,2.528,PASS
89,21,20,4,83,217.0,43.4,C,1.736,FAIL
11,47,99,14,93,264.0,52.8,C+,2.112,FAIL
76,13,45,40,99,273.0,54.6,C+,2.184,FAIL
50,9,19,9,31,118.0,23.6,NG,0.944,FAIL
66,18,95,97,39,315.0,63.0,B,2.52,FAIL
64,68,39,91,93,355.0,71.0,B+,2.84,PASS
26,74,31,82,1,214.0,42.8,C,1.712,FAIL
30,90,53,22,8,203.0,40.6,C,1.624,FAIL
49,36,32,46,67,230.0,46.0,C,1.84,FAIL
74,52,22,26,77,251.0,50.2,C+,2.008,FAIL
97,88,18,76,93,372.0,74.4,B+,2.9760000000000004,FAIL
28,2,27,10,80,147.0,29.4,NG,1.176,FAIL
42,30,92,7,49,220.0,44.0,C,1.76,FAIL
13,45,36,19,67,180.0,36.0,C,1.44,FAIL
92,7,83,32,38,252.0,50.4,C+,2.016,FAIL
0,8,44,10,65,127.0,25.4,NG,1.016,FAIL
10,37,1,47,68,163.0,32.6,NG,1.304,FAIL
71,1,45,17,73,207.0,41.4,C,1.656,FAIL
23,30,70,91,11,225.0,45.0,C,1.8,FAIL
22,75,6,31,31,165.0,33.0,NG,1.32,FAIL
45,23,16,23,94,201.0,40.2,C,1.608,FAIL
63,65,30,48,93,299.0,59.8,C+,2.392,FAIL
83,74,49,57,14,277.0,55.4,C+,2.216,FAIL
61,73,27,85,83,329.0,65.8,B,2.6319999999999997,FAIL
25,42,75,70,84,296.0,59.2,C+,2.368,FAIL
79,3,15,28,37,162.0,32.4,NG,1.296,FAIL
27,25,79,4,29,164.0,32.8,NG,1.3120000000000003,FAIL
18,74,61,80,19,252.0,50.4,C+,2.016,FAIL
41,57,38,45,37,218.0,43.6,C,1.744,PASS
52,46,16,16,33,163.0,32.6,NG,1.304,FAIL
0,6,30,78,35,149.0,29.8,NG,1.192,FAIL
56,34,14,13,31,148.0,29.6,NG,1.184,FAIL
14,98,92,38,91,333.0,66.6,B,2.664,FAIL
68,36,91,62,16,273.0,54.6,C+,2.184,FAIL
49,33,99,86,60,327.0,65.4,B,2.616,FAIL
91,43,99,22,74,329.0,65.8,B,2.6319999999999997,FAIL
17,12,10,9,63,111.0,22.2,NG,0.888,FAIL
17,43,78,43,71,252.0,50.4,C+,2.016,FAIL
35,54,85,4,32,210.0,42.0,C,1.68,FAIL
68,1,69,9,36,183.0,36.6,C,1.464,FAIL
71,57,98,25,76,327.0,65.4,B,2.616,FAIL
23,48,45,45,84,245.0,49.0,C,1.96,FAIL
18,42,14,83,37,194.0,38.8,C,1.5520000000000003,FAIL
3,93,28,48,94,266.0,53.2,C+,2.128,FAIL
23,31,87,4,15,160.0,32.0,NG,1.28,FAIL
8,75,3,18,78,182.0,36.4,C,1.456,FAIL
5,31,23,27,13,99.0,19.8,NG,0.792,FAIL
63,59,68,81,11,282.0,56.4,C+,2.256,FAIL
93,51,34,58,64,300.0,60.0,B,2.4,FAIL
34,18,84,74,0,210.0,42.0,C,1.68,FAIL
30,62,66,39,92,289.0,57.8,C+,2.312,FAIL
22,5,70,62,4,163.0,32.6,NG,1.304,FAIL
11,62,86,33,57,249.0,49.8,C,1.992,FAIL
47,75,13,28,82,245.0,49.0,C,1.96,FAIL
98,24,17,46,68,253.0,50.6,C+,2.024,FAIL
31,10,68,78,42,229.0,45.8,C,1.832,FAIL
38,29,1,18,34,120.0,24.0,NG,0.96,FAIL
51,60,88,13,15,227.0,45.4,C,1.8159999999999998,FAIL
66,14,63,20,41,204.0,40.8,C,1.632,FAIL
52,60,98,18,33,261.0,52.2,C+,2.088,FAIL
12,18,27,76,55,188.0,37.6,C,1.504,FAIL
77,69,84,39,44,313.0,62.6,B,2.504,PASS
26,45,69,36,78,254.0,50.8,C+,2.032,FAIL
96,95,69,58,47,365.0,73.0,B+,2.92,PASS
63,2,68,47,64,244.0,48.8,C,1.952,FAIL
90,8,21,58,70,247.0,49.4,C,1.976,FAIL
12,10,56,88,27,193.0,38.6,C,1.544,FAIL
13,93,66,52,33,257.0,51.4,C+,2.056,FAIL
89,61,13,27,31,221.0,44.2,C,1.768,FAIL
9,51,7,1,82,150.0,30.0,NG,1.2,FAIL
79,40,73,48,33,273.0,54.6,C+,2.184,FAIL
76,70,73,84,76,379.0,75.8,B+,3.032,PASS
36,68,92,56,29,281.0,56.2,C+,2.248,FAIL
92,7,72,66,96,333.0,66.6,B,2.664,FAIL
33,64,5,96,41,239.0,47.8,C,1.912,FAIL
53,78,16,13,77,237.0,47.4,C,1.896,FAIL
91,54,63,41,50,299.0,59.8,C+,2.392,PASS
80,8,21,95,97,301.0,60.2,B,2.408,FAIL
73,48,88,46,96,351.0,70.2,B+,2.8079999999999994,PASS
67,50,29,44,83,273.0,54.6,C+,2.184,FAIL
21,75,29,32,35,192.0,38.4,C,1.536,FAIL
57,77,22,16,71,243.0,48.6,C,1.944,FAIL
76,23,19,19,26,163.0,32.6,NG,1.304,FAIL
13,78,50,15,7,163.0,32.6,NG,1.304,FAIL
6,82,41,81,5,215.0,43.0,C,1.72,FAIL
67,57,27,5,78,234.0,46.8,C,1.872,FAIL
83,24,14,9,16,146.0,29.2,NG,1.168,FAIL
14,15,15,76,37,157.0,31.4,NG,1.256,FAIL
78,1,0,3,44,126.0,25.2,NG,1.008,FAIL
86,49,39,90,57,321.0,64.2,B,2.568,PASS
44,48,16,9,43,160.0,32.0,NG,1.28,FAIL
71,69,89,34,34,297.0,59.4,C+,2.376,FAIL
32,63,56,27,11,189.0,37.8,C,1.5119999999999998,FAIL
0,54,4,44,50,152.0,30.4,NG,1.216,FAIL
11,49,13,95,59,227.0,45.4,C,1.8159999999999998,FAIL
45,60,46,96,77,324.0,64.8,B,2.592,PASS
20,87,43,12,27,189.0,37.8,C,1.5119999999999998,FAIL
0,94,64,18,60,236.0,47.2,C,1.888,FAIL
89,65,64,25,46,289.0,57.8,C+,2.312,FAIL
92,9,81,34,81,297.0,59.4,C+,2.376,FAIL
39,34,27,71,55,226.0,45.2,C,1.808,FAIL
18,7,44,11,26,106.0,21.2,NG,0.848,FAIL
86,46,41,16,90,279.0,55.8,C+,2.232,FAIL
0,34,14,36,6,90.0,18.0,NG,0.72,FAIL
77,96,66,87,41,367.0,73.4,B+,2.9360000000000004,PASS
54,83,63,2,20,222.0,44.4,C,1.776,FAIL
13,47,45,51,71,227.0,45.4,C,1.8159999999999998,FAIL
14,14,96,83,8,215.0,43.0,C,1.72,FAIL
44,77,13,28,75,237.0,47.4,C,1.896,FAIL
38,33,58,51,49,229.0,45.8,C,1.832,FAIL
73,2,11,5,74,165.0,33.0,NG,1.32,FAIL
87,16,83,75,11,272.0,54.4,C+,2.176,FAIL
95,60,40,68,28,291.0,58.2,C+,2.328,FAIL
4,36,12,64,24,140.0,28.0,NG,1.12,FAIL
90,31,40,41,61,263.0,52.6,C+,2.104,FAIL
49,4,63,33,60,209.0,41.8,C,1.672,FAIL
59,2,51,10,13,135.0,27.0,NG,1.08,FAIL
58,76,30,48,61,273.0,54.6,C+,2.184,FAIL
8,69,5,43,33,158.0,31.6,NG,1.264,FAIL
99,13,18,33,88,251.0,50.2,C+,2.008,FAIL
96,62,98,59,6,321.0,64.2,B,2.568,FAIL
73,37,77,1,83,271.0,54.2,C+,2.168,FAIL
82,16,62,43,72,275.0,55.0,C+,2.2,FAIL
59,54,98,62,74,347.0,69.4,B,2.776,PASS
24,28,40,50,81,223.0,44.6,C,1.784,FAIL
14,54,39,4,22,133.0,26.6,NG,1.064,FAIL
74,73,44,62,93,346.0,69.2,B,2.7679999999999993,PASS
59,87,20,19,1,186.0,37.2,C,1.4880000000000002,FAIL
65,12,43,88,14,222.0,44.4,C,1.776,FAIL
67,69,70,69,56,331.0,66.2,B,2.648,PASS
54,39,89,64,25,271.0,54.2,C+,2.168,FAIL
30,0,31,8,76,145.0,29.0,NG,1.16,FAIL
93,3,15,2,26,139.0,27.8,NG,1.112,FAIL
90,65,88,91,29,363.0,72.6,B+,2.904,FAIL
37,37,75,98,87,334.0,66.8,B,2.6719999999999997,PASS
55,10,57,0,40,162.0,32.4,NG,1.296,FAIL
79,7,76,62,58,282.0,56.4,C+,2.256,FAIL
5,23,35,14,51,128.0,25.6,NG,1.024,FAIL
82,30,20,18,6,156.0,31.2,NG,1.248,FAIL
19,5,68,41,27,160.0,32.0,NG,1.28,FAIL
70,3,64,66,49,252.0,50.4,C+,2.016,FAIL
11,29,64,13,45,162.0,32.4,NG,1.296,FAIL
83,87,56,50,80,356.0,71.2,B+,2.8480000000000003,PASS
36,80,88,98,43,345.0,69.0,B,2.76,PASS
37,6,60,8,89,200.0,40.0,C,1.6,FAIL
50,33,81,39,8,211.0,42.2,C,1.6879999999999997,FAIL
60,74,95,43,93,365.0,73.0,B+,2.92,PASS
15,71,86,54,47,273.0,54.6,C+,2.184,FAIL
87,95,11,65,2,260.0,52.0,C+,2.08,FAIL
1,22,49,28,91,191.0,38.2,C,1.528,FAIL
20,36,41,46,64,207.0,41.4,C,1.656,FAIL
29,43,43,94,15,224.0,44.8,C,1.7920000000000003,FAIL
9,12,69,85,80,255.0,51.0,C+,2.04,FAIL
89,65,4,24,41,223.0,44.6,C,1.784,FAIL
21,14,98,66,79,278.0,55.6,C+,2.224,FAIL
75,9,57,82,19,242.0,48.4,C,1.936,FAIL
35,18,50,8,7,118.0,23.6,NG,0.944,FAIL
58,51,52,0,21,182.0,36.4,C,1.456,FAIL
74,22,20,39,94,249.0,49.8,C,1.992,FAIL
83,86,15,88,83,355.0,71.0,B+,2.84,FAIL
11,78,63,51,21,224.0,44.8,C,1.7920000000000003,FAIL
59,44,65,97,12,277.0,55.4,C+,2.216,FAIL
55,90,14,88,19,266.0,53.2,C+,2.128,FAIL
92,7,31,5,78,213.0,42.6,C,1.704,FAIL
44,28,84,58,4,218.0,43.6,C,1.744,FAIL
45,77,83,21,25,251.0,50.2,C+,2.008,FAIL
25,73,37,87,23,245.0,49.0,C,1.96,FAIL
33,44,26,60,78,241.0,48.2,C,1.928,FAIL
76,34,59,12,58,239.0,47.8,C,1.912,FAIL
22,94,73,54,4,247.0,49.4,C,1.976,FAIL
83,92,65,85,20,345.0,69.0,B,2.76,FAIL
67,43,68,19,22,219.0,43.8,C,1.7519999999999998,FAIL
52,31,89,89,1,262.0,52.4,C+,2.096,FAIL
70,65,61,25,3,224.0,44.8,C,1.7920000000000003,FAIL
84,95,97,76,70,422.0,84.4,A,3.3759999999999994,PASS
84,30,97,2,28,241.0,48.2,C,1.928,FAIL
66,8,4,8,1,87.0,17.4,NG,0.696,FAIL
35,20,69,58,78,260.0,52.0,C+,2.08,FAIL
92,1,48,55,70,266.0,53.2,C+,2.128,FAIL
54,70,67,22,80,293.0,58.6,C+,2.344,FAIL
32,83,24,58,91,288.0,57.6,C+,2.304,FAIL
40,18,89,71,39,257.0,51.4,C+,2.056,FAIL
47,80,82,32,48,289.0,57.8,C+,2.312,FAIL
64,33,33,19,2,151.0,30.2,NG,1.208,FAIL
42,88,45,15,4,194.0,38.8,C,1.5520000000000003,FAIL
80,16,46,21,8,171.0,34.2,NG,1.368,FAIL
57,50,89,55,55,306.0,61.2,B,2.448,PASS
45,68,88,66,17,284.0,56.8,C+,2.272,FAIL
19,49,70,30,48,216.0,43.2,C,1.7280000000000002,FAIL
20,85,19,26,18,168.0,33.6,NG,1.344,FAIL
97,29,93,38,51,308.0,61.6,B,2.464,FAIL
43,43,57,80,51,274.0,54.8,C+,2.192,PASS
49,81,18,60,93,301.0,60.2,B,2.408,FAIL
60,5,4,20,81,170.0,34.0,NG,1.36,FAIL
79,3,96,95,24,297.0,59.4,C+,2.376,FAIL
68,75,23,57,94,317.0,63.4,B,2.536,FAIL
20,55,91,51,77,294.0,58.8,C+,2.352,FAIL
19,53,87,69,85,313.0,62.6,B,2.504,FAIL
42,12,13,63,25,155.0,31.0,NG,1.24,FAIL
63,48,64,42,81,298.0,59.6,C+,2.384,PASS
87,10,29,51,1,178.0,35.6,C,1.4240000000000002,FAIL
58,80,61,94,52,345.0,69.0,B,2.76,PASS
95,98,35,28,66,322.0,64.4,B,2.576,FAIL
3,72,22,55,24,176.0,35.2,C,1.408,FAIL
87,82,4,49,59,281.0,56.2,C+,2.248,FAIL
6,38,28,15,43,130.0,26.0,NG,1.04,FAIL
58,94,89,63,51,355.0,71.0,B+,2.84,PASS
84,68,66,57,93,368.0,73.6,B+,2.944,PASS
23,26,94,29,2,174.0,34.8,NG,1.392,FAIL
4,68,60,7,98,237.0,47.4,C,1.896,FAIL
32,59,82,99,58,330.0,66.0,B,2.64,FAIL
65,74,84,94,91,408.0,81.6,A,3.264,PASS
33,25,22,10,12,102.0,20.4,NG,0.816,FAIL
30,16,9,43,20,118.0,23.6,NG,0.944,FAIL
6,57,59,14,50,186.0,37.2,C,1.4880000000000002,FAIL
66,14,48,7,19,154.0,30.8,NG,1.232,FAIL
45,47,35,93,67,287.0,57.4,C+,2.296,PASS
95,72,44,43,79,333.0,66.6,B,2.664,PASS
39,0,65,22,40,166.0,33.2,NG,1.328,FAIL
25,33,63,80,70,271.0,54.2,C+,2.168,FAIL
30,86,93,23,74,306.0,61.2,B,2.448,FAIL
28,88,97,8,35,256.0,51.2,C+,2.048,FAIL
4,1,43,22,29,99.0,19.8,NG,0.792,FAIL
18,7,48,23,57,153.0,30.6,NG,1.224,FAIL
68,64,14,37,4,187.0,37.4,C,1.496,FAIL
70,16,32,75,76,269.0,53.8,C+,2.152,FAIL
11,3,56,76,76,222.0,44.4,C,1.776,FAIL
30,58,71,48,2,209.0,41.8,C,1.672,FAIL
38,64,21,57,44,224.0,44.8,C,1.7920000000000003,FAIL
35,56,84,69,1,245.0,49.0,C,1.96,FAIL
38,29,52,9,66,194.0,38.8,C,1.5520000000000003,FAIL
3,32,74,91,20,220.0,44.0,C,1.76,FAIL
2,44,68,85,7,206.0,41.2,C,1.648,FAIL
5,63,25,39,69,201.0,40.2,C,1.608,FAIL
56,69,96,77,54,352.0,70.4,B+,2.816,PASS
62,7,5,16,22,112.0,22.4,NG,0.8960000000000001,FAIL
97,90,1,75,38,301.0,60.2,B,2.408,FAIL
47,49,21,64,25,206.0,41.2,C,1.648,FAIL
27,20,88,50,17,202.0,40.4,C,1.6160000000000003,FAIL
31,30,30,81,44,216.0,43.2,C,1.7280000000000002,FAIL
88,13,19,63,51,234.0,46.8,C,1.872,FAIL
37,27,54,39,18,175.0,35.0,C,1.4,FAIL
60,1,50,54,41,206.0,41.2,C,1.648,FAIL
52,84,69,61,80,346.0,69.2,B,2.7679999999999993,PASS
75,48,27,55,37,242.0,48.4,C,1.936,FAIL
48,79,97,44,59,327.0,65.4,B,2.616,PASS
93,82,38,1,27,241.0,48.2,C,1.928,FAIL
78,63,0,54,45,240.0,48.0,C,1.92,FAIL
85,57,16,20,59,237.0,47.4,C,1.896,FAIL
46,5,60,13,18,142.0,28.4,NG,1.136,FAIL
48,44,96,58,74,320.0,64.0,B,2.56,PASS
65,25,3,57,0,150.0,30.0,NG,1.2,FAIL
10,95,7,63,15,190.0,38.0,C,1.52,FAIL
21,48,83,15,12,179.0,35.8,C,1.432,FAIL
96,75,30,24,33,258.0,51.6,C+,2.064,FAIL
15,26,96,69,99,305.0,61.0,B,2.44,FAIL
71,73,48,73,68,333.0,66.6,B,2.664,PASS
74,39,45,83,31,272.0,54.4,C+,2.176,FAIL
48,8,1,13,12,82.0,16.4,NG,0.6560000000000001,FAIL
31,61,86,29,33,240.0,48.0,C,1.92,FAIL
61,37,28,96,75,297.0,59.4,C+,2.376,FAIL
14,67,66,17,22,186.0,37.2,C,1.4880000000000002,FAIL
19,39,36,22,34,150.0,30.0,NG,1.2,FAIL
67,89,92,1,32,281.0,56.2,C+,2.248,FAIL
74,19,25,65,93,276.0,55.2,C+,2.208,FAIL
32,64,97,90,72,355.0,71.0,B+,2.84,FAIL
82,17,18,24,55,196.0,39.2,C,1.568,FAIL
83,46,36,14,28,207.0,41.4,C,1.656,FAIL
34,92,48,14,48,236.0,47.2,C,1.888,FAIL
86,97,48,46,96,373.0,74.6,B+,2.984,PASS
73,12,69,67,14,235.0,47.0,C,1.88,FAIL
25,34,11,23,10,103.0,20.6,NG,0.824,FAIL
52,57,62,17,81,269.0,53.8,C+,2.152,FAIL
3,61,70,93,45,272.0,54.4,C+,2.176,FAIL
14,35,45,79,81,254.0,50.8,C+,2.032,FAIL
94,94,84,38,7,317.0,63.4,B,2.536,FAIL
69,64,76,16,17,242.0,48.4,C,1.936,FAIL
2,76,48,72,18,216.0,43.2,C,1.7280000000000002,FAIL
9,23,34,76,9,151.0,30.2,NG,1.208,FAIL
52,39,98,54,4,247.0,49.4,C,1.976,FAIL
7,34,32,98,3,174.0,34.8,NG,1.392,FAIL
56,5,70,2,23,156.0,31.2,NG,1.248,FAIL
80,94,66,73,5,318.0,63.6,B,2.544,FAIL
41,67,41,48,80,277.0,55.4,C+,2.216,PASS
53,64,66,23,73,279.0,55.8,C+,2.232,FAIL
35,20,93,58,7,213.0,42.6,C,1.704,FAIL
7,93,82,41,16,239.0,47.8,C,1.912,FAIL
52,88,0,89,66,295.0,59.0,C+,2.36,FAIL
52,70,98,1,56,277.0,55.4,C+,2.216,FAIL
30,86,92,45,6,259.0,51.8,C+,2.072,FAIL
58,11,77,77,16,239.0,47.8,C,1.912,FAIL
84,76,94,44,78,376.0,75.2,B+,3.008,PASS
80,90,37,5,98,310.0,62.0,B,2.48,FAIL
16,71,59,80,26,252.0,50.4,C+,2.016,FAIL
11,40,55,11,56,173.0,34.6,NG,1.3839999999999997,FAIL
95,45,50,49,82,321.0,64.2,B,2.568,PASS
53,34,74,73,91,325.0,65.0,B,2.6,FAIL
1,1,63,20,27,112.0,22.4,NG,0.8960000000000001,FAIL
46,99,65,5,30,245.0,49.0,C,1.96,FAIL
53,15,79,56,76,279.0,55.8,C+,2.232,FAIL
98,36,78,63,8,283.0,56.6,C+,2.264,FAIL
88,38,16,71,10,223.0,44.6,C,1.784,FAIL
37,81,92,30,60,300.0,60.0,B,2.4,FAIL
46,18,82,19,26,191.0,38.2,C,1.528,FAIL
31,98,74,35,27,265.0,53.0,C+,2.12,FAIL
28,20,34,41,70,193.0,38.6,C,1.544,FAIL
26,36,51,29,72,214.0,42.8,C,1.712,FAIL
53,2,80,41,23,199.0,39.8,C,1.592,FAIL
87,49,67,61,12,276.0,55.2,C+,2.208,FAIL
59,41,60,22,89,271.0,54.2,C+,2.168,FAIL
11,32,56,46,13,158.0,31.6,NG,1.264,FAIL
52,50,66,59,93,320.0,64.0,B,2.56,PASS
28,23,92,29,28,200.0,40.0,C,1.6,FAIL
95,21,80,58,17,271.0,54.2,C+,2.168,FAIL
57,6,34,76,73,246.0,49.2,C,1.9680000000000002,FAIL
41,66,5,48,56,216.0,43.2,C,1.7280000000000002,FAIL
7,73,67,50,16,213.0,42.6,C,1.704,FAIL
55,64,65,72,4,260.0,52.0,C+,2.08,FAIL
21,80,65,2,86,254.0,50.8,C+,2.032,FAIL
13,68,77,44,35,237.0,47.4,C,1.896,FAIL
41,64,13,49,51,218.0,43.6,C,1.744,FAIL
75,98,85,16,29,303.0,60.6,B,2.424,FAIL
85,48,24,73,70,300.0,60.0,B,2.4,FAIL
73,87,61,47,8,276.0,55.2,C+,2.208,FAIL
18,81,68,4,28,199.0,39.8,C,1.592,FAIL
21,94,51,51,11,228.0,45.6,C,1.824,FAIL
16,71,61,81,74,303.0,60.6,B,2.424,FAIL
73,69,19,87,26,274.0,54.8,C+,2.192,FAIL
27,44,4,67,10,152.0,30.4,NG,1.216,FAIL
7,78,14,16,50,165.0,33.0,NG,1.32,FAIL
54,53,28,61,85,281.0,56.2,C+,2.248,FAIL
15,34,22,55,10,136.0,27.2,NG,1.088,FAIL
29,95,93,62,23,302.0,60.4,B,2.416,FAIL
90,19,65,26,13,213.0,42.6,C,1.704,FAIL
42,82,32,47,58,261.0,52.2,C+,2.088,FAIL
52,31,6,95,10,194.0,38.8,C,1.5520000000000003,FAIL
57,27,82,86,36,288.0,57.6,C+,2.304,FAIL
50,82,86,22,96,336.0,67.2,B,2.688,FAIL
74,87,3,94,20,278.0,55.6,C+,2.224,FAIL
6,11,62,50,3,132.0,26.4,NG,1.056,FAIL
67,55,80,84,93,379.0,75.8,B+,3.032,PASS
45,15,45,71,25,201.0,40.2,C,1.608,FAIL
83,24,85,65,85,342.0,68.4,B,2.736,FAIL
59,19,61,74,11,224.0,44.8,C,1.7920000000000003,FAIL
50,16,82,77,6,231.0,46.2,C,1.848,FAIL
20,61,32,99,27,239.0,47.8,C,1.912,FAIL
16,90,3,61,44,214.0,42.8,C,1.712,FAIL
4,50,70,43,41,208.0,41.6,C,1.6640000000000001,FAIL
18,93,36,52,85,284.0,56.8,C+,2.272,FAIL
13,10,74,80,17,194.0,38.8,C,1.5520000000000003,FAIL
68,79,18,97,13,275.0,55.0,C+,2.2,FAIL
33,76,92,27,42,270.0,54.0,C+,2.16,FAIL
77,28,81,92,90,368.0,73.6,B+,2.944,FAIL
14,75,42,33,27,191.0,38.2,C,1.528,FAIL
31,43,18,89,42,223.0,44.6,C,1.784,FAIL
94,11,43,71,88,307.0,61.4,B,2.456,FAIL
29,86,67,73,48,303.0,60.6,B,2.424,FAIL
62,78,13,32,37,222.0,44.4,C,1.776,FAIL
22,73,44,90,87,316.0,63.2,B,2.528,FAIL
66,49,83,5,58,261.0,52.2,C+,2.088,FAIL
62,53,46,56,19,236.0,47.2,C,1.888,FAIL
35,21,38,28,94,216.0,43.2,C,1.7280000000000002,FAIL
59,66,31,96,63,315.0,63.0,B,2.52,FAIL
32,32,61,34,95,254.0,50.8,C+,2.032,FAIL
89,4,23,82,51,249.0,49.8,C,1.992,FAIL
30,30,62,15,34,171.0,34.2,NG,1.368,FAIL
80,85,12,82,69,328.0,65.6,B,2.6240000000000006,FAIL
77,19,56,27,60,239.0,47.8,C,1.912,FAIL
33,7,99,42,31,212.0,42.4,C,1.696,FAIL
67,7,27,55,34,190.0,38.0,C,1.52,FAIL
45,69,21,23,42,200.0,40.0,C,1.6,FAIL
75,3,2,8,42,130.0,26.0,NG,1.04,FAIL
74,3,0,99,31,207.0,41.4,C,1.656,FAIL
85,95,37,96,3,316.0,63.2,B,2.528,FAIL
62,74,0,26,58,220.0,44.0,C,1.76,FAIL
12,85,61,4,60,222.0,44.4,C,1.776,FAIL
44,39,14,72,5,174.0,34.8,NG,1.392,FAIL
30,35,41,44,64,214.0,42.8,C,1.712,FAIL
59,61,69,3,32,224.0,44.8,C,1.7920000000000003,FAIL
19,95,64,95,90,363.0,72.6,B+,2.904,FAIL
8,0,88,82,90,268.0,53.6,C+,2.144,FAIL
54,93,47,89,64,347.0,69.4,B,2.776,PASS
54,88,13,43,41,239.0,47.8,C,1.912,FAIL
31,58,14,84,93,280.0,56.0,C+,2.24,FAIL
89,49,49,30,29,246.0,49.2,C,1.9680000000000002,FAIL
91,53,91,76,12,323.0,64.6,B,2.5840000000000005,FAIL
86,1,54,42,21,204.0,40.8,C,1.632,FAIL
75,34,83,65,40,297.0,59.4,C+,2.376,FAIL
68,47,16,2,96,229.0,45.8,C,1.832,FAIL
14,94,85,25,14,232.0,46.4,C,1.8560000000000003,FAIL
81,88,0,87,47,303.0,60.6,B,2.424,FAIL
81,39,13,84,10,227.0,45.4,C,1.8159999999999998,FAIL
9,99,81,75,61,325.0,65.0,B,2.6,FAIL
39,86,33,87,4,249.0,49.8,C,1.992,FAIL
72,57,72,17,94,312.0,62.4,B,2.496,FAIL
73,45,6,1,73,198.0,39.6,C,1.584,FAIL
83,14,17,60,0,174.0,34.8,NG,1.392,FAIL
40,47,67,87,87,328.0,65.6,B,2.6240000000000006,PASS
58,99,85,5,2,249.0,49.8,C,1.992,FAIL
95,94,58,72,3,322.0,64.4,B,2.576,FAIL
82,36,25,62,51,256.0,51.2,C+,2.048,FAIL
65,21,2,58,92,238.0,47.6,C,1.9039999999999997,FAIL
97,23,81,57,63,321.0,64.2,B,2.568,FAIL
86,98,98,75,44,401.0,80.2,A,3.208,PASS
62,47,94,29,0,232.0,46.4,C,1.8560000000000003,FAIL
22,34,55,2,76,189.0,37.8,C,1.5119999999999998,FAIL
9,40,86,60,57,252.0,50.4,C+,2.016,FAIL
15,96,25,78,20,234.0,46.8,C,1.872,FAIL
98,33,22,26,8,187.0,37.4,C,1.496,FAIL
79,66,8,11,89,253.0,50.6,C+,2.024,FAIL
76,72,33,48,37,266.0,53.2,C+,2.128,FAIL
30,8,47,32,53,170.0,34.0,NG,1.36,FAIL
90,47,86,29,7,259.0,51.8,C+,2.072,FAIL
63,86,9,24,71,253.0,50.6,C+,2.024,FAIL
24,28,7,20,45,124.0,24.8,NG,0.992,FAIL
89,33,63,79,68,332.0,66.4,B,2.656,FAIL
32,54,21,1,74,182.0,36.4,C,1.456,FAIL
38,54,32,96,67,287.0,57.4,C+,2.296,FAIL
44,21,22,88,60,235.0,47.0,C,1.88,FAIL
44,98,74,53,25,294.0,58.8,C+,2.352,FAIL
88,2,22,18,58,188.0,37.6,C,1.504,FAIL
29,31,79,92,20,251.0,50.2,C+,2.008,FAIL
82,44,50,65,70,311.0,62.2,B,2.488,PASS
72,44,94,1,25,236.0,47.2,C,1.888,FAIL
4,19,65,85,88,261.0,52.2,C+,2.088,FAIL
35,63,18,5,85,206.0,41.2,C,1.648,FAIL
0,15,10,56,38,119.0,23.8,NG,0.9519999999999998,FAIL
28,44,9,86,1,168.0,33.6,NG,1.344,FAIL
46,25,67,51,67,256.0,51.2,C+,2.048,FAIL
90,97,21,71,48,327.0,65.4,B,2.616,FAIL
90,4,24,10,12,140.0,28.0,NG,1.12,FAIL
87,57,3,54,48,249.0,49.8,C,1.992,FAIL
58,31,8,78,53,228.0,45.6,C,1.824,FAIL
50,70,43,99,34,296.0,59.2,C+,2.368,FAIL
53,24,12,54,69,212.0,42.4,C,1.696,FAIL
87,35,98,49,62,331.0,66.2,B,2.648,PASS
36,42,16,84,57,235.0,47.0,C,1.88,FAIL
58,39,47,99,59,302.0,60.4,B,2.416,PASS
82,25,75,46,54,282.0,56.4,C+,2.256,FAIL
63,6,77,67,18,231.0,46.2,C,1.848,FAIL
5,29,6,78,58,176.0,35.2,C,1.408,FAIL
88,49,63,2,98,300.0,60.0,B,2.4,FAIL
26,96,65,98,16,301.0,60.2,B,2.408,FAIL
67,28,53,14,82,244.0,48.8,C,1.952,FAIL
46,32,70,49,96,293.0,58.6,C+,2.344,FAIL
6,40,9,71,14,140.0,28.0,NG,1.12,FAIL
62,95,15,15,64,251.0,50.2,C+,2.008,FAIL
17,54,45,80,75,271.0,54.2,C+,2.168,FAIL
87,86,57,74,79,383.0,76.6,B+,3.0639999999999996,PASS
76,47,9,23,46,201.0,40.2,C,1.608,FAIL
17,90,8,66,39,220.0,44.0,C,1.76,FAIL
43,35,64,11,89,242.0,48.4,C,1.936,FAIL
99,62,37,30,61,289.0,57.8,C+,2.312,FAIL
77,24,95,58,53,307.0,61.4,B,2.456,FAIL
36,84,95,34,10,259.0,51.8,C+,2.072,FAIL
79,15,51,4,25,174.0,34.8,NG,1.392,FAIL
49,0,21,64,56,190.0,38.0,C,1.52,FAIL
19,95,46,75,53,288.0,57.6,C+,2.304,FAIL
99,91,85,19,32,326.0,65.2,B,2.608,FAIL
25,22,0,24,21,92.0,18.4,NG,0.736,FAIL
50,81,57,21,48,257.0,51.4,C+,2.056,FAIL
21,72,88,3,79,263.0,52.6,C+,2.104,FAIL
42,99,66,32,54,293.0,58.6,C+,2.344,FAIL
54,97,12,63,68,294.0,58.8,C+,2.352,FAIL
80,94,41,2,32,249.0,49.8,C,1.992,FAIL
36,73,63,78,13,263.0,52.6,C+,2.104,FAIL
41,59,85,18,10,213.0,42.6,C,1.704,FAIL
42,49,83,89,79,342.0,68.4,B,2.736,PASS
9,58,73,4,74,218.0,43.6,C,1.744,FAIL
86,91,21,27,35,260.0,52.0,C+,2.08,FAIL
47,75,13,38,5,178.0,35.6,C,1.4240000000000002,FAIL
16,48,67,53,53,237.0,47.4,C,1.896,FAIL
42,4,17,65,40,168.0,33.6,NG,1.344,FAIL
48,24,53,34,46,205.0,41.0,C,1.64,FAIL
39,61,5,79,58,242.0,48.4,C,1.936,FAIL
79,49,42,17,15,202.0,40.4,C,1.6160000000000003,FAIL
88,76,90,46,54,354.0,70.8,B+,2.832,PASS
53,43,90,26,20,232.0,46.4,C,1.8560000000000003,FAIL
6,70,67,80,48,271.0,54.2,C+,2.168,FAIL
72,97,36,58,45,308.0,61.6,B,2.464,PASS
88,87,95,29,40,339.0,67.8,B,2.7120000000000006,FAIL
48,67,47,70,66,298.0,59.6,C+,2.384,PASS
26,30,98,81,12,247.0,49.4,C,1.976,FAIL
30,53,92,73,34,282.0,56.4,C+,2.256,FAIL
34,80,57,61,34,266.0,53.2,C+,2.128,FAIL
26,90,86,42,79,323.0,64.6,B,2.5840000000000005,FAIL
72,6,65,99,94,336.0,67.2,B,2.688,FAIL
18,45,2,92,35,192.0,38.4,C,1.536,FAIL
63,43,64,22,65,257.0,51.4,C+,2.056,FAIL
4,35,5,6,67,117.0,23.4,NG,0.936,FAIL
45,55,35,92,49,276.0,55.2,C+,2.208,PASS
49,12,55,96,11,223.0,44.6,C,1.784,FAIL
95,10,98,57,21,281.0,56.2,C+,2.248,FAIL
37,60,3,23,54,177.0,35.4,C,1.416,FAIL
75,78,30,84,37,304.0,60.8,B,2.432,FAIL
41,44,85,6,76,252.0,50.4,C+,2.016,FAIL
56,5,49,78,51,239.0,47.8,C,1.912,FAIL
96,76,67,77,26,342.0,68.4,B,2.736,FAIL
14,93,40,70,66,283.0,56.6,C+,2.264,FAIL
25,12,12,86,29,164.0,32.8,NG,1.3120000000000003,FAIL
77,68,90,40,0,275.0,55.0,C+,2.2,FAIL
9,90,84,38,61,282.0,56.4,C+,2.256,FAIL
77,35,53,8,85,258.0,51.6,C+,2.064,FAIL
80,44,9,76,32,241.0,48.2,C,1.928,FAIL
15,27,66,4,78,190.0,38.0,C,1.52,FAIL
93,71,34,23,96,317.0,63.4,B,2.536,FAIL
32,72,95,1,47,247.0,49.4,C,1.976,FAIL
48,66,31,39,86,270.0,54.0,C+,2.16,FAIL
29,39,28,45,92,233.0,46.6,C,1.864,FAIL
61,81,76,36,24,278.0,55.6,C+,2.224,FAIL
38,74,33,56,62,263.0,52.6,C+,2.104,FAIL
91,74,52,5,93,315.0,63.0,B,2.52,FAIL
57,10,13,19,94,193.0,38.6,C,1.544,FAIL
24,58,20,49,35,186.0,37.2,C,1.4880000000000002,FAIL
18,0,74,86,76,254.0,50.8,C+,2.032,FAIL
8,32,16,46,45,147.0,29.4,NG,1.176,FAIL
57,50,27,51,20,205.0,41.0,C,1.64,FAIL
15,10,41,27,23,116.0,23.2,NG,0.9280000000000002,FAIL
89,68,60,28,44,289.0,57.8,C+,2.312,FAIL
62,68,73,5,46,254.0,50.8,C+,2.032,FAIL
4,94,9,99,90,296.0,59.2,C+,2.368,FAIL
66,58,99,94,53,370.0,74.0,B+,2.96,PASS
77,41,46,16,50,230.0,46.0,C,1.84,FAIL
41,61,55,46,92,295.0,59.0,C+,2.36,PASS
30,61,66,46,66,269.0,53.8,C+,2.152,FAIL
32,66,50,7,38,193.0,38.6,C,1.544,FAIL
17,20,14,66,20,137.0,27.4,NG,1.096,FAIL
53,78,47,62,83,323.0,64.6,B,2.5840000000000005,PASS
20,64,23,46,69,222.0,44.4,C,1.776,FAIL
72,3,38,68,82,263.0,52.6,C+,2.104,FAIL
79,63,70,27,73,312.0,62.4,B,2.496,FAIL
28,71,45,20,14,178.0,35.6,C,1.4240000000000002,FAIL
22,74,23,61,63,243.0,48.6,C,1.944,FAIL
94,36,20,41,58,249.0,49.8,C,1.992,FAIL
24,94,85,66,18,287.0,57.4,C+,2.296,FAIL
60,78,63,58,78,337.0,67.4,B,2.696,PASS
36,50,8,64,14,172.0,34.4,NG,1.376,FAIL
50,33,49,68,16,216.0,43.2,C,1.7280000000000002,FAIL
14,61,32,15,70,192.0,38.4,C,1.536,FAIL
52,34,39,42,6,173.0,34.6,NG,1.3839999999999997,FAIL
30,97,40,6,27,200.0,40.0,C,1.6,FAIL
32,66,41,25,27,191.0,38.2,C,1.528,FAIL
81,6,36,92,70,285.0,57.0,C+,2.28,FAIL
31,24,72,76,62,265.0,53.0,C+,2.12,FAIL
29,32,14,0,83,158.0,31.6,NG,1.264,FAIL
92,10,23,94,31,250.0,50.0,C+,2.0,FAIL
11,81,70,70,26,258.0,51.6,C+,2.064,FAIL
9,84,24,23,60,200.0,40.0,C,1.6,FAIL
16,48,63,45,1,173.0,34.6,NG,1.3839999999999997,FAIL
54,90,27,29,77,277.0,55.4,C+,2.216,FAIL
70,56,24,31,80,261.0,52.2,C+,2.088,FAIL
10,69,84,99,8,270.0,54.0,C+,2.16,FAIL
90,63,97,18,72,340.0,68.0,B,2.72,FAIL
84,48,33,29,70,264.0,52.8,C+,2.112,FAIL
78,82,8,16,36,220.0,44.0,C,1.76,FAIL
80,40,81,30,21,252.0,50.4,C+,2.016,FAIL
94,19,37,16,53,219.0,43.8,C,1.7519999999999998,FAIL
26,11,7,56,73,173.0,34.6,NG,1.3839999999999997,FAIL
86,17,84,35,12,234.0,46.8,C,1.872,FAIL
60,92,45,38,8,243.0,48.6,C,1.944,FAIL
50,23,90,26,65,254.0,50.8,C+,2.032,FAIL
96,66,5,40,11,218.0,43.6,C,1.744,FAIL
89,84,24,45,39,281.0,56.2,C+,2.248,FAIL
81,6,95,73,63,318.0,63.6,B,2.544,FAIL
39,69,38,9,10,165.0,33.0,NG,1.32,FAIL
57,56,5,20,81,219.0,43.8,C,1.7519999999999998,FAIL
26,56,73,17,98,270.0,54.0,C+,2.16,FAIL
50,13,64,64,77,268.0,53.6,C+,2.144,FAIL
13,3,30,14,46,106.0,21.2,NG,0.848,FAIL
90,93,27,40,16,266.0,53.2,C+,2.128,FAIL
7,47,53,96,98,301.0,60.2,B,2.408,FAIL
64,49,50,41,39,243.0,48.6,C,1.944,PASS
83,40,48,52,49,272.0,54.4,C+,2.176,PASS
38,21,65,13,21,158.0,31.6,NG,1.264,FAIL
86,43,90,5,36,260.0,52.0,C+,2.08,FAIL
12,75,25,36,73,221.0,44.2,C,1.768,FAIL
19,58,78,18,32,205.0,41.0,C,1.64,FAIL
4,19,57,20,41,141.0,28.2,NG,1.128,FAIL
87,66,6,4,99,262.0,52.4,C+,2.096,FAIL
55,81,18,23,32,209.0,41.8,C,1.672,FAIL
48,19,31,12,70,180.0,36.0,C,1.44,FAIL
53,19,85,58,41,256.0,51.2,C+,2.048,FAIL
68,11,83,46,33,241.0,48.2,C,1.928,FAIL
73,74,66,25,31,269.0,53.8,C+,2.152,FAIL
57,35,87,56,97,332.0,66.4,B,2.656,PASS
82,68,64,72,74,360.0,72.0,B+,2.88,PASS
10,34,37,44,92,217.0,43.4,C,1.736,FAIL
55,81,61,12,58,267.0,53.4,C+,2.136,FAIL
12,3,40,77,13,145.0,29.0,NG,1.16,FAIL
45,96,5,33,34,213.0,42.6,C,1.704,FAIL
32,23,85,89,74,303.0,60.6,B,2.424,FAIL
79,62,62,32,6,241.0,48.2,C,1.928,FAIL
32,90,21,85,53,281.0,56.2,C+,2.248,FAIL
24,38,10,33,81,186.0,37.2,C,1.4880000000000002,FAIL
68,64,65,63,53,313.0,62.6,B,2.504,PASS
79,28,95,48,91,341.0,68.2,B,2.728,FAIL
0,11,68,97,98,274.0,54.8,C+,2.192,FAIL
56,15,32,10,31,144.0,28.8,NG,1.152,FAIL
9,81,63,0,30,183.0,36.6,C,1.464,FAIL
26,54,60,61,45,246.0,49.2,C,1.9680000000000002,FAIL
41,56,35,64,47,243.0,48.6,C,1.944,PASS
74,15,73,79,71,312.0,62.4,B,2.496,FAIL
90,68,51,70,64,343.0,68.6,B,2.744,PASS
61,63,31,55,78,288.0,57.6,C+,2.304,FAIL
33,65,37,44,44,223.0,44.6,C,1.784,FAIL
37,23,85,62,14,221.0,44.2,C,1.768,FAIL
93,0,73,87,24,277.0,55.4,C+,2.216,FAIL
43,19,1,88,71,222.0,44.4,C,1.776,FAIL
63,17,86,22,93,281.0,56.2,C+,2.248,FAIL
61,29,19,0,81,190.0,38.0,C,1.52,FAIL
35,34,33,40,21,163.0,32.6,NG,1.304,FAIL
68,68,46,88,53,323.0,64.6,B,2.5840000000000005,PASS
56,31,86,73,98,344.0,68.8,B,2.752,FAIL
79,49,91,83,91,393.0,78.6,B+,3.144,PASS
45,96,55,63,14,273.0,54.6,C+,2.184,FAIL
2,71,38,24,89,224.0,44.8,C,1.7920000000000003,FAIL
16,80,34,63,95,288.0,57.6,C+,2.304,FAIL
41,46,95,29,95,306.0,61.2,B,2.448,FAIL
57,46,6,60,59,228.0,45.6,C,1.824,FAIL
95,59,68,8,1,231.0,46.2,C,1.848,FAIL
33,4,50,53,66,206.0,41.2,C,1.648,FAIL
97,31,54,44,66,292.0,58.4,C+,2.336,FAIL
58,7,59,43,36,203.0,40.6,C,1.624,FAIL
15,61,73,90,60,299.0,59.8,C+,2.392,FAIL
57,47,80,80,69,333.0,66.6,B,2.664,PASS
81,81,0,26,45,233.0,46.6,C,1.864,FAIL
20,69,63,53,97,302.0,60.4,B,2.416,FAIL
92,70,18,42,77,299.0,59.8,C+,2.392,FAIL
5,19,1,28,62,115.0,23.0,NG,0.92,FAIL
64,10,29,55,88,246.0,49.2,C,1.9680000000000002,FAIL
3,99,78,15,78,273.0,54.6,C+,2.184,FAIL
11,67,49,39,4,170.0,34.0,NG,1.36,FAIL
7,4,47,82,60,200.0,40.0,C,1.6,FAIL
39,95,58,35,62,289.0,57.8,C+,2.312,PASS
69,58,76,7,20,230.0,46.0,C,1.84,FAIL
71,33,15,94,98,311.0,62.2,B,2.488,FAIL
67,91,70,37,42,307.0,61.4,B,2.456,PASS
53,22,49,62,96,282.0,56.4,C+,2.256,FAIL
57,98,12,96,75,338.0,67.6,B,2.704,FAIL
37,45,53,40,83,258.0,51.6,C+,2.064,PASS
36,68,46,79,46,275.0,55.0,C+,2.2,PASS
10,35,65,80,65,255.0,51.0,C+,2.04,FAIL
53,5,37,62,98,255.0,51.0,C+,2.04,FAIL
95,6,79,91,28,299.0,59.8,C+,2.392,FAIL
79,39,57,40,70,285.0,57.0,C+,2.28,PASS
11,7,3,17,47,85.0,17.0,NG,0.68,FAIL
95,36,63,72,79,345.0,69.0,B,2.76,PASS
82,10,99,31,84,306.0,61.2,B,2.448,FAIL
85,61,66,4,83,299.0,59.8,C+,2.392,FAIL
93,75,79,84,43,374.0,74.8,B+,2.992,PASS
30,4,89,3,42,168.0,33.6,NG,1.344,FAIL
35,19,77,71,34,236.0,47.2,C,1.888,FAIL
74,3,83,44,56,260.0,52.0,C+,2.08,FAIL
66,21,98,99,11,295.0,59.0,C+,2.36,FAIL
95,80,18,92,20,305.0,61.0,B,2.44,FAIL
36,95,17,23,92,263.0,52.6,C+,2.104,FAIL
98,83,49,86,2,318.0,63.6,B,2.544,FAIL
66,85,33,35,77,296.0,59.2,C+,2.368,FAIL
7,69,87,49,76,288.0,57.6,C+,2.304,FAIL
6,25,84,2,5,122.0,24.4,NG,0.976,FAIL
90,8,21,35,26,180.0,36.0,C,1.44,FAIL
76,4,85,90,97,352.0,70.4,B+,2.816,FAIL
52,66,77,37,48,280.0,56.0,C+,2.24,PASS
74,18,71,68,39,270.0,54.0,C+,2.16,FAIL
52,54,89,96,9,300.0,60.0,B,2.4,FAIL
2,85,84,31,7,209.0,41.8,C,1.672,FAIL
70,22,47,9,53,201.0,40.2,C,1.608,FAIL
37,29,4,66,55,191.0,38.2,C,1.528,FAIL
84,89,35,33,19,260.0,52.0,C+,2.08,FAIL
29,23,5,7,19,83.0,16.6,NG,0.664,FAIL
79,84,16,16,35,230.0,46.0,C,1.84,FAIL
83,53,95,11,90,332.0,66.4,B,2.656,FAIL
63,87,72,79,2,303.0,60.6,B,2.424,FAIL
62,91,20,13,69,255.0,51.0,C+,2.04,FAIL
0,24,23,79,18,144.0,28.8,NG,1.152,FAIL
24,4,42,81,34,185.0,37.0,C,1.48,FAIL
11,39,85,11,9,155.0,31.0,NG,1.24,FAIL
90,47,48,6,24,215.0,43.0,C,1.72,FAIL
56,56,2,2,15,131.0,26.2,NG,1.048,FAIL
81,61,35,41,1,219.0,43.8,C,1.7519999999999998,FAIL
60,3,33,35,76,207.0,41.4,C,1.656,FAIL
45,75,7,88,19,234.0,46.8,C,1.872,FAIL
52,76,48,20,54,250.0,50.0,C+,2.0,FAIL
79,82,98,15,74,348.0,69.6,B,2.784,FAIL
42,23,49,49,49,212.0,42.4,C,1.696,FAIL
7,70,91,44,26,238.0,47.6,C,1.9039999999999997,FAIL
24,55,48,46,18,191.0,38.2,C,1.528,FAIL
98,76,90,41,67,372.0,74.4,B+,2.9760000000000004,PASS
73,29,70,62,99,333.0,66.6,B,2.664,FAIL
2,78,14,54,52,200.0,40.0,C,1.6,FAIL
34,58,99,18,7,216.0,43.2,C,1.7280000000000002,FAIL
55,29,1,96,40,221.0,44.2,C,1.768,FAIL
40,25,66,29,85,245.0,49.0,C,1.96,FAIL
64,84,37,89,82,356.0,71.2,B+,2.8480000000000003,PASS
59,90,77,73,2,301.0,60.2,B,2.408,FAIL
10,76,95,4,74,259.0,51.8,C+,2.072,FAIL
73,23,56,53,6,211.0,42.2,C,1.6879999999999997,FAIL
21,50,21,80,27,199.0,39.8,C,1.592,FAIL
98,35,5,35,95,268.0,53.6,C+,2.144,FAIL
42,89,73,26,1,231.0,46.2,C,1.848,FAIL
49,65,9,11,15,149.0,29.8,NG,1.192,FAIL
2,89,57,23,64,235.0,47.0,C,1.88,FAIL
63,96,1,72,30,262.0,52.4,C+,2.096,FAIL
85,44,17,45,16,207.0,41.4,C,1.656,FAIL
98,40,26,94,81,339.0,67.8,B,2.7120000000000006,FAIL
33,81,64,3,50,231.0,46.2,C,1.848,FAIL
5,28,17,33,49,132.0,26.4,NG,1.056,FAIL
71,72,53,31,85,312.0,62.4,B,2.496,FAIL
55,47,76,48,71,297.0,59.4,C+,2.376,PASS
28,79,99,49,66,321.0,64.2,B,2.568,FAIL
27,34,35,21,59,176.0,35.2,C,1.408,FAIL
39,78,85,97,93,392.0,78.4,B+,3.136,PASS
10,3,81,10,11,115.0,23.0,NG,0.92,FAIL
85,42,74,61,3,265.0,53.0,C+,2.12,FAIL
59,14,99,24,26,222.0,44.4,C,1.776,FAIL
45,82,63,82,99,371.0,74.2,B+,2.968,PASS
59,98,38,25,20,240.0,48.0,C,1.92,FAIL
17,52,32,68,64,233.0,46.6,C,1.864,FAIL
15,96,25,44,38,218.0,43.6,C,1.744,FAIL
32,80,75,66,8,261.0,52.2,C+,2.088,FAIL
42,67,66,45,99,319.0,63.8,B,2.552,PASS
20,40,79,43,21,203.0,40.6,C,1.624,FAIL
55,12,39,64,4,174.0,34.8,NG,1.392,FAIL
40,18,27,92,17,194.0,38.8,C,1.5520000000000003,FAIL
35,90,37,50,18,230.0,46.0,C,1.84,FAIL
28,11,20,78,41,178.0,35.6,C,1.4240000000000002,FAIL
86,82,51,71,49,339.0,67.8,B,2.7120000000000006,PASS
15,91,72,74,55,307.0,61.4,B,2.456,FAIL
7,85,96,70,17,275.0,55.0,C+,2.2,FAIL
30,29,26,42,84,211.0,42.2,C,1.6879999999999997,FAIL
92,36,92,84,31,335.0,67.0,B,2.68,FAIL
99,60,88,46,86,379.0,75.8,B+,3.032,PASS
30,47,94,15,30,216.0,43.2,C,1.7280000000000002,FAIL
95,12,9,30,61,207.0,41.4,C,1.656,FAIL
39,75,1,32,79,226.0,45.2,C,1.808,FAIL
61,94,93,3,5,256.0,51.2,C+,2.048,FAIL
23,19,48,21,78,189.0,37.8,C,1.5119999999999998,FAIL
47,91,58,35,22,253.0,50.6,C+,2.024,FAIL
75,88,38,97,49,347.0,69.4,B,2.776,PASS
31,59,5,45,4,144.0,28.8,NG,1.152,FAIL
90,3,32,80,23,228.0,45.6,C,1.824,FAIL
91,53,45,94,7,290.0,58.0,C+,2.32,FAIL
1,27,48,99,37,212.0,42.4,C,1.696,FAIL
2,30,54,3,30,119.0,23.8,NG,0.9519999999999998,FAIL
6,10,43,76,11,146.0,29.2,NG,1.168,FAIL
72,4,22,12,11,121.0,24.2,NG,0.968,FAIL
52,30,42,80,94,298.0,59.6,C+,2.384,FAIL
39,0,38,54,76,207.0,41.4,C,1.656,FAIL
0,15,92,93,78,278.0,55.6,C+,2.224,FAIL
47,39,71,91,11,259.0,51.8,C+,2.072,FAIL
28,83,47,81,74,313.0,62.6,B,2.504,FAIL
84,31,91,87,21,314.0,62.8,B,2.512,FAIL
20,62,82,74,40,278.0,55.6,C+,2.224,FAIL
85,5,9,9,96,204.0,40.8,C,1.632,FAIL
87,94,16,25,26,248.0,49.6,C,1.984,FAIL
8,92,24,57,52,233.0,46.6,C,1.864,FAIL
69,61,86,53,14,283.0,56.6,C+,2.264,FAIL
40,80,35,77,98,330.0,66.0,B,2.64,PASS
92,18,69,3,29,211.0,42.2,C,1.6879999999999997,FAIL
8,43,41,20,74,186.0,37.2,C,1.4880000000000002,FAIL
59,21,10,61,83,234.0,46.8,C,1.872,FAIL
66,43,42,79,34,264.0,52.8,C+,2.112,FAIL
18,70,27,60,36,211.0,42.2,C,1.6879999999999997,FAIL
94,82,93,98,34,401.0,80.2,A,3.208,FAIL
61,81,15,6,94,257.0,51.4,C+,2.056,FAIL
25,42,49,70,94,280.0,56.0,C+,2.24,FAIL
80,94,59,79,77,389.0,77.8,B+,3.112,PASS
4,48,76,37,17,182.0,36.4,C,1.456,FAIL
55,57,35,11,72,230.0,46.0,C,1.84,FAIL
9,12,53,28,46,148.0,29.6,NG,1.184,FAIL
81,24,55,16,16,192.0,38.4,C,1.536,FAIL
54,34,93,96,48,325.0,65.0,B,2.6,FAIL
69,82,58,69,23,301.0,60.2,B,2.408,FAIL
24,79,77,75,51,306.0,61.2,B,2.448,FAIL
54,24,32,93,85,288.0,57.6,C+,2.304,FAIL
63,89,93,16,92,353.0,70.6,B+,2.824,FAIL
30,13,1,44,87,175.0,35.0,C,1.4,FAIL
57,25,21,23,17,143.0,28.6,NG,1.144,FAIL
84,0,80,96,10,270.0,54.0,C+,2.16,FAIL
57,39,28,43,66,233.0,46.6,C,1.864,FAIL
84,74,98,15,64,335.0,67.0,B,2.68,FAIL
69,64,42,64,57,296.0,59.2,C+,2.368,PASS
68,65,40,79,7,259.0,51.8,C+,2.072,FAIL
86,49,55,57,55,302.0,60.4,B,2.416,PASS
39,21,74,11,76,221.0,44.2,C,1.768,FAIL
24,87,47,84,7,249.0,49.8,C,1.992,FAIL
13,0,25,86,47,171.0,34.2,NG,1.368,FAIL
13,36,72,30,41,192.0,38.4,C,1.536,FAIL
82,10,90,6,52,240.0,48.0,C,1.92,FAIL
55,92,60,27,29,263.0,52.6,C+,2.104,FAIL
42,39,35,81,29,226.0,45.2,C,1.808,FAIL
67,43,52,18,5,185.0,37.0,C,1.48,FAIL
59,0,87,89,98,333.0,66.6,B,2.664,FAIL
75,59,75,5,22,236.0,47.2,C,1.888,FAIL
30,75,69,94,85,353.0,70.6,B+,2.824,FAIL
94,31,29,98,89,341.0,68.2,B,2.728,FAIL
75,41,5,19,80,220.0,44.0,C,1.76,FAIL
44,26,70,1,90,231.0,46.2,C,1.848,FAIL
85,23,37,13,64,222.0,44.4,C,1.776,FAIL
89,63,40,10,34,236.0,47.2,C,1.888,FAIL
55,74,43,15,54,241.0,48.2,C,1.928,FAIL
31,57,18,9,42,157.0,31.4,NG,1.256,FAIL
96,85,52,93,60,386.0,77.2,B+,3.088,PASS
16,76,6,85,10,193.0,38.6,C,1.544,FAIL
47,42,56,93,28,266.0,53.2,C+,2.128,FAIL
3,74,33,14,24,148.0,29.6,NG,1.184,FAIL
69,24,37,41,16,187.0,37.4,C,1.496,FAIL
5,58,82,3,29,177.0,35.4,C,1.416,FAIL
91,99,62,49,74,375.0,75.0,B+,3.0,PASS
19,86,9,21,50,185.0,37.0,C,1.48,FAIL
5,79,61,99,47,291.0,58.2,C+,2.328,FAIL
26,83,78,62,92,341.0,68.2,B,2.728,FAIL
16,46,16,15,47,140.0,28.0,NG,1.12,FAIL
60,21,51,45,48,225.0,45.0,C,1.8,FAIL
21,98,2,69,34,224.0,44.8,C,1.7920000000000003,FAIL
47,0,81,99,9,236.0,47.2,C,1.888,FAIL
7,60,68,74,20,229.0,45.8,C,1.832,FAIL
75,51,88,44,83,341.0,68.2,B,2.728,PASS
83,87,54,79,10,313.0,62.6,B,2.504,FAIL
87,67,28,66,45,293.0,58.6,C+,2.344,FAIL
63,23,58,63,87,294.0,58.8,C+,2.352,FAIL
89,85,2,45,16,237.0,47.4,C,1.896,FAIL
60,94,82,88,72,396.0,79.2,B+,3.168,PASS
73,8,38,2,67,188.0,37.6,C,1.504,FAIL
5,1,28,56,32,122.0,24.4,NG,0.976,FAIL
12,19,11,99,44,185.0,37.0,C,1.48,FAIL
5,91,77,29,82,284.0,56.8,C+,2.272,FAIL
46,70,62,93,63,334.0,66.8,B,2.6719999999999997,PASS
0,12,98,12,85,207.0,41.4,C,1.656,FAIL
50,78,36,18,24,206.0,41.2,C,1.648,FAIL
30,11,51,3,73,168.0,33.6,NG,1.344,FAIL
5,57,89,66,37,254.0,50.8,C+,2.032,FAIL
92,6,6,48,84,236.0,47.2,C,1.888,FAIL
93,13,93,9,19,227.0,45.4,C,1.8159999999999998,FAIL
60,32,28,60,91,271.0,54.2,C+,2.168,FAIL
73,10,53,21,6,163.0,32.6,NG,1.304,FAIL
19,3,54,33,5,114.0,22.8,NG,0.912,FAIL
65,36,20,56,81,258.0,51.6,C+,2.064,FAIL
20,47,61,29,47,204.0,40.8,C,1.632,FAIL
75,53,46,41,99,314.0,62.8,B,2.512,PASS
25,62,95,62,16,260.0,52.0,C+,2.08,FAIL
22,36,57,39,20,174.0,34.8,NG,1.392,FAIL
86,31,32,83,72,304.0,60.8,B,2.432,FAIL
69,94,75,44,52,334.0,66.8,B,2.6719999999999997,PASS
76,43,5,18,13,155.0,31.0,NG,1.24,FAIL
20,68,39,45,22,194.0,38.8,C,1.5520000000000003,FAIL
69,78,17,83,19,266.0,53.2,C+,2.128,FAIL
3,68,88,98,85,342.0,68.4,B,2.736,FAIL
65,10,64,99,22,260.0,52.0,C+,2.08,FAIL
24,68,66,52,85,295.0,59.0,C+,2.36,FAIL
18,5,52,38,18,131.0,26.2,NG,1.048,FAIL
25,82,77,12,69,265.0,53.0,C+,2.12,FAIL
67,14,1,72,67,221.0,44.2,C,1.768,FAIL
77,10,66,64,16,233.0,46.6,C,1.864,FAIL
70,13,56,8,24,171.0,34.2,NG,1.368,FAIL
34,88,31,24,40,217.0,43.4,C,1.736,FAIL
84,99,2,13,53,251.0,50.2,C+,2.008,FAIL
83,70,57,27,76,313.0,62.6,B,2.504,FAIL
34,48,7,26,90,205.0,41.0,C,1.64,FAIL
83,12,47,76,41,259.0,51.8,C+,2.072,FAIL
63,13,15,69,29,189.0,37.8,C,1.5119999999999998,FAIL
2,69,38,55,71,235.0,47.0,C,1.88,FAIL
96,48,89,15,73,321.0,64.2,B,2.568,FAIL
34,77,72,16,1,200.0,40.0,C,1.6,FAIL
60,7,81,10,33,191.0,38.2,C,1.528,FAIL
61,77,81,85,61,365.0,73.0,B+,2.92,PASS
53,21,15,62,4,155.0,31.0,NG,1.24,FAIL
98,95,39,0,29,261.0,52.2,C+,2.088,FAIL
86,57,26,49,53,271.0,54.2,C+,2.168,FAIL
47,41,55,22,45,210.0,42.0,C,1.68,FAIL
15,0,87,60,84,246.0,49.2,C,1.9680000000000002,FAIL
5,87,4,96,81,273.0,54.6,C+,2.184,FAIL
14,18,65,92,31,220.0,44.0,C,1.76,FAIL
5,33,57,95,34,224.0,44.8,C,1.7920000000000003,FAIL
8,84,75,20,78,265.0,53.0,C+,2.12,FAIL
50,22,51,37,26,186.0,37.2,C,1.4880000000000002,FAIL
59,7,40,32,61,199.0,39.8,C,1.592,FAIL
54,17,79,39,83,272.0,54.4,C+,2.176,FAIL
32,29,86,81,17,245.0,49.0,C,1.96,FAIL
18,41,43,24,80,206.0,41.2,C,1.648,FAIL
36,14,58,37,61,206.0,41.2,C,1.648,FAIL
0,58,50,9,48,165.0,33.0,NG,1.32,FAIL
26,59,86,88,42,301.0,60.2,B,2.408,FAIL
8,26,27,97,28,186.0,37.2,C,1.4880000000000002,FAIL
70,37,2,23,57,189.0,37.8,C,1.5119999999999998,FAIL
50,35,32,48,59,224.0,44.8,C,1.7920000000000003,FAIL
49,17,95,93,5,259.0,51.8,C+,2.072,FAIL
1,26,24,23,80,154.0,30.8,NG,1.232,FAIL
32,85,28,18,28,191.0,38.2,C,1.528,FAIL
7,24,45,53,86,215.0,43.0,C,1.72,FAIL
83,39,20,85,41,268.0,53.6,C+,2.144,FAIL
3,8,21,31,63,126.0,25.2,NG,1.008,FAIL
59,10,1,61,87,218.0,43.6,C,1.744,FAIL
75,55,45,53,9,237.0,47.4,C,1.896,FAIL
50,57,12,79,43,241.0,48.2,C,1.928,FAIL
45,79,98,76,6,304.0,60.8,B,2.432,FAIL
18,94,38,19,5,174.0,34.8,NG,1.392,FAIL
46,91,52,27,84,300.0,60.0,B,2.4,FAIL
64,56,87,17,39,263.0,52.6,C+,2.104,FAIL
29,6,64,30,98,227.0,45.4,C,1.8159999999999998,FAIL
34,28,47,76,56,241.0,48.2,C,1.928,FAIL
46,72,43,2,93,256.0,51.2,C+,2.048,FAIL
13,8,89,55,94,259.0,51.8,C+,2.072,FAIL
72,58,59,24,33,246.0,49.2,C,1.9680000000000002,FAIL
47,80,91,15,11,244.0,48.8,C,1.952,FAIL
33,79,99,44,48,303.0,60.6,B,2.424,FAIL
65,12,19,25,98,219.0,43.8,C,1.7519999999999998,FAIL
89,93,30,2,26,240.0,48.0,C,1.92,FAIL
66,23,62,94,0,245.0,49.0,C,1.96,FAIL
0,89,48,82,7,226.0,45.2,C,1.808,FAIL
5,42,70,62,67,246.0,49.2,C,1.9680000000000002,FAIL
29,33,46,10,41,159.0,31.8,NG,1.272,FAIL
59,19,60,3,26,167.0,33.4,NG,1.3359999999999999,FAIL
92,21,69,14,33,229.0,45.8,C,1.832,FAIL
34,9,40,41,80,204.0,40.8,C,1.632,FAIL
2,5,86,5,26,124.0,24.8,NG,0.992,FAIL
25,95,29,34,26,209.0,41.8,C,1.672,FAIL
59,46,0,35,53,193.0,38.6,C,1.544,FAIL
33,41,4,87,28,193.0,38.6,C,1.544,FAIL
20,20,26,8,75,149.0,29.8,NG,1.192,FAIL
61,85,60,47,38,291.0,58.2,C+,2.328,PASS
98,66,57,93,41,355.0,71.0,B+,2.84,PASS
30,8,47,68,1,154.0,30.8,NG,1.232,FAIL
5,17,45,42,88,197.0,39.4,C,1.5759999999999998,FAIL
71,46,51,13,24,205.0,41.0,C,1.64,FAIL
65,79,14,24,52,234.0,46.8,C,1.872,FAIL
0,80,18,69,63,230.0,46.0,C,1.84,FAIL
94,67,64,82,66,373.0,74.6,B+,2.984,PASS
79,56,73,16,97,321.0,64.2,B,2.568,FAIL
68,95,44,65,98,370.0,74.0,B+,2.96,PASS
37,38,50,42,84,251.0,50.2,C+,2.008,PASS
20,63,72,16,75,246.0,49.2,C,1.9680000000000002,FAIL
6,37,57,71,96,267.0,53.4,C+,2.136,FAIL
4,4,8,3,79,98.0,19.6,NG,0.784,FAIL
55,9,31,46,38,179.0,35.8,C,1.432,FAIL
14,29,61,43,67,214.0,42.8,C,1.712,FAIL
35,42,50,18,59,204.0,40.8,C,1.632,FAIL
18,11,69,14,40,152.0,30.4,NG,1.216,FAIL
52,10,83,84,65,294.0,58.8,C+,2.352,FAIL
46,72,76,70,8,272.0,54.4,C+,2.176,FAIL
72,72,65,23,40,272.0,54.4,C+,2.176,FAIL
62,23,28,81,1,195.0,39.0,C,1.56,FAIL
14,60,83,93,61,311.0,62.2,B,2.488,FAIL
37,3,65,34,48,187.0,37.4,C,1.496,FAIL
56,58,52,12,61,239.0,47.8,C,1.912,FAIL
78,89,59,13,47,286.0,57.2,C+,2.288,FAIL
46,29,21,28,68,192.0,38.4,C,1.536,FAIL
82,22,4,77,88,273.0,54.6,C+,2.184,FAIL
7,7,76,93,3,186.0,37.2,C,1.4880000000000002,FAIL
4,45,99,78,98,324.0,64.8,B,2.592,FAIL
20,9,56,56,51,192.0,38.4,C,1.536,FAIL
71,51,70,25,58,275.0,55.0,C+,2.2,FAIL
81,68,71,37,48,305.0,61.0,B,2.44,PASS
1,78,80,70,57,286.0,57.2,C+,2.288,FAIL
5,13,3,33,11,65.0,13.0,NG,0.52,FAIL
59,79,35,91,63,327.0,65.4,B,2.616,PASS
31,34,30,9,80,184.0,36.8,C,1.472,FAIL
74,40,65,43,71,293.0,58.6,C+,2.344,PASS
84,6,46,27,63,226.0,45.2,C,1.808,FAIL
15,28,32,18,87,180.0,36.0,C,1.44,FAIL
67,94,90,93,97,441.0,88.2,A,3.528,PASS
64,51,53,11,86,265.0,53.0,C+,2.12,FAIL
68,43,69,71,89,340.0,68.0,B,2.72,PASS
58,85,29,70,92,334.0,66.8,B,2.6719999999999997,FAIL
37,11,30,84,18,180.0,36.0,C,1.44,FAIL
7,84,69,60,67,287.0,57.4,C+,2.296,FAIL
54,60,66,25,86,291.0,58.2,C+,2.328,FAIL
46,89,45,75,94,349.0,69.8,B,2.792,PASS
11,6,1,31,14,63.0,12.6,NG,0.504,FAIL
23,37,5,42,74,181.0,36.2,C,1.4479999999999997,FAIL
73,0,27,20,29,149.0,29.8,NG,1.192,FAIL
1,30,88,88,97,304.0,60.8,B,2.432,FAIL
32,62,98,72,38,302.0,60.4,B,2.416,FAIL
75,42,2,41,41,201.0,40.2,C,1.608,FAIL
46,14,77,12,55,204.0,40.8,C,1.632,FAIL
28,90,9,19,74,220.0,44.0,C,1.76,FAIL
1,41,19,60,74,195.0,39.0,C,1.56,FAIL
69,11,35,5,47,167.0,33.4,NG,1.3359999999999999,FAIL
40,46,56,31,82,255.0,51.0,C+,2.04,FAIL
17,46,20,55,68,206.0,41.2,C,1.648,FAIL
8,75,32,52,34,201.0,40.2,C,1.608,FAIL
61,47,49,33,95,285.0,57.0,C+,2.28,FAIL
52,78,74,34,13,251.0,50.2,C+,2.008,FAIL
17,44,52,11,66,190.0,38.0,C,1.52,FAIL
17,47,53,9,83,209.0,41.8,C,1.672,FAIL
58,72,64,12,95,301.0,60.2,B,2.408,FAIL
13,94,18,19,3,147.0,29.4,NG,1.176,FAIL
72,78,29,95,80,354.0,70.8,B+,2.832,FAIL
10,58,20,13,31,132.0,26.4,NG,1.056,FAIL
55,79,10,87,81,312.0,62.4,B,2.496,FAIL
69,13,71,6,92,251.0,50.2,C+,2.008,FAIL
64,68,21,54,40,247.0,49.4,C,1.976,FAIL
18,32,31,41,29,151.0,30.2,NG,1.208,FAIL
86,34,77,26,96,319.0,63.8,B,2.552,FAIL
3,66,24,51,55,199.0,39.8,C,1.592,FAIL
30,14,10,94,18,166.0,33.2,NG,1.328,FAIL
19,86,21,73,87,286.0,57.2,C+,2.288,FAIL
43,28,4,2,77,154.0,30.8,NG,1.232,FAIL
17,51,51,93,88,300.0,60.0,B,2.4,FAIL
19,53,26,12,45,155.0,31.0,NG,1.24,FAIL
49,59,30,9,57,204.0,40.8,C,1.632,FAIL
31,40,87,98,66,322.0,64.4,B,2.576,FAIL
49,80,17,56,19,221.0,44.2,C,1.768,FAIL
57,68,67,21,53,266.0,53.2,C+,2.128,FAIL
81,19,71,23,94,288.0,57.6,C+,2.304,FAIL
56,65,86,82,63,352.0,70.4,B+,2.816,PASS
75,90,6,52,79,302.0,60.4,B,2.416,FAIL
65,76,97,19,73,330.0,66.0,B,2.64,FAIL
17,58,74,50,80,279.0,55.8,C+,2.232,FAIL
21,35,27,43,72,198.0,39.6,C,1.584,FAIL
68,40,18,18,3,147.0,29.4,NG,1.176,FAIL
98,82,17,49,14,260.0,52.0,C+,2.08,FAIL
67,91,5,64,14,241.0,48.2,C,1.928,FAIL
9,18,42,3,56,128.0,25.6,NG,1.024,FAIL
11,9,54,99,1,174.0,34.8,NG,1.392,FAIL
47,50,56,76,23,252.0,50.4,C+,2.016,FAIL
72,28,2,31,49,182.0,36.4,C,1.456,FAIL
4,93,83,71,26,277.0,55.4,C+,2.216,FAIL
81,50,92,60,32,315.0,63.0,B,2.52,FAIL
20,46,10,98,73,247.0,49.4,C,1.976,FAIL
11,79,61,98,48,297.0,59.4,C+,2.376,FAIL
72,98,13,7,5,195.0,39.0,C,1.56,FAIL
88,86,89,44,91,398.0,79.6,B+,3.184,PASS
99,66,89,84,63,401.0,80.2,A,3.208,PASS
99,46,2,98,10,255.0,51.0,C+,2.04,FAIL
81,31,90,97,85,384.0,76.8,B+,3.072,FAIL
50,5,19,37,7,118.0,23.6,NG,0.944,FAIL
25,34,44,20,77,200.0,40.0,C,1.6,FAIL
86,44,0,51,52,233.0,46.6,C,1.864,FAIL
82,6,23,8,48,167.0,33.4,NG,1.3359999999999999,FAIL
3,46,10,72,83,214.0,42.8,C,1.712,FAIL
64,41,27,18,77,227.0,45.4,C,1.8159999999999998,FAIL
13,38,54,38,70,213.0,42.6,C,1.704,FAIL
64,64,57,22,48,255.0,51.0,C+,2.04,FAIL
74,37,68,53,36,268.0,53.6,C+,2.144,PASS
49,22,58,92,63,284.0,56.8,C+,2.272,FAIL
74,59,36,99,68,336.0,67.2,B,2.688,PASS
18,20,24,78,58,198.0,39.6,C,1.584,FAIL
31,81,81,65,11,269.0,53.8,C+,2.152,FAIL
79,84,65,51,6,285.0,57.0,C+,2.28,FAIL
27,74,10,41,86,238.0,47.6,C,1.9039999999999997,FAIL
59,4,59,98,73,293.0,58.6,C+,2.344,FAIL
49,96,67,21,9,242.0,48.4,C,1.936,FAIL
55,76,35,9,50,225.0,45.0,C,1.8,FAIL
98,44,86,14,35,277.0,55.4,C+,2.216,FAIL
59,15,60,45,50,229.0,45.8,C,1.832,FAIL
52,39,65,63,25,244.0,48.8,C,1.952,FAIL
44,60,86,22,66,278.0,55.6,C+,2.224,FAIL
80,28,70,67,56,301.0,60.2,B,2.408,FAIL
51,42,27,71,20,211.0,42.2,C,1.6879999999999997,FAIL
36,1,94,38,52,221.0,44.2,C,1.768,FAIL
95,72,98,85,2,352.0,70.4,B+,2.816,FAIL
6,16,59,25,9,115.0,23.0,NG,0.92,FAIL
29,31,41,47,48,196.0,39.2,C,1.568,FAIL
9,79,13,65,54,220.0,44.0,C,1.76,FAIL
57,21,29,79,33,219.0,43.8,C,1.7519999999999998,FAIL
27,40,32,17,47,163.0,32.6,NG,1.304,FAIL
38,8,64,54,44,208.0,41.6,C,1.6640000000000001,FAIL
30,87,78,67,97,359.0,71.8,B+,2.872,FAIL
8,23,56,62,58,207.0,41.4,C,1.656,FAIL
74,43,61,89,75,342.0,68.4,B,2.736,PASS
13,3,36,84,70,206.0,41.2,C,1.648,FAIL
50,13,61,33,84,241.0,48.2,C,1.928,FAIL
3,43,3,40,86,175.0,35.0,C,1.4,FAIL
40,50,24,55,75,244.0,48.8,C,1.952,FAIL
26,27,28,29,91,201.0,40.2,C,1.608,FAIL
45,18,57,38,1,159.0,31.8,NG,1.272,FAIL
28,30,14,21,32,125.0,25.0,NG,1.0,FAIL
38,95,33,25,10,201.0,40.2,C,1.608,FAIL
89,92,61,64,13,319.0,63.8,B,2.552,FAIL
22,40,48,68,84,262.0,52.4,C+,2.096,FAIL
37,10,18,74,97,236.0,47.2,C,1.888,FAIL
67,20,17,48,4,156.0,31.2,NG,1.248,FAIL
73,60,10,18,87,248.0,49.6,C,1.984,FAIL
67,13,34,20,18,152.0,30.4,NG,1.216,FAIL
1,55,9,39,94,198.0,39.6,C,1.584,FAIL
99,8,1,90,83,281.0,56.2,C+,2.248,FAIL
79,64,47,73,65,328.0,65.6,B,2.6240000000000006,PASS
27,32,16,59,75,209.0,41.8,C,1.672,FAIL
21,94,18,23,32,188.0,37.6,C,1.504,FAIL
71,39,82,35,77,304.0,60.8,B,2.432,PASS
36,32,88,41,81,278.0,55.6,C+,2.224,FAIL
15,75,54,58,10,212.0,42.4,C,1.696,FAIL
35,85,2,91,11,224.0,44.8,C,1.7920000000000003,FAIL
38,72,43,5,42,200.0,40.0,C,1.6,FAIL
0,17,22,34,4,77.0,15.4,NG,0.616,FAIL
49,30,35,71,9,194.0,38.8,C,1.5520000000000003,FAIL
13,64,74,99,2,252.0,50.4,C+,2.016,FAIL
60,84,55,95,91,385.0,77.0,B+,3.08,PASS
91,51,69,51,91,353.0,70.6,B+,2.824,PASS
17,59,19,4,88,187.0,37.4,C,1.496,FAIL
79,43,86,29,18,255.0,51.0,C+,2.04,FAIL
37,40,75,75,95,322.0,64.4,B,2.576,PASS
69,27,63,21,23,203.0,40.6,C,1.624,FAIL
0,56,40,99,3,198.0,39.6,C,1.584,FAIL
19,4,47,53,63,186.0,37.2,C,1.4880000000000002,FAIL
44,87,83,72,70,356.0,71.2,B+,2.8480000000000003,PASS
33,94,36,26,84,273.0,54.6,C+,2.184,FAIL
10,53,68,86,5,222.0,44.4,C,1.776,FAIL
84,92,24,22,41,263.0,52.6,C+,2.104,FAIL
57,65,66,14,70,272.0,54.4,C+,2.176,FAIL
9,45,27,25,66,172.0,34.4,NG,1.376,FAIL
61,49,95,67,9,281.0,56.2,C+,2.248,FAIL
26,66,0,29,15,136.0,27.2,NG,1.088,FAIL
68,52,13,42,32,207.0,41.4,C,1.656,FAIL
46,10,98,49,63,266.0,53.2,C+,2.128,FAIL
69,19,66,42,77,273.0,54.6,C+,2.184,FAIL
61,22,51,94,99,327.0,65.4,B,2.616,FAIL
87,64,0,65,80,296.0,59.2,C+,2.368,FAIL
63,50,57,68,50,288.0,57.6,C+,2.304,PASS
71,15,11,43,78,218.0,43.6,C,1.744,FAIL
73,38,99,61,75,346.0,69.2,B,2.7679999999999993,PASS
83,10,95,16,85,289.0,57.8,C+,2.312,FAIL
30,76,17,9,94,226.0,45.2,C,1.808,FAIL
48,45,88,23,82,286.0,57.2,C+,2.288,FAIL
29,76,36,35,90,266.0,53.2,C+,2.128,FAIL
10,61,56,10,55,192.0,38.4,C,1.536,FAIL
84,18,73,26,26,227.0,45.4,C,1.8159999999999998,FAIL
99,71,44,78,67,359.0,71.8,B+,2.872,PASS
83,94,38,51,50,316.0,63.2,B,2.528,PASS
62,11,80,53,73,279.0,55.8,C+,2.232,FAIL
74,43,18,15,96,246.0,49.2,C,1.9680000000000002,FAIL
24,25,88,50,58,245.0,49.0,C,1.96,FAIL
49,34,46,87,49,265.0,53.0,C+,2.12,FAIL
66,94,68,2,48,278.0,55.6,C+,2.224,FAIL
44,13,58,4,81,200.0,40.0,C,1.6,FAIL
13,48,91,41,98,291.0,58.2,C+,2.328,FAIL
6,34,56,0,74,170.0,34.0,NG,1.36,FAIL
99,64,23,85,51,322.0,64.4,B,2.576,FAIL
90,75,90,68,23,346.0,69.2,B,2.7679999999999993,FAIL
88,33,42,60,49,272.0,54.4,C+,2.176,FAIL
19,38,71,81,48,257.0,51.4,C+,2.056,FAIL
9,49,80,43,38,219.0,43.8,C,1.7519999999999998,FAIL
97,38,85,57,9,286.0,57.2,C+,2.288,FAIL
6,40,38,97,11,192.0,38.4,C,1.536,FAIL
5,24,50,75,58,212.0,42.4,C,1.696,FAIL
99,96,18,26,80,319.0,63.8,B,2.552,FAIL
40,77,49,63,15,244.0,48.8,C,1.952,FAIL
3,12,87,67,64,233.0,46.6,C,1.864,FAIL
56,23,77,15,92,263.0,52.6,C+,2.104,FAIL
67,65,39,39,79,289.0,57.8,C+,2.312,PASS
96,51,21,29,43,240.0,48.0,C,1.92,FAIL
46,30,13,5,21,115.0,23.0,NG,0.92,FAIL
95,79,85,68,61,388.0,77.6,B+,3.1040000000000005,PASS
29,93,8,67,87,284.0,56.8,C+,2.272,FAIL
68,43,54,98,43,306.0,61.2,B,2.448,PASS
72,7,21,58,5,163.0,32.6,NG,1.304,FAIL
12,54,8,22,9,105.0,21.0,NG,0.84,FAIL
13,46,81,14,3,157.0,31.4,NG,1.256,FAIL
5,96,75,56,76,308.0,61.6,B,2.464,FAIL
64,38,64,30,17,213.0,42.6,C,1.704,FAIL
27,66,72,1,55,221.0,44.2,C,1.768,FAIL
23,52,46,85,97,303.0,60.6,B,2.424,FAIL
40,39,90,79,87,335.0,67.0,B,2.68,PASS
12,96,86,54,5,253.0,50.6,C+,2.024,FAIL
26,63,28,67,43,227.0,45.4,C,1.8159999999999998,FAIL
86,63,10,22,39,220.0,44.0,C,1.76,FAIL
28,57,66,37,80,268.0,53.6,C+,2.144,FAIL
2,72,46,29,69,218.0,43.6,C,1.744,FAIL
60,91,91,80,40,362.0,72.4,B+,2.8959999999999995,PASS
91,73,77,34,22,297.0,59.4,C+,2.376,FAIL
86,33,91,67,55,332.0,66.4,B,2.656,FAIL
90,3,65,69,21,248.0,49.6,C,1.984,FAIL
70,82,38,38,55,283.0,56.6,C+,2.264,PASS
19,48,46,64,80,257.0,51.4,C+,2.056,FAIL
87,75,76,38,82,358.0,71.6,B+,2.864,PASS
76,41,2,93,71,283.0,56.6,C+,2.264,FAIL
68,80,17,80,62,307.0,61.4,B,2.456,FAIL
32,45,13,1,1,92.0,18.4,NG,0.736,FAIL
51,77,5,80,92,305.0,61.0,B,2.44,FAIL
1,81,92,4,44,222.0,44.4,C,1.776,FAIL
4,46,55,19,95,219.0,43.8,C,1.7519999999999998,FAIL
28,31,75,23,25,182.0,36.4,C,1.456,FAIL
57,28,72,49,11,217.0,43.4,C,1.736,FAIL
44,69,21,44,68,246.0,49.2,C,1.9680000000000002,FAIL
65,70,43,40,54,272.0,54.4,C+,2.176,PASS
3,7,92,14,47,163.0,32.6,NG,1.304,FAIL
78,85,36,61,50,310.0,62.0,B,2.48,PASS
57,15,46,49,12,179.0,35.8,C,1.432,FAIL
56,49,86,90,10,291.0,58.2,C+,2.328,FAIL
3,31,90,87,44,255.0,51.0,C+,2.04,FAIL
11,12,62,75,93,253.0,50.6,C+,2.024,FAIL
69,15,69,99,72,324.0,64.8,B,2.592,FAIL
91,43,54,40,60,288.0,57.6,C+,2.304,PASS
7,74,12,14,78,185.0,37.0,C,1.48,FAIL
58,39,30,42,9,178.0,35.6,C,1.4240000000000002,FAIL
84,94,96,69,17,360.0,72.0,B+,2.88,FAIL
64,33,38,9,23,167.0,33.4,NG,1.3359999999999999,FAIL
64,94,18,93,84,353.0,70.6,B+,2.824,FAIL
64,57,56,13,0,190.0,38.0,C,1.52,FAIL
58,43,3,51,33,188.0,37.6,C,1.504,FAIL
32,73,61,19,81,266.0,53.2,C+,2.128,FAIL
36,10,52,59,36,193.0,38.6,C,1.544,FAIL
66,32,13,55,62,228.0,45.6,C,1.824,FAIL
53,87,22,3,0,165.0,33.0,NG,1.32,FAIL
7,42,46,97,11,203.0,40.6,C,1.624,FAIL
54,96,2,48,69,269.0,53.8,C+,2.152,FAIL
32,62,79,87,51,311.0,62.2,B,2.488,FAIL
35,13,15,64,83,210.0,42.0,C,1.68,FAIL
27,13,23,38,26,127.0,25.4,NG,1.016,FAIL
9,11,38,78,16,152.0,30.4,NG,1.216,FAIL
43,3,0,2,44,92.0,18.4,NG,0.736,FAIL
67,69,9,73,15,233.0,46.6,C,1.864,FAIL
77,46,42,59,5,229.0,45.8,C,1.832,FAIL
98,50,18,96,2,264.0,52.8,C+,2.112,FAIL
96,6,56,21,99,278.0,55.6,C+,2.224,FAIL
8,16,37,18,83,162.0,32.4,NG,1.296,FAIL
75,18,98,88,2,281.0,56.2,C+,2.248,FAIL
41,62,20,89,27,239.0,47.8,C,1.912,FAIL
37,97,50,35,57,276.0,55.2,C+,2.208,PASS
25,87,80,25,72,289.0,57.8,C+,2.312,FAIL
72,89,76,34,86,357.0,71.4,B+,2.856,FAIL
53,90,29,80,35,287.0,57.4,C+,2.296,FAIL
88,90,31,39,60,308.0,61.6,B,2.464,FAIL
27,15,78,23,26,169.0,33.8,NG,1.352,FAIL
53,63,77,93,45,331.0,66.2,B,2.648,PASS
74,49,31,74,0,228.0,45.6,C,1.824,FAIL
74,12,80,30,43,239.0,47.8,C,1.912,FAIL
40,95,53,34,74,296.0,59.2,C+,2.368,FAIL
61,70,31,48,75,285.0,57.0,C+,2.28,FAIL
44,73,54,57,14,242.0,48.4,C,1.936,FAIL
14,99,94,51,0,258.0,51.6,C+,2.064,FAIL
95,30,34,35,61,255.0,51.0,C+,2.04,FAIL
84,17,69,64,23,257.0,51.4,C+,2.056,FAIL
36,66,35,92,58,287.0,57.4,C+,2.296,PASS
31,47,86,2,39,205.0,41.0,C,1.64,FAIL
61,3,5,21,95,185.0,37.0,C,1.48,FAIL
87,47,18,86,37,275.0,55.0,C+,2.2,FAIL
21,91,50,34,80,276.0,55.2,C+,2.208,FAIL
52,22,35,52,79,240.0,48.0,C,1.92,FAIL
6,65,68,44,38,221.0,44.2,C,1.768,FAIL
0,6,31,12,33,82.0,16.4,NG,0.6560000000000001,FAIL
10,82,62,34,55,243.0,48.6,C,1.944,FAIL
43,52,6,56,26,183.0,36.6,C,1.464,FAIL
97,44,15,59,17,232.0,46.4,C,1.8560000000000003,FAIL
0,55,55,24,42,176.0,35.2,C,1.408,FAIL
47,88,85,62,19,301.0,60.2,B,2.408,FAIL
0,14,78,7,81,180.0,36.0,C,1.44,FAIL
76,19,29,58,70,252.0,50.4,C+,2.016,FAIL
80,21,76,24,78,279.0,55.8,C+,2.232,FAIL
15,29,44,39,99,226.0,45.2,C,1.808,FAIL
64,25,7,3,69,168.0,33.6,NG,1.344,FAIL
61,34,72,89,80,336.0,67.2,B,2.688,FAIL
0,33,76,58,6,173.0,34.6,NG,1.3839999999999997,FAIL
25,96,1,30,25,177.0,35.4,C,1.416,FAIL
86,32,26,42,40,226.0,45.2,C,1.808,FAIL
41,52,87,43,85,308.0,61.6,B,2.464,PASS
3,41,75,94,67,280.0,56.0,C+,2.24,FAIL
0,46,88,65,15,214.0,42.8,C,1.712,FAIL
33,66,51,81,28,259.0,51.8,C+,2.072,FAIL
85,86,95,56,83,405.0,81.0,A,3.24,PASS
40,72,25,51,1,189.0,37.8,C,1.5119999999999998,FAIL
73,80,55,25,10,243.0,48.6,C,1.944,FAIL
58,61,11,12,31,173.0,34.6,NG,1.3839999999999997,FAIL
95,51,43,1,34,224.0,44.8,C,1.7920000000000003,FAIL
44,67,11,77,75,274.0,54.8,C+,2.192,FAIL
62,55,38,55,29,239.0,47.8,C,1.912,FAIL
58,71,52,49,70,300.0,60.0,B,2.4,PASS
41,29,36,22,78,206.0,41.2,C,1.648,FAIL
57,39,8,2,16,122.0,24.4,NG,0.976,FAIL
87,39,6,92,80,304.0,60.8,B,2.432,FAIL
21,59,67,98,47,292.0,58.4,C+,2.336,FAIL
56,65,25,56,29,231.0,46.2,C,1.848,FAIL
98,17,59,39,6,219.0,43.8,C,1.7519999999999998,FAIL
2,73,71,4,48,198.0,39.6,C,1.584,FAIL
51,79,24,75,82,311.0,62.2,B,2.488,FAIL
5,69,44,31,45,194.0,38.8,C,1.5520000000000003,FAIL
62,73,81,38,53,307.0,61.4,B,2.456,PASS
32,54,52,73,90,301.0,60.2,B,2.408,FAIL
1,62,58,68,6,195.0,39.0,C,1.56,FAIL
48,62,31,23,84,248.0,49.6,C,1.984,FAIL
17,80,58,3,8,166.0,33.2,NG,1.328,FAIL
91,7,54,89,18,259.0,51.8,C+,2.072,FAIL
30,84,50,23,78,265.0,53.0,C+,2.12,FAIL
82,87,66,57,96,388.0,77.6,B+,3.1040000000000005,PASS
40,83,68,94,56,341.0,68.2,B,2.728,PASS
3,7,56,14,73,153.0,30.6,NG,1.224,FAIL
98,24,60,58,98,338.0,67.6,B,2.704,FAIL
52,21,41,57,9,180.0,36.0,C,1.44,FAIL
28,52,32,41,86,239.0,47.8,C,1.912,FAIL
39,4,82,30,37,192.0,38.4,C,1.536,FAIL
62,86,45,45,84,322.0,64.4,B,2.576,PASS
72,36,81,21,53,263.0,52.6,C+,2.104,FAIL
26,84,30,50,62,252.0,50.4,C+,2.016,FAIL
36,46,39,21,64,206.0,41.2,C,1.648,FAIL
18,69,79,9,55,230.0,46.0,C,1.84,FAIL
47,70,70,70,33,290.0,58.0,C+,2.32,FAIL
40,89,99,50,43,321.0,64.2,B,2.568,PASS
63,3,11,10,22,109.0,21.8,NG,0.872,FAIL
29,76,48,62,74,289.0,57.8,C+,2.312,FAIL
36,3,33,35,57,164.0,32.8,NG,1.3120000000000003,FAIL
4,33,52,24,95,208.0,41.6,C,1.6640000000000001,FAIL
54,83,77,96,8,318.0,63.6,B,2.544,FAIL
20,41,69,86,39,255.0,51.0,C+,2.04,FAIL
61,0,97,48,90,296.0,59.2,C+,2.368,FAIL
2,41,29,2,51,125.0,25.0,NG,1.0,FAIL
86,99,67,40,59,351.0,70.2,B+,2.8079999999999994,PASS
5,94,12,40,42,193.0,38.6,C,1.544,FAIL
68,2,46,92,78,286.0,57.2,C+,2.288,FAIL
21,39,91,35,92,278.0,55.6,C+,2.224,FAIL
37,6,41,74,32,190.0,38.0,C,1.52,FAIL
64,5,57,52,56,234.0,46.8,C,1.872,FAIL
31,19,25,36,51,162.0,32.4,NG,1.296,FAIL
40,89,89,17,62,297.0,59.4,C+,2.376,FAIL
56,7,6,29,51,149.0,29.8,NG,1.192,FAIL
34,82,10,97,69,292.0,58.4,C+,2.336,FAIL
26,19,85,18,52,200.0,40.0,C,1.6,FAIL
60,64,96,40,31,291.0,58.2,C+,2.328,FAIL
32,52,24,55,23,186.0,37.2,C,1.4880000000000002,FAIL
74,16,42,56,50,238.0,47.6,C,1.9039999999999997,FAIL
48,50,62,7,58,225.0,45.0,C,1.8,FAIL
57,51,11,26,8,153.0,30.6,NG,1.224,FAIL
53,7,67,92,65,284.0,56.8,C+,2.272,FAIL
72,15,35,54,3,179.0,35.8,C,1.432,FAIL
29,30,17,91,8,175.0,35.0,C,1.4,FAIL
72,39,12,22,54,199.0,39.8,C,1.592,FAIL
30,65,53,7,60,215.0,43.0,C,1.72,FAIL
44,12,89,29,92,266.0,53.2,C+,2.128,FAIL
44,3,57,30,27,161.0,32.2,NG,1.288,FAIL
95,19,39,3,34,190.0,38.0,C,1.52,FAIL
68,36,95,50,51,300.0,60.0,B,2.4,PASS
99,24,22,19,52,216.0,43.2,C,1.7280000000000002,FAIL
99,7,68,78,53,305.0,61.0,B,2.44,FAIL
63,12,7,62,55,199.0,39.8,C,1.592,FAIL
12,32,10,92,1,147.0,29.4,NG,1.176,FAIL
59,10,40,44,89,242.0,48.4,C,1.936,FAIL
41,25,76,75,86,303.0,60.6,B,2.424,FAIL
98,67,45,25,69,304.0,60.8,B,2.432,FAIL
85,19,17,62,29,212.0,42.4,C,1.696,FAIL
20,60,47,76,68,271.0,54.2,C+,2.168,FAIL
54,80,13,29,29,205.0,41.0,C,1.64,FAIL
55,60,98,62,34,309.0,61.8,B,2.472,FAIL
3,21,61,69,4,158.0,31.6,NG,1.264,FAIL
94,79,0,64,3,240.0,48.0,C,1.92,FAIL
59,16,88,62,69,294.0,58.8,C+,2.352,FAIL
32,9,22,58,36,157.0,31.4,NG,1.256,FAIL
79,82,88,20,92,361.0,72.2,B+,2.888,FAIL
97,21,67,62,20,267.0,53.4,C+,2.136,FAIL
90,98,82,89,5,364.0,72.8,B+,2.912,FAIL
54,66,50,4,57,231.0,46.2,C,1.848,FAIL
2,35,48,82,19,186.0,37.2,C,1.4880000000000002,FAIL
49,55,25,14,26,169.0,33.8,NG,1.352,FAIL
24,24,95,4,42,189.0,37.8,C,1.5119999999999998,FAIL
32,36,27,92,97,284.0,56.8,C+,2.272,FAIL
75,96,93,53,48,365.0,73.0,B+,2.92,PASS
85,33,3,84,66,271.0,54.2,C+,2.168,FAIL
82,94,12,77,5,270.0,54.0,C+,2.16,FAIL
70,30,87,90,6,283.0,56.6,C+,2.264,FAIL
59,93,45,67,3,267.0,53.4,C+,2.136,FAIL
65,78,54,30,77,304.0,60.8,B,2.432,FAIL
1,45,71,26,40,183.0,36.6,C,1.464,FAIL
24,74,53,42,72,265.0,53.0,C+,2.12,FAIL
77,56,17,4,63,217.0,43.4,C,1.736,FAIL
88,34,60,63,7,252.0,50.4,C+,2.016,FAIL
55,96,68,84,67,370.0,74.0,B+,2.96,PASS
8,96,56,98,11,269.0,53.8,C+,2.152,FAIL
0,49,17,55,71,192.0,38.4,C,1.536,FAIL
66,86,45,46,52,295.0,59.0,C+,2.36,PASS
56,85,52,44,61,298.0,59.6,C+,2.384,PASS
69,77,34,46,84,310.0,62.0,B,2.48,FAIL
75,5,92,37,35,244.0,48.8,C,1.952,FAIL
75,76,54,71,81,357.0,71.4,B+,2.856,PASS
9,82,57,8,4,160.0,32.0,NG,1.28,FAIL
39,95,80,52,46,312.0,62.4,B,2.496,PASS
40,86,61,74,91,352.0,70.4,B+,2.816,PASS
85,31,42,44,30,232.0,46.4,C,1.8560000000000003,FAIL
15,16,23,93,95,242.0,48.4,C,1.936,FAIL
85,33,44,21,68,251.0,50.2,C+,2.008,FAIL
78,13,19,90,70,270.0,54.0,C+,2.16,FAIL
2,29,94,35,72,232.0,46.4,C,1.8560000000000003,FAIL
92,54,87,12,49,294.0,58.8,C+,2.352,FAIL
48,72,95,71,18,304.0,60.8,B,2.432,FAIL
24,55,79,70,75,303.0,60.6,B,2.424,FAIL
70,42,77,80,26,295.0,59.0,C+,2.36,FAIL
63,43,77,20,86,289.0,57.8,C+,2.312,FAIL
97,20,46,39,66,268.0,53.6,C+,2.144,FAIL
97,90,31,28,52,298.0,59.6,C+,2.384,FAIL
11,41,1,93,83,229.0,45.8,C,1.832,FAIL
9,15,28,38,21,111.0,22.2,NG,0.888,FAIL
15,41,40,31,13,140.0,28.0,NG,1.12,FAIL
17,78,7,24,28,154.0,30.8,NG,1.232,FAIL
76,89,18,89,96,368.0,73.6,B+,2.944,FAIL
67,64,4,81,77,293.0,58.6,C+,2.344,FAIL
49,25,29,14,29,146.0,29.2,NG,1.168,FAIL
47,37,20,59,66,229.0,45.8,C,1.832,FAIL
75,30,52,19,21,197.0,39.4,C,1.5759999999999998,FAIL
25,46,20,39,31,161.0,32.2,NG,1.288,FAIL
20,72,52,13,20,177.0,35.4,C,1.416,FAIL
72,21,70,76,71,310.0,62.0,B,2.48,FAIL
64,21,0,28,68,181.0,36.2,C,1.4479999999999997,FAIL
94,57,89,89,46,375.0,75.0,B+,3.0,PASS
99,93,81,1,68,342.0,68.4,B,2.736,FAIL
72,98,53,79,98,400.0,80.0,A,3.2,PASS
47,67,22,96,80,312.0,62.4,B,2.496,FAIL
69,49,97,66,55,336.0,67.2,B,2.688,PASS
85,14,28,82,82,291.0,58.2,C+,2.328,FAIL
14,64,38,37,66,219.0,43.8,C,1.7519999999999998,FAIL
73,7,79,34,4,197.0,39.4,C,1.5759999999999998,FAIL
16,21,77,23,75,212.0,42.4,C,1.696,FAIL
35,68,61,28,40,232.0,46.4,C,1.8560000000000003,FAIL
50,38,56,64,82,290.0,58.0,C+,2.32,PASS
19,24,79,70,95,287.0,57.4,C+,2.296,FAIL
85,59,95,87,65,391.0,78.2,B+,3.128,PASS
62,11,58,33,20,184.0,36.8,C,1.472,FAIL
87,36,58,41,46,268.0,53.6,C+,2.144,PASS
4,30,70,81,69,254.0,50.8,C+,2.032,FAIL
18,11,91,47,56,223.0,44.6,C,1.784,FAIL
47,4,1,61,38,151.0,30.2,NG,1.208,FAIL
2,38,75,46,15,176.0,35.2,C,1.408,FAIL
91,35,17,80,17,240.0,48.0,C,1.92,FAIL
42,97,97,99,41,376.0,75.2,B+,3.008,PASS
92,59,34,6,0,191.0,38.2,C,1.528,FAIL
62,34,79,93,42,310.0,62.0,B,2.48,FAIL
16,17,40,34,35,142.0,28.4,NG,1.136,FAIL
0,14,29,8,10,61.0,12.2,NG,0.488,FAIL
73,0,49,13,19,154.0,30.8,NG,1.232,FAIL
8,15,96,40,60,219.0,43.8,C,1.7519999999999998,FAIL
32,7,71,13,98,221.0,44.2,C,1.768,FAIL
70,95,96,86,85,432.0,86.4,A,3.4560000000000004,PASS
7,36,49,13,11,116.0,23.2,NG,0.9280000000000002,FAIL
97,37,52,13,7,206.0,41.2,C,1.648,FAIL
36,11,5,24,84,160.0,32.0,NG,1.28,FAIL
24,89,37,70,46,266.0,53.2,C+,2.128,FAIL
30,58,58,17,3,166.0,33.2,NG,1.328,FAIL
38,45,37,90,7,217.0,43.4,C,1.736,FAIL
61,76,48,93,81,359.0,71.8,B+,2.872,PASS
13,61,60,37,74,245.0,49.0,C,1.96,FAIL
17,49,50,14,36,166.0,33.2,NG,1.328,FAIL
2,47,54,41,94,238.0,47.6,C,1.9039999999999997,FAIL
64,73,88,10,78,313.0,62.6,B,2.504,FAIL
2,7,36,33,8,86.0,17.2,NG,0.688,FAIL
41,3,28,7,28,107.0,21.4,NG,0.856,FAIL
23,50,86,76,64,299.0,59.8,C+,2.392,FAIL
74,61,56,83,23,297.0,59.4,C+,2.376,FAIL
19,46,75,70,86,296.0,59.2,C+,2.368,FAIL
58,20,44,22,30,174.0,34.8,NG,1.392,FAIL
26,64,52,16,48,206.0,41.2,C,1.648,FAIL
5,83,53,8,77,226.0,45.2,C,1.808,FAIL
47,41,64,57,80,289.0,57.8,C+,2.312,PASS
0,52,19,35,34,140.0,28.0,NG,1.12,FAIL
85,87,74,85,0,331.0,66.2,B,2.648,FAIL
57,26,4,13,47,147.0,29.4,NG,1.176,FAIL
60,57,35,79,47,278.0,55.6,C+,2.224,PASS
44,29,39,22,50,184.0,36.8,C,1.472,FAIL
45,47,78,75,48,293.0,58.6,C+,2.344,PASS
95,71,27,51,92,336.0,67.2,B,2.688,FAIL
68,0,18,61,65,212.0,42.4,C,1.696,FAIL
47,66,35,14,3,165.0,33.0,NG,1.32,FAIL
64,86,65,54,14,283.0,56.6,C+,2.264,FAIL
79,56,46,37,82,300.0,60.0,B,2.4,PASS
87,53,97,95,77,409.0,81.8,A,3.272,PASS
76,65,73,81,68,363.0,72.6,B+,2.904,PASS
23,3,30,0,14,70.0,14.0,NG,0.56,FAIL
84,45,55,20,40,244.0,48.8,C,1.952,FAIL
22,90,81,94,34,321.0,64.2,B,2.568,FAIL
6,36,5,18,80,145.0,29.0,NG,1.16,FAIL
32,40,89,36,81,278.0,55.6,C+,2.224,FAIL
83,59,16,46,34,238.0,47.6,C,1.9039999999999997,FAIL
10,74,8,15,34,141.0,28.2,NG,1.128,FAIL
42,28,54,21,4,149.0,29.8,NG,1.192,FAIL
60,27,46,23,83,239.0,47.8,C,1.912,FAIL
96,16,82,80,80,354.0,70.8,B+,2.832,FAIL
29,42,49,58,45,223.0,44.6,C,1.784,FAIL
46,12,29,26,30,143.0,28.6,NG,1.144,FAIL
15,22,1,15,34,87.0,17.4,NG,0.696,FAIL
75,31,2,17,57,182.0,36.4,C,1.456,FAIL
31,35,77,42,1,186.0,37.2,C,1.4880000000000002,FAIL
34,78,51,83,71,317.0,63.4,B,2.536,FAIL
28,80,87,55,5,255.0,51.0,C+,2.04,FAIL
76,7,35,94,15,227.0,45.4,C,1.8159999999999998,FAIL
62,66,97,41,62,328.0,65.6,B,2.6240000000000006,PASS
54,8,50,36,55,203.0,40.6,C,1.624,FAIL
79,57,84,14,40,274.0,54.8,C+,2.192,FAIL
68,63,40,94,17,282.0,56.4,C+,2.256,FAIL
51,49,71,44,67,282.0,56.4,C+,2.256,PASS
80,33,66,9,0,188.0,37.6,C,1.504,FAIL
52,7,16,32,61,168.0,33.6,NG,1.344,FAIL
94,93,46,97,72,402.0,80.4,A,3.216,PASS
82,79,1,42,67,271.0,54.2,C+,2.168,FAIL
51,16,54,34,2,157.0,31.4,NG,1.256,FAIL
67,81,8,14,96,266.0,53.2,C+,2.128,FAIL
47,80,79,66,21,293.0,58.6,C+,2.344,FAIL
71,4,50,51,48,224.0,44.8,C,1.7920000000000003,FAIL
57,51,63,77,69,317.0,63.4,B,2.536,PASS
51,89,43,75,23,281.0,56.2,C+,2.248,FAIL
35,12,3,89,8,147.0,29.4,NG,1.176,FAIL
78,54,42,72,24,270.0,54.0,C+,2.16,FAIL
85,7,1,97,57,247.0,49.4,C,1.976,FAIL
47,97,22,59,70,295.0,59.0,C+,2.36,FAIL
23,93,3,40,26,185.0,37.0,C,1.48,FAIL
10,4,81,21,93,209.0,41.8,C,1.672,FAIL
63,56,94,4,54,271.0,54.2,C+,2.168,FAIL
71,24,16,6,68,185.0,37.0,C,1.48,FAIL
83,6,89,46,80,304.0,60.8,B,2.432,FAIL
63,1,16,23,40,143.0,28.6,NG,1.144,FAIL
45,90,49,1,52,237.0,47.4,C,1.896,FAIL
93,36,10,47,99,285.0,57.0,C+,2.28,FAIL
15,72,4,17,27,135.0,27.0,NG,1.08,FAIL
5,3,52,24,75,159.0,31.8,NG,1.272,FAIL
63,28,42,79,27,239.0,47.8,C,1.912,FAIL
62,39,82,65,47,295.0,59.0,C+,2.36,PASS
18,2,4,89,80,193.0,38.6,C,1.544,FAIL
5,34,97,32,39,207.0,41.4,C,1.656,FAIL
86,68,49,14,20,237.0,47.4,C,1.896,FAIL
6,56,46,60,55,223.0,44.6,C,1.784,FAIL
35,58,58,22,36,209.0,41.8,C,1.672,FAIL
97,24,48,73,95,337.0,67.4,B,2.696,FAIL
24,34,60,40,76,234.0,46.8,C,1.872,FAIL
22,44,78,3,59,206.0,41.2,C,1.648,FAIL
11,84,2,92,45,234.0,46.8,C,1.872,FAIL
53,81,51,81,89,355.0,71.0,B+,2.84,PASS
11,96,91,22,96,316.0,63.2,B,2.528,FAIL
5,11,86,46,69,217.0,43.4,C,1.736,FAIL
96,76,6,18,56,252.0,50.4,C+,2.016,FAIL
2,58,79,44,8,191.0,38.2,C,1.528,FAIL
8,60,31,44,85,228.0,45.6,C,1.824,FAIL
63,84,74,72,7,300.0,60.0,B,2.4,FAIL
32,47,58,13,33,183.0,36.6,C,1.464,FAIL
94,42,95,58,12,301.0,60.2,B,2.408,FAIL
79,78,22,42,48,269.0,53.8,C+,2.152,FAIL
64,86,81,5,38,274.0,54.8,C+,2.192,FAIL
52,81,68,41,12,254.0,50.8,C+,2.032,FAIL
24,20,71,93,98,306.0,61.2,B,2.448,FAIL
73,32,51,39,66,261.0,52.2,C+,2.088,FAIL
90,29,48,36,65,268.0,53.6,C+,2.144,FAIL
41,24,28,34,10,137.0,27.4,NG,1.096,FAIL
69,1,37,94,49,250.0,50.0,C+,2.0,FAIL
91,27,65,70,54,307.0,61.4,B,2.456,FAIL
60,24,5,21,14,124.0,24.8,NG,0.992,FAIL
92,62,87,38,89,368.0,73.6,B+,2.944,PASS
8,81,94,36,86,305.0,61.0,B,2.44,FAIL
90,60,88,18,65,321.0,64.2,B,2.568,FAIL
75,77,57,91,7,307.0,61.4,B,2.456,FAIL
61,43,44,93,61,302.0,60.4,B,2.416,PASS
22,81,61,69,44,277.0,55.4,C+,2.216,FAIL
63,88,74,20,93,338.0,67.6,B,2.704,FAIL
76,3,28,2,8,117.0,23.4,NG,0.936,FAIL
25,84,12,92,54,267.0,53.4,C+,2.136,FAIL
59,1,99,43,29,231.0,46.2,C,1.848,FAIL
98,85,96,88,65,432.0,86.4,A,3.4560000000000004,PASS
26,32,94,26,1,179.0,35.8,C,1.432,FAIL
11,37,45,21,54,168.0,33.6,NG,1.344,FAIL
84,3,76,28,95,286.0,57.2,C+,2.288,FAIL
94,16,96,1,83,290.0,58.0,C+,2.32,FAIL
72,59,89,87,92,399.0,79.8,B+,3.1920000000000006,PASS
44,82,19,60,4,209.0,41.8,C,1.672,FAIL
47,65,87,25,12,236.0,47.2,C,1.888,FAIL
79,57,23,35,25,219.0,43.8,C,1.7519999999999998,FAIL
11,79,85,35,32,242.0,48.4,C,1.936,FAIL
22,99,69,92,94,376.0,75.2,B+,3.008,FAIL
27,87,70,51,11,246.0,49.2,C,1.9680000000000002,FAIL
97,20,51,69,30,267.0,53.4,C+,2.136,FAIL
34,54,22,59,58,227.0,45.4,C,1.8159999999999998,FAIL
78,90,0,88,21,277.0,55.4,C+,2.216,FAIL
14,27,75,43,4,163.0,32.6,NG,1.304,FAIL
42,5,48,5,93,193.0,38.6,C,1.544,FAIL
54,58,30,70,15,227.0,45.4,C,1.8159999999999998,FAIL
58,24,79,75,53,289.0,57.8,C+,2.312,FAIL
92,39,36,79,35,281.0,56.2,C+,2.248,PASS
84,28,35,94,24,265.0,53.0,C+,2.12,FAIL
90,57,19,64,8,238.0,47.6,C,1.9039999999999997,FAIL
3,85,56,66,84,294.0,58.8,C+,2.352,FAIL
30,16,92,21,64,223.0,44.6,C,1.784,FAIL
90,96,32,87,86,391.0,78.2,B+,3.128,FAIL
89,76,85,73,49,372.0,74.4,B+,2.9760000000000004,PASS
78,98,90,61,45,372.0,74.4,B+,2.9760000000000004,PASS
13,22,55,17,33,140.0,28.0,NG,1.12,FAIL
42,85,82,9,28,246.0,49.2,C,1.9680000000000002,FAIL
12,61,43,11,97,224.0,44.8,C,1.7920000000000003,FAIL
10,21,4,39,46,120.0,24.0,NG,0.96,FAIL
3,66,49,4,83,205.0,41.0,C,1.64,FAIL
76,66,30,27,51,250.0,50.0,C+,2.0,FAIL
29,15,22,75,99,240.0,48.0,C,1.92,FAIL
46,38,10,99,92,285.0,57.0,C+,2.28,FAIL
64,88,67,62,71,352.0,70.4,B+,2.816,PASS
13,21,5,40,23,102.0,20.4,NG,0.816,FAIL
34,93,25,92,77,321.0,64.2,B,2.568,FAIL
96,56,26,78,57,313.0,62.6,B,2.504,FAIL
78,2,7,66,56,209.0,41.8,C,1.672,FAIL
41,59,29,96,1,226.0,45.2,C,1.808,FAIL
7,98,86,51,76,318.0,63.6,B,2.544,FAIL
94,41,22,71,41,269.0,53.8,C+,2.152,FAIL
40,2,91,67,67,267.0,53.4,C+,2.136,FAIL
65,96,16,11,39,227.0,45.4,C,1.8159999999999998,FAIL
81,49,63,27,55,275.0,55.0,C+,2.2,FAIL
38,16,31,46,39,170.0,34.0,NG,1.36,FAIL
50,6,83,90,27,256.0,51.2,C+,2.048,FAIL
21,6,75,21,87,210.0,42.0,C,1.68,FAIL
17,53,35,37,3,145.0,29.0,NG,1.16,FAIL
87,30,97,37,67,318.0,63.6,B,2.544,FAIL
13,4,95,74,9,195.0,39.0,C,1.56,FAIL
78,20,50,62,2,212.0,42.4,C,1.696,FAIL
77,83,42,58,88,348.0,69.6,B,2.784,PASS
23,62,67,26,68,246.0,49.2,C,1.9680000000000002,FAIL
17,48,35,74,40,214.0,42.8,C,1.712,FAIL
0,87,87,68,16,258.0,51.6,C+,2.064,FAIL
65,82,41,92,37,317.0,63.4,B,2.536,PASS
44,74,89,65,43,315.0,63.0,B,2.52,PASS
91,98,36,3,93,321.0,64.2,B,2.568,FAIL
77,35,70,42,3,227.0,45.4,C,1.8159999999999998,FAIL
81,94,67,62,84,388.0,77.6,B+,3.1040000000000005,PASS
21,76,89,56,38,280.0,56.0,C+,2.24,FAIL
50,29,84,59,3,225.0,45.0,C,1.8,FAIL
25,61,85,79,62,312.0,62.4,B,2.496,FAIL
89,61,88,56,43,337.0,67.4,B,2.696,PASS
69,6,96,25,8,204.0,40.8,C,1.632,FAIL
18,54,56,19,28,175.0,35.0,C,1.4,FAIL
70,42,68,57,47,284.0,56.8,C+,2.272,PASS
34,97,69,94,87,381.0,76.2,B+,3.048,FAIL
13,33,98,92,67,303.0,60.6,B,2.424,FAIL
88,95,48,32,43,306.0,61.2,B,2.448,FAIL
15,92,69,13,54,243.0,48.6,C,1.944,FAIL
79,50,42,3,33,207.0,41.4,C,1.656,FAIL
46,3,36,28,61,174.0,34.8,NG,1.392,FAIL
94,1,47,89,40,271.0,54.2,C+,2.168,FAIL
99,44,28,8,7,186.0,37.2,C,1.4880000000000002,FAIL
69,8,0,42,17,136.0,27.2,NG,1.088,FAIL
65,96,59,44,55,319.0,63.8,B,2.552,PASS
17,26,89,40,91,263.0,52.6,C+,2.104,FAIL
79,46,11,87,7,230.0,46.0,C,1.84,FAIL
64,51,47,92,4,258.0,51.6,C+,2.064,FAIL
28,70,84,92,68,342.0,68.4,B,2.736,FAIL
48,19,1,4,1,73.0,14.6,NG,0.584,FAIL
64,2,1,32,91,190.0,38.0,C,1.52,FAIL
16,22,40,97,36,211.0,42.2,C,1.6879999999999997,FAIL
58,56,61,30,55,260.0,52.0,C+,2.08,FAIL
29,2,40,90,26,187.0,37.4,C,1.496,FAIL
55,76,34,21,53,239.0,47.8,C,1.912,FAIL
57,98,47,88,33,323.0,64.6,B,2.5840000000000005,FAIL
85,38,46,81,20,270.0,54.0,C+,2.16,FAIL
18,57,89,46,36,246.0,49.2,C,1.9680000000000002,FAIL
14,16,2,86,99,217.0,43.4,C,1.736,FAIL
89,16,98,82,69,354.0,70.8,B+,2.832,FAIL
11,10,44,10,52,127.0,25.4,NG,1.016,FAIL
92,68,76,93,32,361.0,72.2,B+,2.888,FAIL
2,49,24,54,50,179.0,35.8,C,1.432,FAIL
46,98,44,88,36,312.0,62.4,B,2.496,PASS
19,31,65,70,59,244.0,48.8,C,1.952,FAIL
44,96,43,44,7,234.0,46.8,C,1.872,FAIL
45,55,55,69,93,317.0,63.4,B,2.536,PASS
41,51,95,81,26,294.0,58.8,C+,2.352,FAIL
13,29,0,61,90,193.0,38.6,C,1.544,FAIL
90,48,44,17,93,292.0,58.4,C+,2.336,FAIL
22,37,70,43,35,207.0,41.4,C,1.656,FAIL
6,55,2,66,67,196.0,39.2,C,1.568,FAIL
49,0,91,85,10,235.0,47.0,C,1.88,FAIL
26,81,40,15,36,198.0,39.6,C,1.584,FAIL
46,92,25,83,69,315.0,63.0,B,2.52,FAIL
18,36,13,25,75,167.0,33.4,NG,1.3359999999999999,FAIL
17,53,89,68,87,314.0,62.8,B,2.512,FAIL
1,17,3,58,50,129.0,25.8,NG,1.032,FAIL
87,82,88,20,33,310.0,62.0,B,2.48,FAIL
89,24,31,37,13,194.0,38.8,C,1.5520000000000003,FAIL
55,67,4,71,68,265.0,53.0,C+,2.12,FAIL
74,0,72,41,78,265.0,53.0,C+,2.12,FAIL
54,78,6,81,22,241.0,48.2,C,1.928,FAIL
49,70,85,37,69,310.0,62.0,B,2.48,PASS
86,53,20,30,72,261.0,52.2,C+,2.088,FAIL
80,6,89,46,4,225.0,45.0,C,1.8,FAIL
88,9,81,20,80,278.0,55.6,C+,2.224,FAIL
17,59,45,26,74,221.0,44.2,C,1.768,FAIL
22,76,96,89,86,369.0,73.8,B+,2.952,FAIL
84,61,42,64,22,273.0,54.6,C+,2.184,FAIL
89,85,3,97,8,282.0,56.4,C+,2.256,FAIL
87,7,73,50,62,279.0,55.8,C+,2.232,FAIL
44,88,55,17,59,263.0,52.6,C+,2.104,FAIL
82,79,18,68,41,288.0,57.6,C+,2.304,FAIL
72,13,11,41,14,151.0,30.2,NG,1.208,FAIL
47,4,17,90,52,210.0,42.0,C,1.68,FAIL
5,99,45,15,87,251.0,50.2,C+,2.008,FAIL
54,11,38,57,43,203.0,40.6,C,1.624,FAIL
61,41,12,37,97,248.0,49.6,C,1.984,FAIL
11,74,83,60,45,273.0,54.6,C+,2.184,FAIL
83,33,51,56,30,253.0,50.6,C+,2.024,FAIL
71,53,72,76,20,292.0,58.4,C+,2.336,FAIL
96,6,1,67,59,229.0,45.8,C,1.832,FAIL
2,12,43,66,59,182.0,36.4,C,1.456,FAIL
25,29,34,46,55,189.0,37.8,C,1.5119999999999998,FAIL
13,18,21,26,48,126.0,25.2,NG,1.008,FAIL
81,24,28,9,49,191.0,38.2,C,1.528,FAIL
25,95,30,29,84,263.0,52.6,C+,2.104,FAIL
41,15,57,75,83,271.0,54.2,C+,2.168,FAIL
39,13,7,35,12,106.0,21.2,NG,0.848,FAIL
63,87,62,75,30,317.0,63.4,B,2.536,FAIL
45,12,7,57,76,197.0,39.4,C,1.5759999999999998,FAIL
10,57,84,97,48,296.0,59.2,C+,2.368,FAIL
75,11,35,23,38,182.0,36.4,C,1.456,FAIL
84,35,3,33,76,231.0,46.2,C,1.848,FAIL
91,44,58,16,20,229.0,45.8,C,1.832,FAIL
76,31,97,25,47,276.0,55.2,C+,2.208,FAIL
80,92,88,61,37,358.0,71.6,B+,2.864,PASS
53,19,2,8,30,112.0,22.4,NG,0.8960000000000001,FAIL
17,0,36,78,30,161.0,32.2,NG,1.288,FAIL
86,71,53,1,52,263.0,52.6,C+,2.104,FAIL
68,65,96,33,28,290.0,58.0,C+,2.32,FAIL
13,87,87,35,50,272.0,54.4,C+,2.176,FAIL
17,9,47,89,19,181.0,36.2,C,1.4479999999999997,FAIL
78,70,56,79,38,321.0,64.2,B,2.568,PASS
72,4,91,70,50,287.0,57.4,C+,2.296,FAIL
35,8,16,56,66,181.0,36.2,C,1.4479999999999997,FAIL
28,87,41,96,69,321.0,64.2,B,2.568,FAIL
88,94,8,72,83,345.0,69.0,B,2.76,FAIL
2,74,95,44,60,275.0,55.0,C+,2.2,FAIL
72,45,17,0,1,135.0,27.0,NG,1.08,FAIL
3,10,61,25,31,130.0,26.0,NG,1.04,FAIL
70,99,75,67,45,356.0,71.2,B+,2.8480000000000003,PASS
42,33,21,19,33,148.0,29.6,NG,1.184,FAIL
81,49,84,75,61,350.0,70.0,B+,2.8,PASS
7,81,26,55,42,211.0,42.2,C,1.6879999999999997,FAIL
30,13,69,55,26,193.0,38.6,C,1.544,FAIL
35,63,23,38,90,249.0,49.8,C,1.992,FAIL
68,53,53,76,19,269.0,53.8,C+,2.152,FAIL
27,29,98,0,73,227.0,45.4,C,1.8159999999999998,FAIL
20,60,2,7,1,90.0,18.0,NG,0.72,FAIL
46,6,25,56,49,182.0,36.4,C,1.456,FAIL
92,86,48,4,7,237.0,47.4,C,1.896,FAIL
3,84,17,5,85,194.0,38.8,C,1.5520000000000003,FAIL
53,27,22,25,34,161.0,32.2,NG,1.288,FAIL
2,17,62,90,28,199.0,39.8,C,1.592,FAIL
18,95,32,56,37,238.0,47.6,C,1.9039999999999997,FAIL
62,48,97,50,94,351.0,70.2,B+,2.8079999999999994,PASS
4,54,94,2,52,206.0,41.2,C,1.648,FAIL
96,34,59,19,0,208.0,41.6,C,1.6640000000000001,FAIL
65,17,35,21,72,210.0,42.0,C,1.68,FAIL
16,24,39,96,39,214.0,42.8,C,1.712,FAIL
6,49,37,0,77,169.0,33.8,NG,1.352,FAIL
18,96,35,54,6,209.0,41.8,C,1.672,FAIL
0,45,9,29,6,89.0,17.8,NG,0.7120000000000001,FAIL
93,49,96,68,52,358.0,71.6,B+,2.864,PASS
65,90,83,39,94,371.0,74.2,B+,2.968,PASS
13,99,29,94,89,324.0,64.8,B,2.592,FAIL
20,59,89,60,5,233.0,46.6,C,1.864,FAIL
29,82,56,2,32,201.0,40.2,C,1.608,FAIL
57,91,24,21,58,251.0,50.2,C+,2.008,FAIL
1,68,0,70,40,179.0,35.8,C,1.432,FAIL
41,46,17,6,29,139.0,27.8,NG,1.112,FAIL
2,24,74,22,81,203.0,40.6,C,1.624,FAIL
17,78,79,51,66,291.0,58.2,C+,2.328,FAIL
83,29,81,37,81,311.0,62.2,B,2.488,FAIL
18,19,14,41,27,119.0,23.8,NG,0.9519999999999998,FAIL
3,6,73,57,94,233.0,46.6,C,1.864,FAIL
77,77,50,46,50,300.0,60.0,B,2.4,PASS
64,60,4,38,20,186.0,37.2,C,1.4880000000000002,FAIL
5,59,56,58,77,255.0,51.0,C+,2.04,FAIL
72,2,87,48,58,267.0,53.4,C+,2.136,FAIL
90,4,10,32,64,200.0,40.0,C,1.6,FAIL
70,75,14,30,24,213.0,42.6,C,1.704,FAIL
20,5,44,62,98,229.0,45.8,C,1.832,FAIL
59,8,73,52,19,211.0,42.2,C,1.6879999999999997,FAIL
38,61,75,85,47,306.0,61.2,B,2.448,PASS
30,17,65,63,51,226.0,45.2,C,1.808,FAIL
69,2,17,60,8,156.0,31.2,NG,1.248,FAIL
3,91,92,0,34,220.0,44.0,C,1.76,FAIL
86,38,19,19,29,191.0,38.2,C,1.528,FAIL
96,32,42,98,38,306.0,61.2,B,2.448,FAIL
35,42,22,33,24,156.0,31.2,NG,1.248,FAIL
37,81,85,3,95,301.0,60.2,B,2.408,FAIL
15,94,18,95,62,284.0,56.8,C+,2.272,FAIL
56,17,72,87,96,328.0,65.6,B,2.6240000000000006,FAIL
58,39,89,88,88,362.0,72.4,B+,2.8959999999999995,PASS
94,0,66,94,90,344.0,68.8,B,2.752,FAIL
83,77,92,38,44,334.0,66.8,B,2.6719999999999997,PASS
77,16,44,9,56,202.0,40.4,C,1.6160000000000003,FAIL
0,23,57,91,16,187.0,37.4,C,1.496,FAIL
8,22,67,30,42,169.0,33.8,NG,1.352,FAIL
17,1,98,90,10,216.0,43.2,C,1.7280000000000002,FAIL
53,67,81,70,62,333.0,66.6,B,2.664,PASS
59,30,8,97,56,250.0,50.0,C+,2.0,FAIL
18,84,8,31,58,199.0,39.8,C,1.592,FAIL
23,34,26,23,79,185.0,37.0,C,1.48,FAIL
59,95,12,9,90,265.0,53.0,C+,2.12,FAIL
70,97,92,94,74,427.0,85.4,A,3.4159999999999995,PASS
91,36,97,53,71,348.0,69.6,B,2.784,PASS
37,80,23,69,28,237.0,47.4,C,1.896,FAIL
31,3,35,43,90,202.0,40.4,C,1.6160000000000003,FAIL
71,53,28,58,17,227.0,45.4,C,1.8159999999999998,FAIL
83,36,78,93,78,368.0,73.6,B+,2.944,PASS
52,16,66,91,33,258.0,51.6,C+,2.064,FAIL
70,4,31,51,50,206.0,41.2,C,1.648,FAIL
55,46,11,84,77,273.0,54.6,C+,2.184,FAIL
85,27,15,98,98,323.0,64.6,B,2.5840000000000005,FAIL
77,17,16,19,14,143.0,28.6,NG,1.144,FAIL
92,64,99,21,68,344.0,68.8,B,2.752,FAIL
39,55,23,97,2,216.0,43.2,C,1.7280000000000002,FAIL
25,91,79,9,93,297.0,59.4,C+,2.376,FAIL
30,90,84,32,52,288.0,57.6,C+,2.304,FAIL
80,73,26,65,93,337.0,67.4,B,2.696,FAIL
42,16,54,78,88,278.0,55.6,C+,2.224,FAIL
91,76,80,84,1,332.0,66.4,B,2.656,FAIL
41,79,10,35,61,226.0,45.2,C,1.808,FAIL
25,74,16,44,89,248.0,49.6,C,1.984,FAIL
96,29,99,78,35,337.0,67.4,B,2.696,FAIL
82,81,79,6,15,263.0,52.6,C+,2.104,FAIL
51,77,5,89,68,290.0,58.0,C+,2.32,FAIL
83,56,62,84,31,316.0,63.2,B,2.528,FAIL
74,43,44,21,16,198.0,39.6,C,1.584,FAIL
95,51,42,53,53,294.0,58.8,C+,2.352,PASS
22,98,44,88,98,350.0,70.0,B+,2.8,FAIL
74,39,62,29,35,239.0,47.8,C,1.912,FAIL
38,29,27,39,83,216.0,43.2,C,1.7280000000000002,FAIL
47,22,96,64,39,268.0,53.6,C+,2.144,FAIL
7,77,31,85,14,214.0,42.8,C,1.712,FAIL
67,85,15,18,53,238.0,47.6,C,1.9039999999999997,FAIL
74,5,60,20,71,230.0,46.0,C,1.84,FAIL
52,73,64,68,17,274.0,54.8,C+,2.192,FAIL
89,34,19,3,81,226.0,45.2,C,1.808,FAIL
96,6,22,47,99,270.0,54.0,C+,2.16,FAIL
0,63,53,69,51,236.0,47.2,C,1.888,FAIL
24,0,53,19,2,98.0,19.6,NG,0.784,FAIL
11,32,71,70,50,234.0,46.8,C,1.872,FAIL
40,94,8,94,51,287.0,57.4,C+,2.296,FAIL
0,77,10,89,61,237.0,47.4,C,1.896,FAIL
97,35,25,63,53,273.0,54.6,C+,2.184,FAIL
82,88,18,63,9,260.0,52.0,C+,2.08,FAIL
14,75,76,51,25,241.0,48.2,C,1.928,FAIL
36,6,49,70,10,171.0,34.2,NG,1.368,FAIL
45,98,72,18,74,307.0,61.4,B,2.456,FAIL
53,77,80,31,93,334.0,66.8,B,2.6719999999999997,FAIL
16,27,43,72,58,216.0,43.2,C,1.7280000000000002,FAIL
95,82,75,54,54,360.0,72.0,B+,2.88,PASS
1,7,81,43,20,152.0,30.4,NG,1.216,FAIL
74,51,9,33,21,188.0,37.6,C,1.504,FAIL
49,17,72,85,22,245.0,49.0,C,1.96,FAIL
32,98,73,41,39,283.0,56.6,C+,2.264,FAIL
98,54,45,26,42,265.0,53.0,C+,2.12,FAIL
35,74,71,2,26,208.0,41.6,C,1.6640000000000001,FAIL
79,63,45,74,43,304.0,60.8,B,2.432,PASS
76,98,73,48,12,307.0,61.4,B,2.456,FAIL
48,8,13,44,10,123.0,24.6,NG,0.9840000000000001,FAIL
36,49,44,80,23,232.0,46.4,C,1.8560000000000003,FAIL
10,15,74,19,11,129.0,25.8,NG,1.032,FAIL
37,35,86,22,64,244.0,48.8,C,1.952,FAIL
36,44,30,53,52,215.0,43.0,C,1.72,FAIL
13,42,28,39,38,160.0,32.0,NG,1.28,FAIL
71,20,93,25,32,241.0,48.2,C,1.928,FAIL
4,5,81,70,83,243.0,48.6,C,1.944,FAIL
74,27,79,40,43,263.0,52.6,C+,2.104,FAIL
0,32,9,83,83,207.0,41.4,C,1.656,FAIL
47,54,59,67,42,269.0,53.8,C+,2.152,PASS
28,81,83,75,38,305.0,61.0,B,2.44,FAIL
88,45,55,23,77,288.0,57.6,C+,2.304,FAIL
7,81,45,8,98,239.0,47.8,C,1.912,FAIL
98,38,71,74,46,327.0,65.4,B,2.616,PASS
25,42,16,90,7,180.0,36.0,C,1.44,FAIL
12,49,11,90,18,180.0,36.0,C,1.44,FAIL
17,29,64,68,29,207.0,41.4,C,1.656,FAIL
38,12,83,20,22,175.0,35.0,C,1.4,FAIL
26,37,71,78,31,243.0,48.6,C,1.944,FAIL
35,60,13,96,98,302.0,60.4,B,2.416,FAIL
58,46,31,21,68,224.0,44.8,C,1.7920000000000003,FAIL
68,59,61,39,90,317.0,63.4,B,2.536,PASS
88,82,17,78,87,352.0,70.4,B+,2.816,FAIL
69,42,28,62,69,270.0,54.0,C+,2.16,FAIL
59,34,99,13,39,244.0,48.8,C,1.952,FAIL
23,2,58,70,52,205.0,41.0,C,1.64,FAIL
99,79,78,40,8,304.0,60.8,B,2.432,FAIL
34,1,87,7,24,153.0,30.6,NG,1.224,FAIL
23,99,8,21,52,203.0,40.6,C,1.624,FAIL
78,26,87,53,37,281.0,56.2,C+,2.248,FAIL
36,0,83,6,84,209.0,41.8,C,1.672,FAIL
44,40,87,15,41,227.0,45.4,C,1.8159999999999998,FAIL
44,87,98,19,28,276.0,55.2,C+,2.208,FAIL
32,87,59,32,36,246.0,49.2,C,1.9680000000000002,FAIL
92,19,19,37,17,184.0,36.8,C,1.472,FAIL
72,13,13,77,69,244.0,48.8,C,1.952,FAIL
60,23,52,30,50,215.0,43.0,C,1.72,FAIL
99,71,37,20,9,236.0,47.2,C,1.888,FAIL
57,90,64,64,74,349.0,69.8,B,2.792,PASS
19,75,3,58,3,158.0,31.6,NG,1.264,FAIL
35,17,9,58,29,148.0,29.6,NG,1.184,FAIL
47,84,88,62,3,284.0,56.8,C+,2.272,FAIL
60,96,89,34,94,373.0,74.6,B+,2.984,FAIL
11,88,38,43,80,260.0,52.0,C+,2.08,FAIL
34,17,14,64,81,210.0,42.0,C,1.68,FAIL
62,31,21,48,13,175.0,35.0,C,1.4,FAIL
5,19,7,2,87,120.0,24.0,NG,0.96,FAIL
88,44,80,12,21,245.0,49.0,C,1.96,FAIL
67,70,68,11,6,222.0,44.4,C,1.776,FAIL
60,9,30,84,53,236.0,47.2,C,1.888,FAIL
54,28,35,15,59,191.0,38.2,C,1.528,FAIL
38,66,50,66,56,276.0,55.2,C+,2.208,PASS
10,83,57,43,53,246.0,49.2,C,1.9680000000000002,FAIL
11,28,94,12,78,223.0,44.6,C,1.784,FAIL
92,60,68,88,66,374.0,74.8,B+,2.992,PASS
50,56,96,38,83,323.0,64.6,B,2.5840000000000005,PASS
69,82,0,67,59,277.0,55.4,C+,2.216,FAIL
12,91,16,89,55,263.0,52.6,C+,2.104,FAIL
36,76,3,13,23,151.0,30.2,NG,1.208,FAIL
43,90,71,19,43,266.0,53.2,C+,2.128,FAIL
19,44,15,48,39,165.0,33.0,NG,1.32,FAIL
37,94,97,14,40,282.0,56.4,C+,2.256,FAIL
4,23,36,2,74,139.0,27.8,NG,1.112,FAIL
35,3,0,43,0,81.0,16.2,NG,0.648,FAIL
24,36,31,45,59,195.0,39.0,C,1.56,FAIL
51,71,36,34,70,262.0,52.4,C+,2.096,FAIL
72,86,50,43,86,337.0,67.4,B,2.696,PASS
36,30,71,63,46,246.0,49.2,C,1.9680000000000002,FAIL
43,0,85,56,59,243.0,48.6,C,1.944,FAIL
81,98,93,63,54,389.0,77.8,B+,3.112,PASS
97,22,38,86,85,328.0,65.6,B,2.6240000000000006,FAIL
12,63,84,31,59,249.0,49.8,C,1.992,FAIL
95,30,62,15,70,272.0,54.4,C+,2.176,FAIL
53,29,12,41,2,137.0,27.4,NG,1.096,FAIL
68,6,98,47,39,258.0,51.6,C+,2.064,FAIL
6,80,80,0,16,182.0,36.4,C,1.456,FAIL
40,87,22,74,3,226.0,45.2,C,1.808,FAIL
79,13,19,12,86,209.0,41.8,C,1.672,FAIL
20,13,69,71,34,207.0,41.4,C,1.656,FAIL
88,52,28,97,74,339.0,67.8,B,2.7120000000000006,FAIL
18,41,81,85,4,229.0,45.8,C,1.832,FAIL
48,12,45,69,9,183.0,36.6,C,1.464,FAIL
18,60,67,71,20,236.0,47.2,C,1.888,FAIL
42,93,77,90,74,376.0,75.2,B+,3.008,PASS
36,92,67,3,24,222.0,44.4,C,1.776,FAIL
82,3,46,14,12,157.0,31.4,NG,1.256,FAIL
4,23,47,48,91,213.0,42.6,C,1.704,FAIL
81,9,86,80,39,295.0,59.0,C+,2.36,FAIL
18,37,93,51,97,296.0,59.2,C+,2.368,FAIL
46,71,74,54,23,268.0,53.6,C+,2.144,FAIL
88,78,53,8,8,235.0,47.0,C,1.88,FAIL
82,25,5,23,14,149.0,29.8,NG,1.192,FAIL
72,46,95,49,45,307.0,61.4,B,2.456,PASS
24,98,7,48,1,178.0,35.6,C,1.4240000000000002,FAIL
95,18,71,30,55,269.0,53.8,C+,2.152,FAIL
44,46,43,90,13,236.0,47.2,C,1.888,FAIL
57,2,24,62,40,185.0,37.0,C,1.48,FAIL
65,8,53,37,63,226.0,45.2,C,1.808,FAIL
2,24,45,31,8,110.0,22.0,NG,0.88,FAIL
43,59,63,34,71,270.0,54.0,C+,2.16,FAIL
0,81,15,36,89,221.0,44.2,C,1.768,FAIL
9,41,9,36,34,129.0,25.8,NG,1.032,FAIL
33,84,19,66,69,271.0,54.2,C+,2.168,FAIL
5,49,40,88,22,204.0,40.8,C,1.632,FAIL
19,54,98,29,72,272.0,54.4,C+,2.176,FAIL
42,1,23,56,22,144.0,28.8,NG,1.152,FAIL
41,37,46,49,50,223.0,44.6,C,1.784,PASS
78,59,15,92,96,340.0,68.0,B,2.72,FAIL
42,43,20,79,39,223.0,44.6,C,1.784,FAIL
16,43,48,67,52,226.0,45.2,C,1.808,FAIL
10,4,17,7,14,52.0,10.4,NG,0.41600000000000004,FAIL
31,7,93,4,81,216.0,43.2,C,1.7280000000000002,FAIL
81,55,7,59,69,271.0,54.2,C+,2.168,FAIL
21,10,51,60,66,208.0,41.6,C,1.6640000000000001,FAIL
86,9,90,92,17,294.0,58.8,C+,2.352,FAIL
65,11,74,43,19,212.0,42.4,C,1.696,FAIL
67,75,87,42,15,286.0,57.2,C+,2.288,FAIL
78,76,74,7,12,247.0,49.4,C,1.976,FAIL
52,95,99,53,84,383.0,76.6,B+,3.0639999999999996,PASS
5,67,25,45,99,241.0,48.2,C,1.928,FAIL
17,97,98,19,29,260.0,52.0,C+,2.08,FAIL
88,75,75,82,23,343.0,68.6,B,2.744,FAIL
43,45,37,33,20,178.0,35.6,C,1.4240000000000002,FAIL
96,43,47,38,49,273.0,54.6,C+,2.184,PASS
35,82,38,79,72,306.0,61.2,B,2.448,PASS
68,67,42,74,65,316.0,63.2,B,2.528,PASS
68,84,50,64,3,269.0,53.8,C+,2.152,FAIL
75,1,99,25,75,275.0,55.0,C+,2.2,FAIL
12,18,96,64,33,223.0,44.6,C,1.784,FAIL
21,88,53,86,77,325.0,65.0,B,2.6,FAIL
79,29,6,98,88,300.0,60.0,B,2.4,FAIL
82,4,21,53,67,227.0,45.4,C,1.8159999999999998,FAIL
4,18,76,93,61,252.0,50.4,C+,2.016,FAIL
40,66,30,82,2,220.0,44.0,C,1.76,FAIL
69,15,57,91,58,290.0,58.0,C+,2.32,FAIL
36,38,90,20,17,201.0,40.2,C,1.608,FAIL
11,80,72,29,38,230.0,46.0,C,1.84,FAIL
7,5,60,5,17,94.0,18.8,NG,0.752,FAIL
16,95,45,55,29,240.0,48.0,C,1.92,FAIL
48,84,5,35,52,224.0,44.8,C,1.7920000000000003,FAIL
17,37,50,54,5,163.0,32.6,NG,1.304,FAIL
27,85,2,20,45,179.0,35.8,C,1.432,FAIL
99,62,75,14,10,260.0,52.0,C+,2.08,FAIL
53,67,78,93,49,340.0,68.0,B,2.72,PASS
35,41,13,36,31,156.0,31.2,NG,1.248,FAIL
82,23,22,80,68,275.0,55.0,C+,2.2,FAIL
44,11,40,79,11,185.0,37.0,C,1.48,FAIL
73,23,94,23,63,276.0,55.2,C+,2.208,FAIL
87,79,11,6,67,250.0,50.0,C+,2.0,FAIL
23,85,63,77,68,316.0,63.2,B,2.528,FAIL
13,42,5,43,0,103.0,20.6,NG,0.824,FAIL
56,72,90,9,76,303.0,60.6,B,2.424,FAIL
49,77,33,89,6,254.0,50.8,C+,2.032,FAIL
14,96,63,42,5,220.0,44.0,C,1.76,FAIL
83,47,50,29,71,280.0,56.0,C+,2.24,FAIL
14,68,12,91,1,186.0,37.2,C,1.4880000000000002,FAIL
85,41,64,92,24,306.0,61.2,B,2.448,FAIL
14,61,73,33,35,216.0,43.2,C,1.7280000000000002,FAIL
22,72,62,62,54,272.0,54.4,C+,2.176,FAIL
78,46,34,69,16,243.0,48.6,C,1.944,FAIL
38,0,17,91,95,241.0,48.2,C,1.928,FAIL
64,17,12,82,1,176.0,35.2,C,1.408,FAIL
58,90,26,0,66,240.0,48.0,C,1.92,FAIL
28,29,86,51,98,292.0,58.4,C+,2.336,FAIL
70,77,21,8,50,226.0,45.2,C,1.808,FAIL
18,32,34,54,80,218.0,43.6,C,1.744,FAIL
2,36,40,44,41,163.0,32.6,NG,1.304,FAIL
29,75,93,38,57,292.0,58.4,C+,2.336,FAIL
9,46,77,9,63,204.0,40.8,C,1.632,FAIL
20,89,77,74,67,327.0,65.4,B,2.616,FAIL
15,13,42,86,79,235.0,47.0,C,1.88,FAIL
39,69,3,53,47,211.0,42.2,C,1.6879999999999997,FAIL
20,53,11,48,94,226.0,45.2,C,1.808,FAIL
55,80,90,38,19,282.0,56.4,C+,2.256,FAIL
85,31,0,59,55,230.0,46.0,C,1.84,FAIL
4,69,81,23,15,192.0,38.4,C,1.536,FAIL
7,85,79,71,11,253.0,50.6,C+,2.024,FAIL
25,67,68,88,79,327.0,65.4,B,2.616,FAIL
21,10,12,45,96,184.0,36.8,C,1.472,FAIL
50,67,16,64,56,253.0,50.6,C+,2.024,FAIL
80,61,21,16,83,261.0,52.2,C+,2.088,FAIL
3,61,75,73,13,225.0,45.0,C,1.8,FAIL
85,49,55,9,7,205.0,41.0,C,1.64,FAIL
40,93,76,91,62,362.0,72.4,B+,2.8959999999999995,PASS
99,83,45,61,3,291.0,58.2,C+,2.328,FAIL
78,63,60,34,13,248.0,49.6,C,1.984,FAIL
5,6,87,83,7,188.0,37.6,C,1.504,FAIL
10,53,89,53,17,222.0,44.4,C,1.776,FAIL
84,1,1,23,54,163.0,32.6,NG,1.304,FAIL
48,69,91,60,14,282.0,56.4,C+,2.256,FAIL
6,99,94,86,35,320.0,64.0,B,2.56,FAIL
17,72,40,13,21,163.0,32.6,NG,1.304,FAIL
94,53,95,66,58,366.0,73.2,B+,2.928,PASS
12,47,64,1,20,144.0,28.8,NG,1.152,FAIL
65,76,9,28,27,205.0,41.0,C,1.64,FAIL
54,47,4,61,38,204.0,40.8,C,1.632,FAIL
84,12,98,64,83,341.0,68.2,B,2.728,FAIL
36,38,84,62,37,257.0,51.4,C+,2.056,PASS
75,59,76,9,19,238.0,47.6,C,1.9039999999999997,FAIL
2,11,21,99,99,232.0,46.4,C,1.8560000000000003,FAIL
85,30,62,43,17,237.0,47.4,C,1.896,FAIL
1,77,10,41,33,162.0,32.4,NG,1.296,FAIL
23,49,93,73,92,330.0,66.0,B,2.64,FAIL
14,68,32,0,58,172.0,34.4,NG,1.376,FAIL
63,43,98,2,34,240.0,48.0,C,1.92,FAIL
11,26,8,20,3,68.0,13.6,NG,0.544,FAIL
7,84,24,84,13,212.0,42.4,C,1.696,FAIL
28,14,46,43,53,184.0,36.8,C,1.472,FAIL
53,32,29,47,53,214.0,42.8,C,1.712,FAIL
89,31,88,86,86,380.0,76.0,B+,3.04,FAIL
68,10,35,66,73,252.0,50.4,C+,2.016,FAIL
28,3,39,13,59,142.0,28.4,NG,1.136,FAIL
35,94,3,69,10,211.0,42.2,C,1.6879999999999997,FAIL
75,1,52,27,1,156.0,31.2,NG,1.248,FAIL
19,30,93,49,40,231.0,46.2,C,1.848,FAIL
53,10,87,54,95,299.0,59.8,C+,2.392,FAIL
12,22,67,93,13,207.0,41.4,C,1.656,FAIL
8,69,68,27,69,241.0,48.2,C,1.928,FAIL
46,2,40,15,32,135.0,27.0,NG,1.08,FAIL
41,99,64,16,70,290.0,58.0,C+,2.32,FAIL
34,97,57,92,23,303.0,60.6,B,2.424,FAIL
2,34,19,34,65,154.0,30.8,NG,1.232,FAIL
23,14,33,27,27,124.0,24.8,NG,0.992,FAIL
96,72,71,59,49,347.0,69.4,B,2.776,PASS
52,83,22,88,22,267.0,53.4,C+,2.136,FAIL
58,91,17,37,26,229.0,45.8,C,1.832,FAIL
25,8,61,67,52,213.0,42.6,C,1.704,FAIL
65,44,15,35,40,199.0,39.8,C,1.592,FAIL
13,86,91,84,31,305.0,61.0,B,2.44,FAIL
62,24,46,79,3,214.0,42.8,C,1.712,FAIL
92,92,92,35,99,410.0,82.0,A,3.28,PASS
57,73,0,64,33,227.0,45.4,C,1.8159999999999998,FAIL
26,16,79,24,75,220.0,44.0,C,1.76,FAIL
4,72,58,80,45,259.0,51.8,C+,2.072,FAIL
1,12,99,48,20,180.0,36.0,C,1.44,FAIL
17,26,73,88,11,215.0,43.0,C,1.72,FAIL
81,1,37,83,72,274.0,54.8,C+,2.192,FAIL
70,12,96,65,81,324.0,64.8,B,2.592,FAIL
74,9,93,60,73,309.0,61.8,B,2.472,FAIL
97,32,4,32,17,182.0,36.4,C,1.456,FAIL
20,44,82,85,53,284.0,56.8,C+,2.272,FAIL
27,30,39,52,88,236.0,47.2,C,1.888,FAIL
65,82,60,79,97,383.0,76.6,B+,3.0639999999999996,PASS
19,80,14,23,94,230.0,46.0,C,1.84,FAIL
43,64,43,74,89,313.0,62.6,B,2.504,PASS
89,94,66,19,89,357.0,71.4,B+,2.856,FAIL
16,72,47,95,91,321.0,64.2,B,2.568,FAIL
18,55,75,58,82,288.0,57.6,C+,2.304,FAIL
95,45,18,39,87,284.0,56.8,C+,2.272,FAIL
4,78,9,42,26,159.0,31.8,NG,1.272,FAIL
81,58,56,99,24,318.0,63.6,B,2.544,FAIL
31,59,5,70,28,193.0,38.6,C,1.544,FAIL
82,37,85,76,39,319.0,63.8,B,2.552,PASS
62,44,88,94,11,299.0,59.8,C+,2.392,FAIL
39,35,40,41,96,251.0,50.2,C+,2.008,PASS
4,61,5,45,98,213.0,42.6,C,1.704,FAIL
99,82,72,68,7,328.0,65.6,B,2.6240000000000006,FAIL
34,76,88,9,94,301.0,60.2,B,2.408,FAIL
16,83,60,28,66,253.0,50.6,C+,2.024,FAIL
16,50,89,43,47,245.0,49.0,C,1.96,FAIL
8,73,17,99,54,251.0,50.2,C+,2.008,FAIL
71,73,33,41,53,271.0,54.2,C+,2.168,FAIL
33,9,64,69,52,227.0,45.4,C,1.8159999999999998,FAIL
48,61,62,96,65,332.0,66.4,B,2.656,PASS
21,47,48,35,47,198.0,39.6,C,1.584,FAIL
70,67,67,77,9,290.0,58.0,C+,2.32,FAIL
67,54,15,72,97,305.0,61.0,B,2.44,FAIL
6,40,74,81,8,209.0,41.8,C,1.672,FAIL
97,68,26,18,49,258.0,51.6,C+,2.064,FAIL
60,88,44,41,26,259.0,51.8,C+,2.072,FAIL
94,84,27,26,10,241.0,48.2,C,1.928,FAIL
12,0,71,96,8,187.0,37.4,C,1.496,FAIL
1,50,7,78,18,154.0,30.8,NG,1.232,FAIL
42,65,19,32,95,253.0,50.6,C+,2.024,FAIL
83,44,49,95,42,313.0,62.6,B,2.504,PASS
9,48,17,4,84,162.0,32.4,NG,1.296,FAIL
60,55,78,96,38,327.0,65.4,B,2.616,PASS
52,97,50,17,14,230.0,46.0,C,1.84,FAIL
39,11,31,30,39,150.0,30.0,NG,1.2,FAIL
31,41,97,67,84,320.0,64.0,B,2.56,FAIL
37,84,58,30,89,298.0,59.6,C+,2.384,FAIL
51,45,26,34,66,222.0,44.4,C,1.776,FAIL
71,59,77,34,75,316.0,63.2,B,2.528,FAIL
90,31,19,72,83,295.0,59.0,C+,2.36,FAIL
96,22,1,46,36,201.0,40.2,C,1.608,FAIL
10,28,3,70,44,155.0,31.0,NG,1.24,FAIL
74,55,10,96,53,288.0,57.6,C+,2.304,FAIL
52,60,15,0,71,198.0,39.6,C,1.584,FAIL
93,81,95,33,30,332.0,66.4,B,2.656,FAIL
10,0,38,66,74,188.0,37.6,C,1.504,FAIL
93,19,0,83,12,207.0,41.4,C,1.656,FAIL
19,76,55,74,53,277.0,55.4,C+,2.216,FAIL
5,87,74,85,34,285.0,57.0,C+,2.28,FAIL
5,98,35,28,43,209.0,41.8,C,1.672,FAIL
29,82,55,80,65,311.0,62.2,B,2.488,FAIL
56,46,67,37,58,264.0,52.8,C+,2.112,PASS
60,72,81,47,76,336.0,67.2,B,2.688,PASS
98,89,11,23,36,257.0,51.4,C+,2.056,FAIL
12,35,93,14,90,244.0,48.8,C,1.952,FAIL
76,32,22,22,74,226.0,45.2,C,1.808,FAIL
76,52,39,67,36,270.0,54.0,C+,2.16,PASS
9,97,92,12,2,212.0,42.4,C,1.696,FAIL
28,84,50,26,42,230.0,46.0,C,1.84,FAIL
9,63,98,30,74,274.0,54.8,C+,2.192,FAIL
74,80,35,88,20,297.0,59.4,C+,2.376,FAIL
94,13,55,49,41,252.0,50.4,C+,2.016,FAIL
36,19,34,57,42,188.0,37.6,C,1.504,FAIL
83,36,91,51,71,332.0,66.4,B,2.656,PASS
72,52,62,52,92,330.0,66.0,B,2.64,PASS
27,99,64,90,79,359.0,71.8,B+,2.872,FAIL
55,27,57,73,19,231.0,46.2,C,1.848,FAIL
68,10,15,0,11,104.0,20.8,NG,0.8320000000000001,FAIL
33,79,15,30,70,227.0,45.4,C,1.8159999999999998,FAIL
81,12,87,56,61,297.0,59.4,C+,2.376,FAIL
89,4,29,51,24,197.0,39.4,C,1.5759999999999998,FAIL
75,82,88,14,81,340.0,68.0,B,2.72,FAIL
19,5,33,27,5,89.0,17.8,NG,0.7120000000000001,FAIL
61,6,19,66,36,188.0,37.6,C,1.504,FAIL
4,86,20,42,34,186.0,37.2,C,1.4880000000000002,FAIL
55,93,55,41,2,246.0,49.2,C,1.9680000000000002,FAIL
25,20,93,9,99,246.0,49.2,C,1.9680000000000002,FAIL
42,47,98,6,85,278.0,55.6,C+,2.224,FAIL
80,46,22,30,22,200.0,40.0,C,1.6,FAIL
11,68,96,98,10,283.0,56.6,C+,2.264,FAIL
3,22,79,48,94,246.0,49.2,C,1.9680000000000002,FAIL
4,3,36,67,23,133.0,26.6,NG,1.064,FAIL
53,64,8,30,87,242.0,48.4,C,1.936,FAIL
48,58,72,50,12,240.0,48.0,C,1.92,FAIL
32,68,55,79,9,243.0,48.6,C,1.944,FAIL
26,80,6,32,52,196.0,39.2,C,1.568,FAIL
24,27,16,66,73,206.0,41.2,C,1.648,FAIL
69,58,93,12,77,309.0,61.8,B,2.472,FAIL
12,86,59,73,55,285.0,57.0,C+,2.28,FAIL
37,45,29,40,60,211.0,42.2,C,1.6879999999999997,FAIL
80,35,14,18,96,243.0,48.6,C,1.944,FAIL
45,29,65,91,99,329.0,65.8,B,2.6319999999999997,FAIL
94,83,43,42,82,344.0,68.8,B,2.752,PASS
36,81,72,39,28,256.0,51.2,C+,2.048,FAIL
13,58,44,81,60,256.0,51.2,C+,2.048,FAIL
12,24,61,70,7,174.0,34.8,NG,1.392,FAIL
94,55,86,44,36,315.0,63.0,B,2.52,PASS
14,71,15,50,92,242.0,48.4,C,1.936,FAIL
41,48,95,90,33,307.0,61.4,B,2.456,FAIL
9,84,70,10,56,229.0,45.8,C,1.832,FAIL
86,45,5,2,45,183.0,36.6,C,1.464,FAIL
20,8,37,55,97,217.0,43.4,C,1.736,FAIL
44,95,98,57,67,361.0,72.2,B+,2.888,PASS
1,55,97,4,12,169.0,33.8,NG,1.352,FAIL
35,55,8,2,49,149.0,29.8,NG,1.192,FAIL
61,86,93,91,37,368.0,73.6,B+,2.944,PASS
96,0,91,85,77,349.0,69.8,B,2.792,FAIL
94,26,73,50,3,246.0,49.2,C,1.9680000000000002,FAIL
59,75,52,31,15,232.0,46.4,C,1.8560000000000003,FAIL
86,81,13,56,11,247.0,49.4,C,1.976,FAIL
53,96,47,53,91,340.0,68.0,B,2.72,PASS
66,17,20,0,66,169.0,33.8,NG,1.352,FAIL
71,75,92,2,27,267.0,53.4,C+,2.136,FAIL
89,10,10,49,14,172.0,34.4,NG,1.376,FAIL
14,52,92,72,8,238.0,47.6,C,1.9039999999999997,FAIL
68,65,32,18,43,226.0,45.2,C,1.808,FAIL
15,93,70,67,4,249.0,49.8,C,1.992,FAIL
31,95,81,62,11,280.0,56.0,C+,2.24,FAIL
36,10,9,7,89,151.0,30.2,NG,1.208,FAIL
63,93,9,75,14,254.0,50.8,C+,2.032,FAIL
0,96,95,73,82,346.0,69.2,B,2.7679999999999993,FAIL
53,55,96,49,13,266.0,53.2,C+,2.128,FAIL
3,24,47,95,16,185.0,37.0,C,1.48,FAIL
68,92,8,87,46,301.0,60.2,B,2.408,FAIL
60,40,38,57,72,267.0,53.4,C+,2.136,PASS
9,97,35,59,45,245.0,49.0,C,1.96,FAIL
32,98,68,90,66,354.0,70.8,B+,2.832,FAIL
57,80,68,5,72,282.0,56.4,C+,2.256,FAIL
80,4,11,40,20,155.0,31.0,NG,1.24,FAIL
38,4,35,93,50,220.0,44.0,C,1.76,FAIL
56,72,61,46,57,292.0,58.4,C+,2.336,PASS
41,21,36,59,84,241.0,48.2,C,1.928,FAIL
0,93,16,48,98,255.0,51.0,C+,2.04,FAIL
38,83,32,88,92,333.0,66.6,B,2.664,FAIL
49,83,88,81,22,323.0,64.6,B,2.5840000000000005,FAIL
61,51,84,6,74,276.0,55.2,C+,2.208,FAIL
97,41,82,44,33,297.0,59.4,C+,2.376,FAIL
51,15,52,89,70,277.0,55.4,C+,2.216,FAIL
27,99,42,27,23,218.0,43.6,C,1.744,FAIL
34,64,33,33,89,253.0,50.6,C+,2.024,FAIL
38,20,88,39,25,210.0,42.0,C,1.68,FAIL
15,7,57,30,58,167.0,33.4,NG,1.3359999999999999,FAIL
91,88,57,67,22,325.0,65.0,B,2.6,FAIL
26,56,80,15,86,263.0,52.6,C+,2.104,FAIL
54,57,45,57,25,238.0,47.6,C,1.9039999999999997,FAIL
21,37,83,88,15,244.0,48.8,C,1.952,FAIL
97,23,67,32,78,297.0,59.4,C+,2.376,FAIL
49,23,16,52,74,214.0,42.8,C,1.712,FAIL
80,59,22,72,32,265.0,53.0,C+,2.12,FAIL
9,48,84,53,19,213.0,42.6,C,1.704,FAIL
41,63,84,61,82,331.0,66.2,B,2.648,PASS
95,26,23,27,89,260.0,52.0,C+,2.08,FAIL
6,74,59,23,96,258.0,51.6,C+,2.064,FAIL
39,24,82,9,1,155.0,31.0,NG,1.24,FAIL
65,52,28,21,54,220.0,44.0,C,1.76,FAIL
30,95,37,17,61,240.0,48.0,C,1.92,FAIL
99,96,85,70,28,378.0,75.6,B+,3.0239999999999996,FAIL
57,17,73,52,62,261.0,52.2,C+,2.088,FAIL
88,44,7,42,27,208.0,41.6,C,1.6640000000000001,FAIL
67,93,63,32,73,328.0,65.6,B,2.6240000000000006,FAIL
30,26,1,98,2,157.0,31.4,NG,1.256,FAIL
43,66,71,39,31,250.0,50.0,C+,2.0,FAIL
92,68,18,41,52,271.0,54.2,C+,2.168,FAIL
76,6,45,53,96,276.0,55.2,C+,2.208,FAIL
51,26,67,95,60,299.0,59.8,C+,2.392,FAIL
20,99,89,17,7,232.0,46.4,C,1.8560000000000003,FAIL
30,36,28,66,26,186.0,37.2,C,1.4880000000000002,FAIL
67,92,44,68,81,352.0,70.4,B+,2.816,PASS
68,64,92,79,62,365.0,73.0,B+,2.92,PASS
16,46,58,46,76,242.0,48.4,C,1.936,FAIL
24,30,11,37,70,172.0,34.4,NG,1.376,FAIL
99,58,19,59,69,304.0,60.8,B,2.432,FAIL
46,49,67,38,1,201.0,40.2,C,1.608,FAIL
74,65,60,96,12,307.0,61.4,B,2.456,FAIL
20,99,44,83,45,291.0,58.2,C+,2.328,FAIL
46,62,56,53,3,220.0,44.0,C,1.76,FAIL
61,94,9,66,85,315.0,63.0,B,2.52,FAIL
94,91,83,56,4,328.0,65.6,B,2.6240000000000006,FAIL
21,91,78,0,70,260.0,52.0,C+,2.08,FAIL
81,53,56,19,98,307.0,61.4,B,2.456,FAIL
15,75,25,28,73,216.0,43.2,C,1.7280000000000002,FAIL
72,14,4,82,39,211.0,42.2,C,1.6879999999999997,FAIL
30,95,84,41,92,342.0,68.4,B,2.736,FAIL
89,70,36,99,20,314.0,62.8,B,2.512,FAIL
95,49,99,48,4,295.0,59.0,C+,2.36,FAIL
11,97,14,74,49,245.0,49.0,C,1.96,FAIL
87,84,87,20,23,301.0,60.2,B,2.408,FAIL
51,58,50,82,78,319.0,63.8,B,2.552,PASS
11,8,60,43,81,203.0,40.6,C,1.624,FAIL
2,62,85,43,0,192.0,38.4,C,1.536,FAIL
85,62,85,32,79,343.0,68.6,B,2.744,FAIL
1,29,96,49,3,178.0,35.6,C,1.4240000000000002,FAIL
56,81,38,72,49,296.0,59.2,C+,2.368,PASS
26,98,39,59,61,283.0,56.6,C+,2.264,FAIL
87,67,57,21,62,294.0,58.8,C+,2.352,FAIL
5,20,20,3,97,145.0,29.0,NG,1.16,FAIL
92,94,78,96,1,361.0,72.2,B+,2.888,FAIL
21,20,98,22,13,174.0,34.8,NG,1.392,FAIL
70,33,75,55,79,312.0,62.4,B,2.496,FAIL
57,49,98,26,60,290.0,58.0,C+,2.32,FAIL
15,26,98,45,5,189.0,37.8,C,1.5119999999999998,FAIL
36,15,73,18,75,217.0,43.4,C,1.736,FAIL
51,82,34,32,57,256.0,51.2,C+,2.048,FAIL
51,98,41,5,72,267.0,53.4,C+,2.136,FAIL
53,76,79,94,58,360.0,72.0,B+,2.88,PASS
8,23,50,74,81,236.0,47.2,C,1.888,FAIL
9,48,95,88,69,309.0,61.8,B,2.472,FAIL
77,2,48,76,29,232.0,46.4,C,1.8560000000000003,FAIL
84,32,70,71,16,273.0,54.6,C+,2.184,FAIL
78,31,94,4,13,220.0,44.0,C,1.76,FAIL
41,41,30,60,84,256.0,51.2,C+,2.048,FAIL
61,0,53,72,51,237.0,47.4,C,1.896,FAIL
39,4,84,48,10,185.0,37.0,C,1.48,FAIL
19,66,73,57,98,313.0,62.6,B,2.504,FAIL
67,86,94,25,73,345.0,69.0,B,2.76,FAIL
52,76,35,52,73,288.0,57.6,C+,2.304,PASS
86,58,33,69,92,338.0,67.6,B,2.704,FAIL
13,52,59,47,92,263.0,52.6,C+,2.104,FAIL
69,36,88,8,43,244.0,48.8,C,1.952,FAIL
25,12,80,47,52,216.0,43.2,C,1.7280000000000002,FAIL
8,34,81,89,45,257.0,51.4,C+,2.056,FAIL
0,10,53,35,36,134.0,26.8,NG,1.072,FAIL
57,47,49,85,14,252.0,50.4,C+,2.016,FAIL
21,36,55,69,49,230.0,46.0,C,1.84,FAIL
44,49,79,10,53,235.0,47.0,C,1.88,FAIL
24,28,4,80,3,139.0,27.8,NG,1.112,FAIL
53,23,62,96,44,278.0,55.6,C+,2.224,FAIL
80,42,86,40,62,310.0,62.0,B,2.48,PASS
77,0,65,14,57,213.0,42.6,C,1.704,FAIL
58,92,88,35,80,353.0,70.6,B+,2.824,PASS
82,0,7,88,56,233.0,46.6,C,1.864,FAIL
91,86,0,75,8,260.0,52.0,C+,2.08,FAIL
55,30,10,26,64,185.0,37.0,C,1.48,FAIL
5,34,35,42,20,136.0,27.2,NG,1.088,FAIL
32,26,34,38,37,167.0,33.4,NG,1.3359999999999999,FAIL
37,10,45,49,64,205.0,41.0,C,1.64,FAIL
8,28,19,92,52,199.0,39.8,C,1.592,FAIL
41,24,29,38,59,191.0,38.2,C,1.528,FAIL
36,87,50,51,86,310.0,62.0,B,2.48,PASS
70,67,60,86,10,293.0,58.6,C+,2.344,FAIL
23,64,35,72,4,198.0,39.6,C,1.584,FAIL
35,64,89,73,39,300.0,60.0,B,2.4,PASS
54,30,17,87,18,206.0,41.2,C,1.648,FAIL
25,56,65,88,27,261.0,52.2,C+,2.088,FAIL
4,22,87,54,69,236.0,47.2,C,1.888,FAIL
62,64,30,88,44,288.0,57.6,C+,2.304,FAIL
57,47,67,67,51,289.0,57.8,C+,2.312,PASS
96,20,90,12,53,271.0,54.2,C+,2.168,FAIL
40,35,44,51,75,245.0,49.0,C,1.96,PASS
67,26,23,22,96,234.0,46.8,C,1.872,FAIL
86,75,68,51,39,319.0,63.8,B,2.552,PASS
80,96,92,7,9,284.0,56.8,C+,2.272,FAIL
97,92,79,85,56,409.0,81.8,A,3.272,PASS
76,49,34,21,69,249.0,49.8,C,1.992,FAIL
15,16,61,49,37,178.0,35.6,C,1.4240000000000002,FAIL
0,91,77,14,94,276.0,55.2,C+,2.208,FAIL
12,75,20,67,24,198.0,39.6,C,1.584,FAIL
62,77,28,2,55,224.0,44.8,C,1.7920000000000003,FAIL
84,10,90,51,67,302.0,60.4,B,2.416,FAIL
8,45,77,85,31,246.0,49.2,C,1.9680000000000002,FAIL
67,9,85,70,0,231.0,46.2,C,1.848,FAIL
11,11,0,8,23,53.0,10.6,NG,0.424,FAIL
31,81,8,16,12,148.0,29.6,NG,1.184,FAIL
95,66,65,29,45,300.0,60.0,B,2.4,FAIL
87,32,76,31,69,295.0,59.0,C+,2.36,FAIL
95,86,57,32,57,327.0,65.4,B,2.616,FAIL
78,73,59,66,9,285.0,57.0,C+,2.28,FAIL
78,9,29,9,30,155.0,31.0,NG,1.24,FAIL
3,8,96,5,37,149.0,29.8,NG,1.192,FAIL
21,53,24,45,28,171.0,34.2,NG,1.368,FAIL
86,33,83,33,90,325.0,65.0,B,2.6,FAIL
5,75,14,84,44,222.0,44.4,C,1.776,FAIL
79,62,68,53,95,357.0,71.4,B+,2.856,PASS
79,62,26,82,3,252.0,50.4,C+,2.016,FAIL
63,54,92,74,9,292.0,58.4,C+,2.336,FAIL
70,28,84,4,97,283.0,56.6,C+,2.264,FAIL
83,16,55,10,88,252.0,50.4,C+,2.016,FAIL
91,70,2,26,89,278.0,55.6,C+,2.224,FAIL
50,83,74,63,49,319.0,63.8,B,2.552,PASS
59,32,28,26,37,182.0,36.4,C,1.456,FAIL
56,15,99,33,68,271.0,54.2,C+,2.168,FAIL
37,18,80,34,85,254.0,50.8,C+,2.032,FAIL
28,87,78,80,23,296.0,59.2,C+,2.368,FAIL
54,11,19,77,74,235.0,47.0,C,1.88,FAIL
22,11,70,16,71,190.0,38.0,C,1.52,FAIL
80,3,19,93,79,274.0,54.8,C+,2.192,FAIL
1,57,51,72,55,236.0,47.2,C,1.888,FAIL
29,93,0,58,67,247.0,49.4,C,1.976,FAIL
69,65,91,39,63,327.0,65.4,B,2.616,PASS
48,39,63,63,82,295.0,59.0,C+,2.36,PASS
5,42,48,50,73,218.0,43.6,C,1.744,FAIL
69,9,36,23,85,222.0,44.4,C,1.776,FAIL
11,68,69,32,47,227.0,45.4,C,1.8159999999999998,FAIL
71,9,64,4,81,229.0,45.8,C,1.832,FAIL
35,53,44,40,9,181.0,36.2,C,1.4479999999999997,FAIL
35,73,47,75,13,243.0,48.6,C,1.944,FAIL
33,50,27,58,70,238.0,47.6,C,1.9039999999999997,FAIL
84,11,51,57,18,221.0,44.2,C,1.768,FAIL
41,17,40,1,82,181.0,36.2,C,1.4479999999999997,FAIL
80,21,18,31,37,187.0,37.4,C,1.496,FAIL
82,1,6,80,11,180.0,36.0,C,1.44,FAIL
69,80,57,16,9,231.0,46.2,C,1.848,FAIL
21,5,12,54,92,184.0,36.8,C,1.472,FAIL
69,30,13,59,21,192.0,38.4,C,1.536,FAIL
35,17,95,49,57,253.0,50.6,C+,2.024,FAIL
88,10,23,19,10,150.0,30.0,NG,1.2,FAIL
3,32,38,90,30,193.0,38.6,C,1.544,FAIL
10,64,85,57,36,252.0,50.4,C+,2.016,FAIL
82,60,37,76,80,335.0,67.0,B,2.68,PASS
57,74,55,0,47,233.0,46.6,C,1.864,FAIL
1,98,63,80,71,313.0,62.6,B,2.504,FAIL
13,68,25,88,50,244.0,48.8,C,1.952,FAIL
7,16,93,3,85,204.0,40.8,C,1.632,FAIL
62,45,46,71,91,315.0,63.0,B,2.52,PASS
2,37,4,5,37,85.0,17.0,NG,0.68,FAIL
65,33,93,85,23,299.0,59.8,C+,2.392,FAIL
2,8,53,38,36,137.0,27.4,NG,1.096,FAIL
90,60,22,15,22,209.0,41.8,C,1.672,FAIL
71,17,70,41,51,250.0,50.0,C+,2.0,FAIL
16,39,35,4,58,152.0,30.4,NG,1.216,FAIL
46,64,39,29,13,191.0,38.2,C,1.528,FAIL
2,63,46,25,21,157.0,31.4,NG,1.256,FAIL
30,72,2,44,55,203.0,40.6,C,1.624,FAIL
70,92,93,20,27,302.0,60.4,B,2.416,FAIL
21,56,81,37,94,289.0,57.8,C+,2.312,FAIL
95,52,69,6,11,233.0,46.6,C,1.864,FAIL
41,21,11,76,1,150.0,30.0,NG,1.2,FAIL
1,88,58,66,14,227.0,45.4,C,1.8159999999999998,FAIL
47,2,36,95,72,252.0,50.4,C+,2.016,FAIL
88,13,1,60,38,200.0,40.0,C,1.6,FAIL
12,47,88,49,26,222.0,44.4,C,1.776,FAIL
15,97,84,0,66,262.0,52.4,C+,2.096,FAIL
92,41,5,85,26,249.0,49.8,C,1.992,FAIL
47,28,99,54,40,268.0,53.6,C+,2.144,FAIL
58,18,1,59,85,221.0,44.2,C,1.768,FAIL
57,44,15,90,17,223.0,44.6,C,1.784,FAIL
28,46,14,94,70,252.0,50.4,C+,2.016,FAIL
42,86,70,29,0,227.0,45.4,C,1.8159999999999998,FAIL
4,89,93,17,18,221.0,44.2,C,1.768,FAIL
7,36,33,68,84,228.0,45.6,C,1.824,FAIL
93,79,36,56,99,363.0,72.6,B+,2.904,PASS
72,32,31,0,21,156.0,31.2,NG,1.248,FAIL
73,40,84,54,52,303.0,60.6,B,2.424,PASS
82,3,58,80,22,245.0,49.0,C,1.96,FAIL
4,8,21,98,62,193.0,38.6,C,1.544,FAIL
93,82,46,75,98,394.0,78.8,B+,3.1519999999999997,PASS
82,24,56,60,51,273.0,54.6,C+,2.184,FAIL
0,76,55,15,98,244.0,48.8,C,1.952,FAIL
81,54,57,23,46,261.0,52.2,C+,2.088,FAIL
67,47,29,79,66,288.0,57.6,C+,2.304,FAIL
4,26,50,83,23,186.0,37.2,C,1.4880000000000002,FAIL
57,22,46,50,18,193.0,38.6,C,1.544,FAIL
28,26,64,78,77,273.0,54.6,C+,2.184,FAIL
14,47,17,46,40,164.0,32.8,NG,1.3120000000000003,FAIL
62,45,73,38,73,291.0,58.2,C+,2.328,PASS
44,28,61,16,83,232.0,46.4,C,1.8560000000000003,FAIL
6,37,3,85,2,133.0,26.6,NG,1.064,FAIL
10,86,70,79,73,318.0,63.6,B,2.544,FAIL
56,68,6,66,5,201.0,40.2,C,1.608,FAIL
38,75,17,18,40,188.0,37.6,C,1.504,FAIL
70,38,64,82,97,351.0,70.2,B+,2.8079999999999994,PASS
91,4,47,58,74,274.0,54.8,C+,2.192,FAIL
69,9,55,60,19,212.0,42.4,C,1.696,FAIL
49,92,55,52,36,284.0,56.8,C+,2.272,PASS
44,73,17,12,99,245.0,49.0,C,1.96,FAIL
6,57,58,62,75,258.0,51.6,C+,2.064,FAIL
78,23,64,18,87,270.0,54.0,C+,2.16,FAIL
5,35,11,53,71,175.0,35.0,C,1.4,FAIL
19,71,37,94,41,262.0,52.4,C+,2.096,FAIL
37,7,45,24,87,200.0,40.0,C,1.6,FAIL
94,82,16,44,60,296.0,59.2,C+,2.368,FAIL
82,19,31,16,27,175.0,35.0,C,1.4,FAIL
82,73,79,62,56,352.0,70.4,B+,2.816,PASS
74,30,12,65,18,199.0,39.8,C,1.592,FAIL
66,61,78,10,83,298.0,59.6,C+,2.384,FAIL
9,95,62,89,46,301.0,60.2,B,2.408,FAIL
75,24,28,35,99,261.0,52.2,C+,2.088,FAIL
66,38,66,18,31,219.0,43.8,C,1.7519999999999998,FAIL
93,88,42,41,45,309.0,61.8,B,2.472,PASS
51,66,62,82,51,312.0,62.4,B,2.496,PASS
5,36,0,10,87,138.0,27.6,NG,1.104,FAIL
83,26,16,67,5,197.0,39.4,C,1.5759999999999998,FAIL
97,13,66,40,87,303.0,60.6,B,2.424,FAIL
84,78,42,62,80,346.0,69.2,B,2.7679999999999993,PASS
53,79,80,8,39,259.0,51.8,C+,2.072,FAIL
24,91,96,74,92,377.0,75.4,B+,3.016,FAIL
38,35,50,33,46,202.0,40.4,C,1.6160000000000003,FAIL
46,15,99,75,22,257.0,51.4,C+,2.056,FAIL
85,3,35,26,39,188.0,37.6,C,1.504,FAIL
74,12,63,60,25,234.0,46.8,C,1.872,FAIL
40,22,61,4,69,196.0,39.2,C,1.568,FAIL
14,40,37,24,69,184.0,36.8,C,1.472,FAIL
25,15,66,64,32,202.0,40.4,C,1.6160000000000003,FAIL
59,56,75,40,95,325.0,65.0,B,2.6,PASS
2,14,47,73,67,203.0,40.6,C,1.624,FAIL
36,75,42,57,94,304.0,60.8,B,2.432,PASS
91,21,67,34,39,252.0,50.4,C+,2.016,FAIL
73,21,79,96,15,284.0,56.8,C+,2.272,FAIL
46,34,39,67,28,214.0,42.8,C,1.712,FAIL
14,11,14,23,57,119.0,23.8,NG,0.9519999999999998,FAIL
88,94,94,94,95,465.0,93.0,A+,3.72,PASS
46,36,91,65,94,332.0,66.4,B,2.656,PASS
95,97,66,91,32,381.0,76.2,B+,3.048,FAIL
79,89,24,69,45,306.0,61.2,B,2.448,FAIL
39,34,9,6,15,103.0,20.6,NG,0.824,FAIL
75,13,63,71,73,295.0,59.0,C+,2.36,FAIL
99,78,8,35,51,271.0,54.2,C+,2.168,FAIL
7,89,71,59,75,301.0,60.2,B,2.408,FAIL
17,27,39,20,14,117.0,23.4,NG,0.936,FAIL
94,41,90,99,80,404.0,80.8,A,3.2320000000000007,PASS
99,93,57,98,57,404.0,80.8,A,3.2320000000000007,PASS
40,0,59,33,55,187.0,37.4,C,1.496,FAIL
59,59,50,11,13,192.0,38.4,C,1.536,FAIL
77,35,66,84,57,319.0,63.8,B,2.552,PASS
76,26,92,44,98,336.0,67.2,B,2.688,FAIL
44,18,63,20,67,212.0,42.4,C,1.696,FAIL
62,11,96,37,16,222.0,44.4,C,1.776,FAIL
99,76,54,53,37,319.0,63.8,B,2.552,PASS
46,13,13,38,95,205.0,41.0,C,1.64,FAIL
64,72,32,10,42,220.0,44.0,C,1.76,FAIL
96,39,32,71,92,330.0,66.0,B,2.64,FAIL
87,70,88,17,64,326.0,65.2,B,2.608,FAIL
27,41,55,33,57,213.0,42.6,C,1.704,FAIL
43,49,68,98,43,301.0,60.2,B,2.408,PASS
7,55,34,47,89,232.0,46.4,C,1.8560000000000003,FAIL
42,71,15,9,55,192.0,38.4,C,1.536,FAIL
87,5,15,7,66,180.0,36.0,C,1.44,FAIL
33,89,52,93,85,352.0,70.4,B+,2.816,FAIL
56,68,2,97,75,298.0,59.6,C+,2.384,FAIL
32,41,76,3,28,180.0,36.0,C,1.44,FAIL
75,48,67,93,59,342.0,68.4,B,2.736,PASS
5,51,47,79,84,266.0,53.2,C+,2.128,FAIL
49,11,43,79,21,203.0,40.6,C,1.624,FAIL
57,76,6,20,59,218.0,43.6,C,1.744,FAIL
18,20,96,8,35,177.0,35.4,C,1.416,FAIL
48,3,1,70,98,220.0,44.0,C,1.76,FAIL
96,74,44,49,26,289.0,57.8,C+,2.312,FAIL
10,77,45,8,13,153.0,30.6,NG,1.224,FAIL
96,53,9,82,4,244.0,48.8,C,1.952,FAIL
3,37,3,15,55,113.0,22.6,NG,0.904,FAIL
44,69,18,28,54,213.0,42.6,C,1.704,FAIL
36,0,39,22,2,99.0,19.8,NG,0.792,FAIL
94,55,48,77,58,332.0,66.4,B,2.656,PASS
48,9,9,51,21,138.0,27.6,NG,1.104,FAIL
63,95,34,83,45,320.0,64.0,B,2.56,FAIL
56,76,42,15,68,257.0,51.4,C+,2.056,FAIL
90,11,93,9,31,234.0,46.8,C,1.872,FAIL
86,56,68,38,34,282.0,56.4,C+,2.256,FAIL
70,69,14,38,25,216.0,43.2,C,1.7280000000000002,FAIL
39,84,86,7,15,231.0,46.2,C,1.848,FAIL
62,43,4,95,87,291.0,58.2,C+,2.328,FAIL
37,59,48,68,65,277.0,55.4,C+,2.216,PASS
15,84,87,48,42,276.0,55.2,C+,2.208,FAIL
12,80,42,34,7,175.0,35.0,C,1.4,FAIL
64,41,23,96,89,313.0,62.6,B,2.504,FAIL
24,85,8,19,62,198.0,39.6,C,1.584,FAIL
82,94,8,57,0,241.0,48.2,C,1.928,FAIL
54,60,23,81,57,275.0,55.0,C+,2.2,FAIL
54,24,47,79,48,252.0,50.4,C+,2.016,FAIL
1,83,68,40,36,228.0,45.6,C,1.824,FAIL
80,63,51,98,32,324.0,64.8,B,2.592,FAIL
43,79,58,67,29,276.0,55.2,C+,2.208,FAIL
62,88,19,34,44,247.0,49.4,C,1.976,FAIL
68,83,82,3,96,332.0,66.4,B,2.656,FAIL
61,51,79,25,65,281.0,56.2,C+,2.248,FAIL
63,48,65,3,16,195.0,39.0,C,1.56,FAIL
38,81,58,35,88,300.0,60.0,B,2.4,PASS
69,31,53,26,21,200.0,40.0,C,1.6,FAIL
58,87,55,88,56,344.0,68.8,B,2.752,PASS
99,92,13,61,7,272.0,54.4,C+,2.176,FAIL
69,60,43,53,65,290.0,58.0,C+,2.32,PASS
85,52,29,42,87,295.0,59.0,C+,2.36,FAIL
59,61,15,8,63,206.0,41.2,C,1.648,FAIL
94,89,16,34,38,271.0,54.2,C+,2.168,FAIL
79,97,68,24,15,283.0,56.6,C+,2.264,FAIL
82,13,37,26,83,241.0,48.2,C,1.928,FAIL
12,91,18,61,41,223.0,44.6,C,1.784,FAIL
93,7,3,33,21,157.0,31.4,NG,1.256,FAIL
30,83,4,44,94,255.0,51.0,C+,2.04,FAIL
43,99,94,14,62,312.0,62.4,B,2.496,FAIL
87,99,17,36,24,263.0,52.6,C+,2.104,FAIL
47,62,49,57,22,237.0,47.4,C,1.896,FAIL
9,40,6,18,73,146.0,29.2,NG,1.168,FAIL
91,30,15,69,40,245.0,49.0,C,1.96,FAIL
19,76,80,7,58,240.0,48.0,C,1.92,FAIL
0,45,41,7,52,145.0,29.0,NG,1.16,FAIL
80,17,8,35,43,183.0,36.6,C,1.464,FAIL
21,85,22,96,7,231.0,46.2,C,1.848,FAIL
87,15,91,95,25,313.0,62.6,B,2.504,FAIL
90,75,4,45,73,287.0,57.4,C+,2.296,FAIL
58,32,30,97,97,314.0,62.8,B,2.512,FAIL
38,96,53,10,16,213.0,42.6,C,1.704,FAIL
5,61,10,84,94,254.0,50.8,C+,2.032,FAIL
98,5,78,55,4,240.0,48.0,C,1.92,FAIL
2,4,87,95,87,275.0,55.0,C+,2.2,FAIL
47,94,43,27,26,237.0,47.4,C,1.896,FAIL
30,70,80,6,76,262.0,52.4,C+,2.096,FAIL
80,92,54,97,99,422.0,84.4,A,3.3759999999999994,PASS
97,61,57,84,71,370.0,74.0,B+,2.96,PASS
79,96,67,38,52,332.0,66.4,B,2.656,PASS
9,56,23,47,48,183.0,36.6,C,1.464,FAIL
58,89,72,79,49,347.0,69.4,B,2.776,PASS
53,86,79,69,89,376.0,75.2,B+,3.008,PASS
41,86,40,9,64,240.0,48.0,C,1.92,FAIL
43,36,16,89,9,193.0,38.6,C,1.544,FAIL
54,62,64,21,65,266.0,53.2,C+,2.128,FAIL
60,46,39,34,67,246.0,49.2,C,1.9680000000000002,FAIL
76,88,52,63,47,326.0,65.2,B,2.608,PASS
61,91,66,45,16,279.0,55.8,C+,2.232,FAIL
98,16,57,15,55,241.0,48.2,C,1.928,FAIL
79,69,79,25,50,302.0,60.4,B,2.416,FAIL
16,43,29,18,57,163.0,32.6,NG,1.304,FAIL
85,25,97,5,2,214.0,42.8,C,1.712,FAIL
34,67,10,24,78,213.0,42.6,C,1.704,FAIL
48,24,24,86,15,197.0,39.4,C,1.5759999999999998,FAIL
81,10,40,27,48,206.0,41.2,C,1.648,FAIL
6,29,79,75,92,281.0,56.2,C+,2.248,FAIL
35,50,46,13,13,157.0,31.4,NG,1.256,FAIL
51,44,95,91,55,336.0,67.2,B,2.688,PASS
71,5,81,18,19,194.0,38.8,C,1.5520000000000003,FAIL
21,28,45,82,22,198.0,39.6,C,1.584,FAIL
72,60,52,44,4,232.0,46.4,C,1.8560000000000003,FAIL
67,29,68,5,66,235.0,47.0,C,1.88,FAIL
52,90,26,83,22,273.0,54.6,C+,2.184,FAIL
96,67,47,5,93,308.0,61.6,B,2.464,FAIL
30,80,1,55,63,229.0,45.8,C,1.832,FAIL
57,40,42,53,19,211.0,42.2,C,1.6879999999999997,FAIL
46,21,54,90,73,284.0,56.8,C+,2.272,FAIL
55,0,93,53,51,252.0,50.4,C+,2.016,FAIL
55,97,5,5,6,168.0,33.6,NG,1.344,FAIL
32,45,30,34,54,195.0,39.0,C,1.56,FAIL
69,24,28,36,11,168.0,33.6,NG,1.344,FAIL
19,44,9,1,42,115.0,23.0,NG,0.92,FAIL
6,72,52,50,90,270.0,54.0,C+,2.16,FAIL
6,42,85,15,46,194.0,38.8,C,1.5520000000000003,FAIL
20,67,59,29,29,204.0,40.8,C,1.632,FAIL
8,4,20,75,57,164.0,32.8,NG,1.3120000000000003,FAIL
99,56,78,28,93,354.0,70.8,B+,2.832,FAIL
7,46,76,47,93,269.0,53.8,C+,2.152,FAIL
67,44,27,16,25,179.0,35.8,C,1.432,FAIL
79,72,18,75,80,324.0,64.8,B,2.592,FAIL
44,69,18,31,54,216.0,43.2,C,1.7280000000000002,FAIL
94,89,48,22,40,293.0,58.6,C+,2.344,FAIL
4,24,65,73,47,213.0,42.6,C,1.704,FAIL
93,24,14,54,66,251.0,50.2,C+,2.008,FAIL
43,55,24,2,72,196.0,39.2,C,1.568,FAIL
94,25,41,28,92,280.0,56.0,C+,2.24,FAIL
25,1,70,21,49,166.0,33.2,NG,1.328,FAIL
51,30,85,86,11,263.0,52.6,C+,2.104,FAIL
32,50,16,26,92,216.0,43.2,C,1.7280000000000002,FAIL
85,50,50,62,44,291.0,58.2,C+,2.328,PASS
74,94,0,49,85,302.0,60.4,B,2.416,FAIL
28,22,63,32,20,165.0,33.0,NG,1.32,FAIL
94,42,5,59,37,237.0,47.4,C,1.896,FAIL
34,71,16,55,8,184.0,36.8,C,1.472,FAIL
77,83,75,42,14,291.0,58.2,C+,2.328,FAIL
45,82,95,65,80,367.0,73.4,B+,2.9360000000000004,PASS
57,89,80,7,76,309.0,61.8,B,2.472,FAIL
23,68,9,32,43,175.0,35.0,C,1.4,FAIL
65,84,98,24,42,313.0,62.6,B,2.504,FAIL
54,88,8,47,29,226.0,45.2,C,1.808,FAIL
33,10,42,88,15,188.0,37.6,C,1.504,FAIL
28,7,3,30,63,131.0,26.2,NG,1.048,FAIL
96,42,14,14,79,245.0,49.0,C,1.96,FAIL
57,55,81,84,64,341.0,68.2,B,2.728,PASS
5,6,22,82,66,181.0,36.2,C,1.4479999999999997,FAIL
33,69,85,9,36,232.0,46.4,C,1.8560000000000003,FAIL
62,33,82,45,63,285.0,57.0,C+,2.28,FAIL
89,32,15,81,72,289.0,57.8,C+,2.312,FAIL
14,20,2,91,51,178.0,35.6,C,1.4240000000000002,FAIL
24,27,24,81,7,163.0,32.6,NG,1.304,FAIL
83,0,77,7,48,215.0,43.0,C,1.72,FAIL
80,66,53,96,86,381.0,76.2,B+,3.048,PASS
91,80,70,31,87,359.0,71.8,B+,2.872,FAIL
23,46,50,83,7,209.0,41.8,C,1.672,FAIL
71,49,94,81,25,320.0,64.0,B,2.56,FAIL
35,26,17,2,85,165.0,33.0,NG,1.32,FAIL
89,99,21,85,25,319.0,63.8,B,2.552,FAIL
84,13,87,50,3,237.0,47.4,C,1.896,FAIL
13,19,3,79,76,190.0,38.0,C,1.52,FAIL
10,59,40,0,38,147.0,29.4,NG,1.176,FAIL
27,79,31,94,12,243.0,48.6,C,1.944,FAIL
13,4,28,45,77,167.0,33.4,NG,1.3359999999999999,FAIL
17,91,86,36,94,324.0,64.8,B,2.592,FAIL
50,31,54,69,14,218.0,43.6,C,1.744,FAIL
62,59,17,14,85,237.0,47.4,C,1.896,FAIL
92,51,27,40,7,217.0,43.4,C,1.736,FAIL
10,61,48,98,51,268.0,53.6,C+,2.144,FAIL
2,47,28,71,25,173.0,34.6,NG,1.3839999999999997,FAIL
49,14,89,38,41,231.0,46.2,C,1.848,FAIL
36,88,60,65,24,273.0,54.6,C+,2.184,FAIL
36,31,50,75,14,206.0,41.2,C,1.648,FAIL
73,71,72,96,67,379.0,75.8,B+,3.032,PASS
45,23,76,94,36,274.0,54.8,C+,2.192,FAIL
13,91,32,97,48,281.0,56.2,C+,2.248,FAIL
34,57,84,66,31,272.0,54.4,C+,2.176,FAIL
61,85,67,11,71,295.0,59.0,C+,2.36,FAIL
81,37,21,63,35,237.0,47.4,C,1.896,FAIL
87,1,79,46,13,226.0,45.2,C,1.808,FAIL
17,65,48,97,6,233.0,46.6,C,1.864,FAIL
35,73,92,83,77,360.0,72.0,B+,2.88,PASS
64,55,10,63,8,200.0,40.0,C,1.6,FAIL
60,98,38,20,21,237.0,47.4,C,1.896,FAIL
38,35,20,36,20,149.0,29.8,NG,1.192,FAIL
30,39,47,92,92,300.0,60.0,B,2.4,FAIL
58,80,64,94,61,357.0,71.4,B+,2.856,PASS
22,53,21,22,40,158.0,31.6,NG,1.264,FAIL
94,34,39,40,14,221.0,44.2,C,1.768,FAIL
5,0,37,18,48,108.0,21.6,NG,0.8640000000000001,FAIL
43,92,78,23,19,255.0,51.0,C+,2.04,FAIL
59,75,31,55,11,231.0,46.2,C,1.848,FAIL
24,84,94,83,83,368.0,73.6,B+,2.944,FAIL
84,8,91,69,97,349.0,69.8,B,2.792,FAIL
62,57,3,28,94,244.0,48.8,C,1.952,FAIL
99,98,26,56,91,370.0,74.0,B+,2.96,FAIL
87,22,49,82,5,245.0,49.0,C,1.96,FAIL
43,63,84,75,2,267.0,53.4,C+,2.136,FAIL
35,75,21,56,36,223.0,44.6,C,1.784,FAIL
92,63,3,62,76,296.0,59.2,C+,2.368,FAIL
50,92,40,77,73,332.0,66.4,B,2.656,PASS
57,14,64,52,72,259.0,51.8,C+,2.072,FAIL
39,46,34,71,56,246.0,49.2,C,1.9680000000000002,FAIL
11,85,7,0,0,103.0,20.6,NG,0.824,FAIL
78,60,14,49,84,285.0,57.0,C+,2.28,FAIL
86,52,57,76,52,323.0,64.6,B,2.5840000000000005,PASS
78,83,22,60,27,270.0,54.0,C+,2.16,FAIL
14,24,22,70,5,135.0,27.0,NG,1.08,FAIL
81,33,58,62,79,313.0,62.6,B,2.504,FAIL
1,86,41,26,18,172.0,34.4,NG,1.376,FAIL
76,39,65,27,2,209.0,41.8,C,1.672,FAIL
78,0,76,8,61,223.0,44.6,C,1.784,FAIL
74,39,53,63,73,302.0,60.4,B,2.416,PASS
42,75,4,37,82,240.0,48.0,C,1.92,FAIL
71,8,22,43,93,237.0,47.4,C,1.896,FAIL
9,83,79,84,73,328.0,65.6,B,2.6240000000000006,FAIL
98,1,52,97,49,297.0,59.4,C+,2.376,FAIL
27,60,22,20,74,203.0,40.6,C,1.624,FAIL
76,79,24,32,79,290.0,58.0,C+,2.32,FAIL
53,82,26,68,49,278.0,55.6,C+,2.224,FAIL
47,54,12,21,97,231.0,46.2,C,1.848,FAIL
28,89,18,74,41,250.0,50.0,C+,2.0,FAIL
79,82,0,77,56,294.0,58.8,C+,2.352,FAIL
67,2,98,31,4,202.0,40.4,C,1.6160000000000003,FAIL
16,49,94,45,82,286.0,57.2,C+,2.288,FAIL
41,81,74,9,63,268.0,53.6,C+,2.144,FAIL
70,44,12,83,47,256.0,51.2,C+,2.048,FAIL
2,33,32,13,69,149.0,29.8,NG,1.192,FAIL
24,36,31,49,90,230.0,46.0,C,1.84,FAIL
12,87,5,1,9,114.0,22.8,NG,0.912,FAIL
70,64,64,21,95,314.0,62.8,B,2.512,FAIL
79,58,10,73,58,278.0,55.6,C+,2.224,FAIL
56,28,93,59,40,276.0,55.2,C+,2.208,FAIL
16,27,55,1,48,147.0,29.4,NG,1.176,FAIL
12,76,13,73,4,178.0,35.6,C,1.4240000000000002,FAIL
1,77,32,77,28,215.0,43.0,C,1.72,FAIL
56,22,88,81,93,340.0,68.0,B,2.72,FAIL
76,23,42,79,3,223.0,44.6,C,1.784,FAIL
20,0,67,61,0,148.0,29.6,NG,1.184,FAIL
3,62,51,71,64,251.0,50.2,C+,2.008,FAIL
7,2,38,25,38,110.0,22.0,NG,0.88,FAIL
98,27,67,26,30,248.0,49.6,C,1.984,FAIL
4,21,54,33,28,140.0,28.0,NG,1.12,FAIL
57,60,72,15,90,294.0,58.8,C+,2.352,FAIL
42,11,88,2,95,238.0,47.6,C,1.9039999999999997,FAIL
82,20,78,70,61,311.0,62.2,B,2.488,FAIL
33,0,51,80,53,217.0,43.4,C,1.736,FAIL
49,91,81,64,84,369.0,73.8,B+,2.952,PASS
28,64,3,75,60,230.0,46.0,C,1.84,FAIL
15,85,45,14,35,194.0,38.8,C,1.5520000000000003,FAIL
20,21,26,29,24,120.0,24.0,NG,0.96,FAIL
3,46,97,35,84,265.0,53.0,C+,2.12,FAIL
97,40,75,20,4,236.0,47.2,C,1.888,FAIL
90,9,19,39,23,180.0,36.0,C,1.44,FAIL
83,8,16,94,35,236.0,47.2,C,1.888,FAIL
56,4,94,90,98,342.0,68.4,B,2.736,FAIL
50,56,95,57,88,346.0,69.2,B,2.7679999999999993,PASS
41,57,18,37,33,186.0,37.2,C,1.4880000000000002,FAIL
51,37,75,59,43,265.0,53.0,C+,2.12,PASS
9,55,76,30,57,227.0,45.4,C,1.8159999999999998,FAIL
13,58,82,79,13,245.0,49.0,C,1.96,FAIL
94,90,99,15,21,319.0,63.8,B,2.552,FAIL
19,28,90,78,83,298.0,59.6,C+,2.384,FAIL
69,99,12,94,16,290.0,58.0,C+,2.32,FAIL
66,46,74,97,39,322.0,64.4,B,2.576,PASS
79,72,70,10,14,245.0,49.0,C,1.96,FAIL
89,28,25,66,45,253.0,50.6,C+,2.024,FAIL
82,22,78,43,50,275.0,55.0,C+,2.2,FAIL
25,89,33,68,35,250.0,50.0,C+,2.0,FAIL
10,89,65,20,19,203.0,40.6,C,1.624,FAIL
28,24,6,82,72,212.0,42.4,C,1.696,FAIL
12,63,58,6,6,145.0,29.0,NG,1.16,FAIL
65,63,88,32,68,316.0,63.2,B,2.528,FAIL
59,1,20,78,22,180.0,36.0,C,1.44,FAIL
22,96,49,23,72,262.0,52.4,C+,2.096,FAIL
36,25,30,4,70,165.0,33.0,NG,1.32,FAIL
81,2,7,86,33,209.0,41.8,C,1.672,FAIL
85,51,27,26,66,255.0,51.0,C+,2.04,FAIL
43,36,10,48,74,211.0,42.2,C,1.6879999999999997,FAIL
85,40,15,6,17,163.0,32.6,NG,1.304,FAIL
45,26,60,83,99,313.0,62.6,B,2.504,FAIL
11,28,99,15,11,164.0,32.8,NG,1.3120000000000003,FAIL
32,3,93,58,6,192.0,38.4,C,1.536,FAIL
43,51,39,35,99,267.0,53.4,C+,2.136,PASS
27,14,77,29,58,205.0,41.0,C,1.64,FAIL
21,19,55,58,13,166.0,33.2,NG,1.328,FAIL
52,13,70,73,72,280.0,56.0,C+,2.24,FAIL
89,65,56,46,3,259.0,51.8,C+,2.072,FAIL
77,53,87,73,69,359.0,71.8,B+,2.872,PASS
78,55,37,51,80,301.0,60.2,B,2.408,PASS
73,92,96,14,98,373.0,74.6,B+,2.984,FAIL
42,63,55,51,54,265.0,53.0,C+,2.12,PASS
88,72,86,43,51,340.0,68.0,B,2.72,PASS
81,98,46,78,46,349.0,69.8,B,2.792,PASS
39,96,1,50,87,273.0,54.6,C+,2.184,FAIL
19,73,14,24,1,131.0,26.2,NG,1.048,FAIL
62,47,77,66,76,328.0,65.6,B,2.6240000000000006,PASS
2,78,59,78,6,223.0,44.6,C,1.784,FAIL
72,85,29,25,24,235.0,47.0,C,1.88,FAIL
48,19,41,59,30,197.0,39.4,C,1.5759999999999998,FAIL
76,64,29,15,69,253.0,50.6,C+,2.024,FAIL
47,58,96,79,91,371.0,74.2,B+,2.968,PASS
39,59,97,43,34,272.0,54.4,C+,2.176,FAIL
3,98,84,40,82,307.0,61.4,B,2.456,FAIL
76,52,59,9,33,229.0,45.8,C,1.832,FAIL
25,10,21,99,40,195.0,39.0,C,1.56,FAIL
62,18,36,97,25,238.0,47.6,C,1.9039999999999997,FAIL
21,32,88,56,21,218.0,43.6,C,1.744,FAIL
15,32,86,41,18,192.0,38.4,C,1.536,FAIL
80,44,33,31,81,269.0,53.8,C+,2.152,FAIL
13,30,72,63,29,207.0,41.4,C,1.656,FAIL
61,85,85,99,39,369.0,73.8,B+,2.952,PASS
97,90,53,96,59,395.0,79.0,B+,3.16,PASS
10,51,18,14,56,149.0,29.8,NG,1.192,FAIL
22,50,36,23,36,167.0,33.4,NG,1.3359999999999999,FAIL
15,50,90,29,58,242.0,48.4,C,1.936,FAIL
7,60,49,48,66,230.0,46.0,C,1.84,FAIL
79,30,89,9,30,237.0,47.4,C,1.896,FAIL
56,27,41,11,64,199.0,39.8,C,1.592,FAIL
76,85,80,98,67,406.0,81.2,A,3.248,PASS
93,30,23,1,72,219.0,43.8,C,1.7519999999999998,FAIL
97,33,15,72,91,308.0,61.6,B,2.464,FAIL
33,60,60,50,76,279.0,55.8,C+,2.232,FAIL
90,94,97,98,4,383.0,76.6,B+,3.0639999999999996,FAIL
71,99,40,86,6,302.0,60.4,B,2.416,FAIL
10,90,73,20,67,260.0,52.0,C+,2.08,FAIL
32,46,6,75,96,255.0,51.0,C+,2.04,FAIL
48,31,32,16,80,207.0,41.4,C,1.656,FAIL
63,97,20,56,88,324.0,64.8,B,2.592,FAIL
83,51,56,94,37,321.0,64.2,B,2.568,PASS
29,50,63,50,82,274.0,54.8,C+,2.192,FAIL
98,69,27,25,66,285.0,57.0,C+,2.28,FAIL
50,36,42,98,77,303.0,60.6,B,2.424,PASS
43,32,61,9,41,186.0,37.2,C,1.4880000000000002,FAIL
28,89,96,76,76,365.0,73.0,B+,2.92,FAIL
14,97,7,39,3,160.0,32.0,NG,1.28,FAIL
57,46,24,65,95,287.0,57.4,C+,2.296,FAIL
43,25,37,74,45,224.0,44.8,C,1.7920000000000003,FAIL
13,1,60,36,72,182.0,36.4,C,1.456,FAIL
16,72,22,28,20,158.0,31.6,NG,1.264,FAIL
49,25,1,12,41,128.0,25.6,NG,1.024,FAIL
9,84,95,35,58,281.0,56.2,C+,2.248,FAIL
51,2,86,48,80,267.0,53.4,C+,2.136,FAIL
18,10,24,26,84,162.0,32.4,NG,1.296,FAIL
90,24,57,11,99,281.0,56.2,C+,2.248,FAIL
43,73,39,88,50,293.0,58.6,C+,2.344,PASS
25,17,78,56,4,180.0,36.0,C,1.44,FAIL
82,3,29,60,38,212.0,42.4,C,1.696,FAIL
84,59,13,71,78,305.0,61.0,B,2.44,FAIL
61,46,58,56,60,281.0,56.2,C+,2.248,PASS
38,45,21,16,53,173.0,34.6,NG,1.3839999999999997,FAIL
4,62,52,96,1,215.0,43.0,C,1.72,FAIL
60,95,19,70,70,314.0,62.8,B,2.512,FAIL
47,44,3,8,59,161.0,32.2,NG,1.288,FAIL
57,49,2,77,29,214.0,42.8,C,1.712,FAIL
56,32,44,87,90,309.0,61.8,B,2.472,FAIL
8,95,87,51,70,311.0,62.2,B,2.488,FAIL
61,48,62,20,22,213.0,42.6,C,1.704,FAIL
65,93,12,90,32,292.0,58.4,C+,2.336,FAIL
4,80,71,16,85,256.0,51.2,C+,2.048,FAIL
73,60,99,98,25,355.0,71.0,B+,2.84,FAIL
88,27,61,67,3,246.0,49.2,C,1.9680000000000002,FAIL
83,8,57,79,76,303.0,60.6,B,2.424,FAIL
74,36,1,14,53,178.0,35.6,C,1.4240000000000002,FAIL
5,70,23,43,4,145.0,29.0,NG,1.16,FAIL
22,48,8,61,51,190.0,38.0,C,1.52,FAIL
47,9,17,71,84,228.0,45.6,C,1.824,FAIL
36,51,46,2,62,197.0,39.4,C,1.5759999999999998,FAIL
83,1,61,65,73,283.0,56.6,C+,2.264,FAIL
25,26,33,35,86,205.0,41.0,C,1.64,FAIL
18,33,96,51,74,272.0,54.4,C+,2.176,FAIL
11,13,5,71,0,100.0,20.0,NG,0.8,FAIL
0,23,64,51,62,200.0,40.0,C,1.6,FAIL
39,82,76,7,83,287.0,57.4,C+,2.296,FAIL
26,69,42,19,23,179.0,35.8,C,1.432,FAIL
34,43,56,12,20,165.0,33.0,NG,1.32,FAIL
93,69,63,35,28,288.0,57.6,C+,2.304,FAIL
86,61,87,86,5,325.0,65.0,B,2.6,FAIL
25,73,88,38,72,296.0,59.2,C+,2.368,FAIL
15,64,81,5,10,175.0,35.0,C,1.4,FAIL
39,4,24,79,94,240.0,48.0,C,1.92,FAIL
69,62,67,99,64,361.0,72.2,B+,2.888,PASS
7,36,43,11,28,125.0,25.0,NG,1.0,FAIL
55,61,67,43,61,287.0,57.4,C+,2.296,PASS
61,94,27,28,15,225.0,45.0,C,1.8,FAIL
45,27,37,75,77,261.0,52.2,C+,2.088,FAIL
30,9,16,13,10,78.0,15.6,NG,0.624,FAIL
42,64,80,95,45,326.0,65.2,B,2.608,PASS
6,51,23,95,85,260.0,52.0,C+,2.08,FAIL
62,52,6,79,97,296.0,59.2,C+,2.368,FAIL
38,54,45,34,60,231.0,46.2,C,1.848,FAIL
84,7,80,33,81,285.0,57.0,C+,2.28,FAIL
9,21,41,30,82,183.0,36.6,C,1.464,FAIL
58,73,91,17,52,291.0,58.2,C+,2.328,FAIL
81,8,3,97,47,236.0,47.2,C,1.888,FAIL
55,6,4,80,10,155.0,31.0,NG,1.24,FAIL
53,10,65,41,95,264.0,52.8,C+,2.112,FAIL
0,77,3,91,61,232.0,46.4,C,1.8560000000000003,FAIL
91,41,16,30,97,275.0,55.0,C+,2.2,FAIL
56,27,94,53,22,252.0,50.4,C+,2.016,FAIL
11,14,90,52,66,233.0,46.6,C,1.864,FAIL
99,19,63,87,28,296.0,59.2,C+,2.368,FAIL
17,46,91,57,37,248.0,49.6,C,1.984,FAIL
72,10,46,98,10,236.0,47.2,C,1.888,FAIL
73,47,88,72,41,321.0,64.2,B,2.568,PASS
54,64,99,30,44,291.0,58.2,C+,2.328,FAIL
20,77,86,94,5,282.0,56.4,C+,2.256,FAIL
92,46,24,86,54,302.0,60.4,B,2.416,FAIL
65,34,73,15,8,195.0,39.0,C,1.56,FAIL
94,41,87,16,45,283.0,56.6,C+,2.264,FAIL
97,38,65,9,45,254.0,50.8,C+,2.032,FAIL
67,21,11,94,6,199.0,39.8,C,1.592,FAIL
25,81,89,83,17,295.0,59.0,C+,2.36,FAIL
63,94,3,17,61,238.0,47.6,C,1.9039999999999997,FAIL
26,52,15,6,87,186.0,37.2,C,1.4880000000000002,FAIL
18,47,77,26,35,203.0,40.6,C,1.624,FAIL
48,37,12,9,70,176.0,35.2,C,1.408,FAIL
94,72,33,48,6,253.0,50.6,C+,2.024,FAIL
88,49,71,0,29,237.0,47.4,C,1.896,FAIL
27,13,26,24,76,166.0,33.2,NG,1.328,FAIL
44,48,62,6,94,254.0,50.8,C+,2.032,FAIL
68,84,2,36,18,208.0,41.6,C,1.6640000000000001,FAIL
29,73,17,86,44,249.0,49.8,C,1.992,FAIL
79,76,4,90,65,314.0,62.8,B,2.512,FAIL
58,57,16,17,83,231.0,46.2,C,1.848,FAIL
11,97,63,20,19,210.0,42.0,C,1.68,FAIL
55,25,75,13,67,235.0,47.0,C,1.88,FAIL
23,38,74,68,55,258.0,51.6,C+,2.064,FAIL
61,38,57,95,10,261.0,52.2,C+,2.088,FAIL
13,75,18,0,50,156.0,31.2,NG,1.248,FAIL
99,16,25,89,66,295.0,59.0,C+,2.36,FAIL
26,36,66,33,67,228.0,45.6,C,1.824,FAIL
17,90,8,64,21,200.0,40.0,C,1.6,FAIL
41,59,58,47,62,267.0,53.4,C+,2.136,PASS
10,18,46,43,51,168.0,33.6,NG,1.344,FAIL
34,77,30,69,22,232.0,46.4,C,1.8560000000000003,FAIL
16,73,37,64,16,206.0,41.2,C,1.648,FAIL
35,42,83,80,31,271.0,54.2,C+,2.168,FAIL
91,2,97,75,71,336.0,67.2,B,2.688,FAIL
48,68,1,5,37,159.0,31.8,NG,1.272,FAIL
30,16,86,63,88,283.0,56.6,C+,2.264,FAIL
96,8,25,88,62,279.0,55.8,C+,2.232,FAIL
7,98,39,5,53,202.0,40.4,C,1.6160000000000003,FAIL
93,72,29,55,77,326.0,65.2,B,2.608,FAIL
16,98,18,53,41,226.0,45.2,C,1.808,FAIL
58,73,91,69,96,387.0,77.4,B+,3.096,PASS
2,5,83,18,0,108.0,21.6,NG,0.8640000000000001,FAIL
9,94,17,86,81,287.0,57.4,C+,2.296,FAIL
82,7,89,41,1,220.0,44.0,C,1.76,FAIL
29,86,24,68,30,237.0,47.4,C,1.896,FAIL
45,49,17,12,40,163.0,32.6,NG,1.304,FAIL
96,37,65,13,79,290.0,58.0,C+,2.32,FAIL
71,80,67,93,79,390.0,78.0,B+,3.12,PASS
74,26,90,10,4,204.0,40.8,C,1.632,FAIL
80,92,35,76,42,325.0,65.0,B,2.6,PASS
38,66,88,11,9,212.0,42.4,C,1.696,FAIL
29,0,88,44,64,225.0,45.0,C,1.8,FAIL
10,53,3,75,21,162.0,32.4,NG,1.296,FAIL
67,98,97,29,41,332.0,66.4,B,2.656,FAIL
76,22,39,64,61,262.0,52.4,C+,2.096,FAIL
29,68,38,93,91,319.0,63.8,B,2.552,FAIL
52,82,63,41,29,267.0,53.4,C+,2.136,FAIL
55,84,80,87,25,331.0,66.2,B,2.648,FAIL
92,57,93,33,8,283.0,56.6,C+,2.264,FAIL
78,71,4,44,4,201.0,40.2,C,1.608,FAIL
17,82,88,57,42,286.0,57.2,C+,2.288,FAIL
24,18,44,65,12,163.0,32.6,NG,1.304,FAIL
47,75,8,8,92,230.0,46.0,C,1.84,FAIL
82,48,28,85,63,306.0,61.2,B,2.448,FAIL
80,93,82,89,60,404.0,80.8,A,3.2320000000000007,PASS
64,50,8,66,8,196.0,39.2,C,1.568,FAIL
97,2,68,54,63,284.0,56.8,C+,2.272,FAIL
37,85,45,55,32,254.0,50.8,C+,2.032,FAIL
91,56,51,77,31,306.0,61.2,B,2.448,FAIL
78,38,79,48,84,327.0,65.4,B,2.616,PASS
76,80,9,31,56,252.0,50.4,C+,2.016,FAIL
37,65,48,41,71,262.0,52.4,C+,2.096,PASS
70,22,90,85,41,308.0,61.6,B,2.464,FAIL
78,15,98,34,53,278.0,55.6,C+,2.224,FAIL
25,11,13,21,36,106.0,21.2,NG,0.848,FAIL
85,20,44,98,58,305.0,61.0,B,2.44,FAIL
18,36,65,61,36,216.0,43.2,C,1.7280000000000002,FAIL
47,11,22,38,97,215.0,43.0,C,1.72,FAIL
71,54,0,64,11,200.0,40.0,C,1.6,FAIL
99,0,85,63,95,342.0,68.4,B,2.736,FAIL
52,65,12,80,36,245.0,49.0,C,1.96,FAIL
14,34,76,45,75,244.0,48.8,C,1.952,FAIL
40,59,80,68,78,325.0,65.0,B,2.6,PASS
9,2,57,52,60,180.0,36.0,C,1.44,FAIL
1,9,1,75,83,169.0,33.8,NG,1.352,FAIL
86,6,2,92,89,275.0,55.0,C+,2.2,FAIL
90,37,66,63,32,288.0,57.6,C+,2.304,FAIL
62,63,53,19,40,237.0,47.4,C,1.896,FAIL
61,1,99,58,25,244.0,48.8,C,1.952,FAIL
81,46,46,54,78,305.0,61.0,B,2.44,PASS
38,33,1,97,51,220.0,44.0,C,1.76,FAIL
7,99,97,88,93,384.0,76.8,B+,3.072,FAIL
31,97,55,95,44,322.0,64.4,B,2.576,FAIL
11,87,2,19,4,123.0,24.6,NG,0.9840000000000001,FAIL
28,58,49,60,91,286.0,57.2,C+,2.288,FAIL
66,5,51,52,56,230.0,46.0,C,1.84,FAIL
14,20,50,32,93,209.0,41.8,C,1.672,FAIL
70,73,22,7,11,183.0,36.6,C,1.464,FAIL
39,59,17,56,56,227.0,45.4,C,1.8159999999999998,FAIL
15,85,77,49,25,251.0,50.2,C+,2.008,FAIL
32,36,57,15,91,231.0,46.2,C,1.848,FAIL
67,92,90,57,86,392.0,78.4,B+,3.136,PASS
66,74,83,36,48,307.0,61.4,B,2.456,PASS
59,68,49,94,77,347.0,69.4,B,2.776,PASS
5,94,53,31,83,266.0,53.2,C+,2.128,FAIL
8,86,58,71,85,308.0,61.6,B,2.464,FAIL
53,30,79,74,79,315.0,63.0,B,2.52,FAIL
62,75,72,6,16,231.0,46.2,C,1.848,FAIL
25,31,18,87,60,221.0,44.2,C,1.768,FAIL
10,36,6,19,51,122.0,24.4,NG,0.976,FAIL
21,68,41,21,3,154.0,30.8,NG,1.232,FAIL
10,40,71,85,87,293.0,58.6,C+,2.344,FAIL
67,53,11,62,48,241.0,48.2,C,1.928,FAIL
21,83,66,73,92,335.0,67.0,B,2.68,FAIL
0,13,30,57,15,115.0,23.0,NG,0.92,FAIL
49,17,42,6,8,122.0,24.4,NG,0.976,FAIL
37,80,55,45,23,240.0,48.0,C,1.92,FAIL
38,50,72,34,28,222.0,44.4,C,1.776,FAIL
42,42,52,4,64,204.0,40.8,C,1.632,FAIL
14,14,53,14,44,139.0,27.8,NG,1.112,FAIL
62,69,76,31,84,322.0,64.4,B,2.576,FAIL
23,49,52,17,62,203.0,40.6,C,1.624,FAIL
9,0,54,2,91,156.0,31.2,NG,1.248,FAIL
60,26,23,99,92,300.0,60.0,B,2.4,FAIL
77,86,23,73,21,280.0,56.0,C+,2.24,FAIL
79,31,19,40,5,174.0,34.8,NG,1.392,FAIL
47,5,67,6,99,224.0,44.8,C,1.7920000000000003,FAIL
83,77,22,46,59,287.0,57.4,C+,2.296,FAIL
24,99,6,85,43,257.0,51.4,C+,2.056,FAIL
37,24,64,42,8,175.0,35.0,C,1.4,FAIL
77,34,97,4,29,241.0,48.2,C,1.928,FAIL
95,1,43,81,11,231.0,46.2,C,1.848,FAIL
62,16,8,14,14,114.0,22.8,NG,0.912,FAIL
47,42,26,10,93,218.0,43.6,C,1.744,FAIL
11,81,31,52,10,185.0,37.0,C,1.48,FAIL
90,29,18,87,36,260.0,52.0,C+,2.08,FAIL
9,79,71,85,66,310.0,62.0,B,2.48,FAIL
94,66,60,36,16,272.0,54.4,C+,2.176,FAIL
92,63,2,3,71,231.0,46.2,C,1.848,FAIL
26,81,68,83,98,356.0,71.2,B+,2.8480000000000003,FAIL
28,84,63,10,8,193.0,38.6,C,1.544,FAIL
73,38,90,3,24,228.0,45.6,C,1.824,FAIL
84,2,91,32,19,228.0,45.6,C,1.824,FAIL
92,65,7,0,39,203.0,40.6,C,1.624,FAIL
61,74,87,77,62,361.0,72.2,B+,2.888,PASS
60,35,16,15,41,167.0,33.4,NG,1.3359999999999999,FAIL
0,23,81,24,68,196.0,39.2,C,1.568,FAIL
20,82,70,92,42,306.0,61.2,B,2.448,FAIL
12,27,69,3,58,169.0,33.8,NG,1.352,FAIL
50,51,47,15,78,241.0,48.2,C,1.928,FAIL
24,73,19,90,10,216.0,43.2,C,1.7280000000000002,FAIL
89,39,6,72,33,239.0,47.8,C,1.912,FAIL
45,33,33,9,71,191.0,38.2,C,1.528,FAIL
77,42,5,70,37,231.0,46.2,C,1.848,FAIL
95,32,23,58,26,234.0,46.8,C,1.872,FAIL
51,43,52,73,68,287.0,57.4,C+,2.296,PASS
68,0,27,0,40,135.0,27.0,NG,1.08,FAIL
48,92,6,88,8,242.0,48.4,C,1.936,FAIL
7,60,0,10,95,172.0,34.4,NG,1.376,FAIL
1,88,21,60,99,269.0,53.8,C+,2.152,FAIL
69,13,62,32,7,183.0,36.6,C,1.464,FAIL
68,2,54,52,43,219.0,43.8,C,1.7519999999999998,FAIL
13,14,25,82,20,154.0,30.8,NG,1.232,FAIL
1,60,61,33,21,176.0,35.2,C,1.408,FAIL
71,3,28,95,0,197.0,39.4,C,1.5759999999999998,FAIL
29,57,88,85,68,327.0,65.4,B,2.616,FAIL
30,67,16,36,91,240.0,48.0,C,1.92,FAIL
93,5,56,88,97,339.0,67.8,B,2.7120000000000006,FAIL
13,92,6,23,12,146.0,29.2,NG,1.168,FAIL
81,99,98,2,16,296.0,59.2,C+,2.368,FAIL
83,9,27,98,40,257.0,51.4,C+,2.056,FAIL
19,98,50,51,72,290.0,58.0,C+,2.32,FAIL
2,86,79,21,67,255.0,51.0,C+,2.04,FAIL
97,56,93,15,17,278.0,55.6,C+,2.224,FAIL
96,74,92,11,2,275.0,55.0,C+,2.2,FAIL
65,42,52,14,73,246.0,49.2,C,1.9680000000000002,FAIL
67,86,32,0,65,250.0,50.0,C+,2.0,FAIL
13,18,84,29,66,210.0,42.0,C,1.68,FAIL
22,70,96,15,83,286.0,57.2,C+,2.288,FAIL
83,59,2,27,46,217.0,43.4,C,1.736,FAIL
11,22,43,49,59,184.0,36.8,C,1.472,FAIL
77,91,72,28,10,278.0,55.6,C+,2.224,FAIL
28,58,34,73,17,210.0,42.0,C,1.68,FAIL
18,95,8,48,3,172.0,34.4,NG,1.376,FAIL
87,26,2,86,64,265.0,53.0,C+,2.12,FAIL
82,78,92,36,21,309.0,61.8,B,2.472,FAIL
7,18,99,61,72,257.0,51.4,C+,2.056,FAIL
54,47,50,62,36,249.0,49.8,C,1.992,PASS
77,95,14,37,87,310.0,62.0,B,2.48,FAIL
48,73,36,53,47,257.0,51.4,C+,2.056,PASS
31,98,99,75,75,378.0,75.6,B+,3.0239999999999996,FAIL
5,57,37,34,27,160.0,32.0,NG,1.28,FAIL
76,43,88,75,88,370.0,74.0,B+,2.96,PASS
68,84,54,68,15,289.0,57.8,C+,2.312,FAIL
25,92,39,89,56,301.0,60.2,B,2.408,FAIL
64,41,22,28,73,228.0,45.6,C,1.824,FAIL
75,29,79,31,89,303.0,60.6,B,2.424,FAIL
99,85,46,91,7,328.0,65.6,B,2.6240000000000006,FAIL
38,44,13,23,2,120.0,24.0,NG,0.96,FAIL
71,14,23,76,78,262.0,52.4,C+,2.096,FAIL
90,88,50,8,43,279.0,55.8,C+,2.232,FAIL
94,94,85,22,83,378.0,75.6,B+,3.0239999999999996,FAIL
12,44,59,80,42,237.0,47.4,C,1.896,FAIL
70,62,50,61,62,305.0,61.0,B,2.44,PASS
93,41,68,3,96,301.0,60.2,B,2.408,FAIL
56,99,1,67,40,263.0,52.6,C+,2.104,FAIL
55,84,30,42,35,246.0,49.2,C,1.9680000000000002,FAIL
12,72,94,58,94,330.0,66.0,B,2.64,FAIL
94,11,97,25,42,269.0,53.8,C+,2.152,FAIL
41,86,1,62,75,265.0,53.0,C+,2.12,FAIL
53,89,42,99,1,284.0,56.8,C+,2.272,FAIL
53,50,59,64,16,242.0,48.4,C,1.936,FAIL
43,50,0,65,12,170.0,34.0,NG,1.36,FAIL
38,49,10,44,66,207.0,41.4,C,1.656,FAIL
74,49,44,50,79,296.0,59.2,C+,2.368,PASS
87,72,42,44,7,252.0,50.4,C+,2.016,FAIL
96,41,12,6,57,212.0,42.4,C,1.696,FAIL
97,93,81,38,29,338.0,67.6,B,2.704,FAIL
26,61,71,58,9,225.0,45.0,C,1.8,FAIL
9,74,95,61,91,330.0,66.0,B,2.64,FAIL
80,9,17,35,5,146.0,29.2,NG,1.168,FAIL
86,16,50,75,68,295.0,59.0,C+,2.36,FAIL
74,73,8,8,43,206.0,41.2,C,1.648,FAIL
87,95,96,51,77,406.0,81.2,A,3.248,PASS
18,35,46,35,51,185.0,37.0,C,1.48,FAIL
94,63,16,71,64,308.0,61.6,B,2.464,FAIL
40,49,66,37,40,232.0,46.4,C,1.8560000000000003,PASS
46,43,62,76,23,250.0,50.0,C+,2.0,FAIL
72,29,86,92,34,313.0,62.6,B,2.504,FAIL
29,90,35,39,61,254.0,50.8,C+,2.032,FAIL
84,73,82,98,3,340.0,68.0,B,2.72,FAIL
89,30,1,62,56,238.0,47.6,C,1.9039999999999997,FAIL
78,90,49,3,14,234.0,46.8,C,1.872,FAIL
74,52,37,72,95,330.0,66.0,B,2.64,PASS
5,86,20,38,24,173.0,34.6,NG,1.3839999999999997,FAIL
1,69,74,63,3,210.0,42.0,C,1.68,FAIL
35,13,63,1,63,175.0,35.0,C,1.4,FAIL
56,5,16,2,40,119.0,23.8,NG,0.9519999999999998,FAIL
3,11,74,66,95,249.0,49.8,C,1.992,FAIL
24,19,3,50,92,188.0,37.6,C,1.504,FAIL
19,77,22,11,47,176.0,35.2,C,1.408,FAIL
8,51,75,76,34,244.0,48.8,C,1.952,FAIL
90,26,86,92,92,386.0,77.2,B+,3.088,FAIL
53,27,60,23,4,167.0,33.4,NG,1.3359999999999999,FAIL
99,15,74,33,46,267.0,53.4,C+,2.136,FAIL
28,11,48,60,74,221.0,44.2,C,1.768,FAIL
56,97,9,11,86,259.0,51.8,C+,2.072,FAIL
63,46,81,97,9,296.0,59.2,C+,2.368,FAIL
20,88,59,40,44,251.0,50.2,C+,2.008,FAIL
97,91,76,35,55,354.0,70.8,B+,2.832,PASS
9,23,16,74,78,200.0,40.0,C,1.6,FAIL
6,0,77,50,50,183.0,36.6,C,1.464,FAIL
10,98,90,44,48,290.0,58.0,C+,2.32,FAIL
64,70,44,38,49,265.0,53.0,C+,2.12,PASS
82,86,41,21,86,316.0,63.2,B,2.528,FAIL
12,60,53,10,90,225.0,45.0,C,1.8,FAIL
63,23,39,18,88,231.0,46.2,C,1.848,FAIL
7,53,90,94,93,337.0,67.4,B,2.696,FAIL
95,73,57,83,62,370.0,74.0,B+,2.96,PASS
37,58,0,41,23,159.0,31.8,NG,1.272,FAIL
88,87,7,82,78,342.0,68.4,B,2.736,FAIL
60,38,47,43,77,265.0,53.0,C+,2.12,PASS
63,99,93,88,23,366.0,73.2,B+,2.928,FAIL
11,87,92,21,72,283.0,56.6,C+,2.264,FAIL
3,25,2,32,90,152.0,30.4,NG,1.216,FAIL
40,30,54,85,76,285.0,57.0,C+,2.28,FAIL
34,76,9,43,75,237.0,47.4,C,1.896,FAIL
1,51,7,23,23,105.0,21.0,NG,0.84,FAIL
88,89,82,91,54,404.0,80.8,A,3.2320000000000007,PASS
58,71,11,8,51,199.0,39.8,C,1.592,FAIL
14,64,24,39,18,159.0,31.8,NG,1.272,FAIL
36,46,94,67,38,281.0,56.2,C+,2.248,PASS
30,59,85,35,66,275.0,55.0,C+,2.2,FAIL
77,56,14,57,79,283.0,56.6,C+,2.264,FAIL
98,91,93,7,58,347.0,69.4,B,2.776,FAIL
86,86,44,17,68,301.0,60.2,B,2.408,FAIL
3,49,13,26,69,160.0,32.0,NG,1.28,FAIL
44,54,12,98,26,234.0,46.8,C,1.872,FAIL
63,49,18,68,89,287.0,57.4,C+,2.296,FAIL
4,47,4,51,88,194.0,38.8,C,1.5520000000000003,FAIL
40,75,80,97,32,324.0,64.8,B,2.592,FAIL
62,4,85,55,59,265.0,53.0,C+,2.12,FAIL
50,88,31,43,3,215.0,43.0,C,1.72,FAIL
72,66,81,27,72,318.0,63.6,B,2.544,FAIL
26,97,90,69,43,325.0,65.0,B,2.6,FAIL
18,55,49,2,88,212.0,42.4,C,1.696,FAIL
22,0,77,17,41,157.0,31.4,NG,1.256,FAIL
32,39,24,27,34,156.0,31.2,NG,1.248,FAIL
61,78,6,78,44,267.0,53.4,C+,2.136,FAIL
17,36,26,8,39,126.0,25.2,NG,1.008,FAIL
68,56,11,98,40,273.0,54.6,C+,2.184,FAIL
79,71,6,1,13,170.0,34.0,NG,1.36,FAIL
78,3,11,27,83,202.0,40.4,C,1.6160000000000003,FAIL
89,64,78,43,35,309.0,61.8,B,2.472,PASS
29,29,59,52,29,198.0,39.6,C,1.584,FAIL
34,71,33,0,12,150.0,30.0,NG,1.2,FAIL
28,6,87,50,16,187.0,37.4,C,1.496,FAIL
25,64,47,61,48,245.0,49.0,C,1.96,FAIL
7,23,52,55,63,200.0,40.0,C,1.6,FAIL
80,69,11,76,62,298.0,59.6,C+,2.384,FAIL
38,19,48,41,9,155.0,31.0,NG,1.24,FAIL
24,8,15,22,76,145.0,29.0,NG,1.16,FAIL
61,27,55,46,14,203.0,40.6,C,1.624,FAIL
5,92,81,17,13,208.0,41.6,C,1.6640000000000001,FAIL
66,96,3,31,61,257.0,51.4,C+,2.056,FAIL
44,92,53,87,52,328.0,65.6,B,2.6240000000000006,PASS
89,1,46,48,21,205.0,41.0,C,1.64,FAIL
89,83,43,77,50,342.0,68.4,B,2.736,PASS
73,2,73,21,85,254.0,50.8,C+,2.032,FAIL
15,10,0,66,10,101.0,20.2,NG,0.8080000000000002,FAIL
66,42,59,53,95,315.0,63.0,B,2.52,PASS
24,80,4,93,71,272.0,54.4,C+,2.176,FAIL
51,4,78,52,35,220.0,44.0,C,1.76,FAIL
72,24,65,56,69,286.0,57.2,C+,2.288,FAIL
76,14,11,26,19,146.0,29.2,NG,1.168,FAIL
80,8,9,95,89,281.0,56.2,C+,2.248,FAIL
16,73,9,98,73,269.0,53.8,C+,2.152,FAIL
85,1,10,53,60,209.0,41.8,C,1.672,FAIL
61,7,96,85,40,289.0,57.8,C+,2.312,FAIL
93,26,59,5,40,223.0,44.6,C,1.784,FAIL
48,58,63,60,91,320.0,64.0,B,2.56,PASS
14,26,4,19,96,159.0,31.8,NG,1.272,FAIL
31,98,78,94,0,301.0,60.2,B,2.408,FAIL
59,57,24,49,8,197.0,39.4,C,1.5759999999999998,FAIL
90,39,27,80,45,281.0,56.2,C+,2.248,FAIL
29,39,38,58,99,263.0,52.6,C+,2.104,FAIL
75,87,6,15,38,221.0,44.2,C,1.768,FAIL
19,72,37,52,97,277.0,55.4,C+,2.216,FAIL
49,96,41,13,30,229.0,45.8,C,1.832,FAIL
18,75,85,55,37,270.0,54.0,C+,2.16,FAIL
29,77,82,56,11,255.0,51.0,C+,2.04,FAIL
71,59,41,84,54,309.0,61.8,B,2.472,PASS
20,58,46,16,34,174.0,34.8,NG,1.392,FAIL
87,26,50,98,90,351.0,70.2,B+,2.8079999999999994,FAIL
12,19,1,58,37,127.0,25.4,NG,1.016,FAIL
95,21,81,98,58,353.0,70.6,B+,2.824,FAIL
29,3,54,97,65,248.0,49.6,C,1.984,FAIL
80,72,10,80,98,340.0,68.0,B,2.72,FAIL
46,89,84,94,47,360.0,72.0,B+,2.88,PASS
52,16,76,45,24,213.0,42.6,C,1.704,FAIL
56,41,47,37,43,224.0,44.8,C,1.7920000000000003,PASS
47,19,61,29,45,201.0,40.2,C,1.608,FAIL
38,59,2,58,73,230.0,46.0,C,1.84,FAIL
14,83,39,68,40,244.0,48.8,C,1.952,FAIL
43,40,6,18,63,170.0,34.0,NG,1.36,FAIL
32,35,41,28,41,177.0,35.4,C,1.416,FAIL
53,94,36,76,59,318.0,63.6,B,2.544,PASS
75,33,42,63,4,217.0,43.4,C,1.736,FAIL
54,78,51,55,49,287.0,57.4,C+,2.296,PASS
74,39,45,20,27,205.0,41.0,C,1.64,FAIL
10,13,22,43,5,93.0,18.6,NG,0.7440000000000001,FAIL
14,5,8,90,31,148.0,29.6,NG,1.184,FAIL
99,16,0,96,86,297.0,59.4,C+,2.376,FAIL
85,11,58,32,42,228.0,45.6,C,1.824,FAIL
76,12,4,22,23,137.0,27.4,NG,1.096,FAIL
88,95,51,13,46,293.0,58.6,C+,2.344,FAIL
54,61,77,61,29,282.0,56.4,C+,2.256,FAIL
15,86,89,79,34,303.0,60.6,B,2.424,FAIL
84,70,26,96,93,369.0,73.8,B+,2.952,FAIL
36,45,61,78,92,312.0,62.4,B,2.496,PASS
8,39,96,20,51,214.0,42.8,C,1.712,FAIL
79,65,32,44,96,316.0,63.2,B,2.528,FAIL
58,90,84,57,2,291.0,58.2,C+,2.328,FAIL
67,93,3,39,19,221.0,44.2,C,1.768,FAIL
90,70,0,49,65,274.0,54.8,C+,2.192,FAIL
73,34,15,27,73,222.0,44.4,C,1.776,FAIL
55,61,89,54,7,266.0,53.2,C+,2.128,FAIL
72,47,98,75,50,342.0,68.4,B,2.736,PASS
13,12,84,11,10,130.0,26.0,NG,1.04,FAIL
47,37,56,84,35,259.0,51.8,C+,2.072,PASS
81,84,53,25,2,245.0,49.0,C,1.96,FAIL
22,96,45,82,0,245.0,49.0,C,1.96,FAIL
3,64,34,17,63,181.0,36.2,C,1.4479999999999997,FAIL
26,89,42,84,36,277.0,55.4,C+,2.216,FAIL
89,79,80,67,52,367.0,73.4,B+,2.9360000000000004,PASS
29,99,47,76,33,284.0,56.8,C+,2.272,FAIL
89,30,49,20,40,228.0,45.6,C,1.824,FAIL
99,35,32,2,88,256.0,51.2,C+,2.048,FAIL
41,50,26,53,21,191.0,38.2,C,1.528,FAIL
20,91,16,17,23,167.0,33.4,NG,1.3359999999999999,FAIL
87,79,14,72,90,342.0,68.4,B,2.736,FAIL
82,65,66,64,46,323.0,64.6,B,2.5840000000000005,PASS
47,53,84,58,82,324.0,64.8,B,2.592,PASS
1,90,77,76,13,257.0,51.4,C+,2.056,FAIL
1,61,8,18,24,112.0,22.4,NG,0.8960000000000001,FAIL
61,63,55,17,72,268.0,53.6,C+,2.144,FAIL
66,6,59,6,80,217.0,43.4,C,1.736,FAIL
22,50,10,9,96,187.0,37.4,C,1.496,FAIL
38,27,55,12,51,183.0,36.6,C,1.464,FAIL
76,53,61,78,8,276.0,55.2,C+,2.208,FAIL
82,41,31,68,6,228.0,45.6,C,1.824,FAIL
9,27,15,85,79,215.0,43.0,C,1.72,FAIL
69,84,99,20,92,364.0,72.8,B+,2.912,FAIL
37,88,22,85,14,246.0,49.2,C,1.9680000000000002,FAIL
71,69,58,75,78,351.0,70.2,B+,2.8079999999999994,PASS
48,96,37,90,5,276.0,55.2,C+,2.208,FAIL
86,92,89,83,72,422.0,84.4,A,3.3759999999999994,PASS
58,44,10,93,5,210.0,42.0,C,1.68,FAIL
49,99,93,96,96,433.0,86.6,A,3.464,PASS
37,57,14,87,59,254.0,50.8,C+,2.032,FAIL
68,31,4,59,1,163.0,32.6,NG,1.304,FAIL
24,6,70,3,51,154.0,30.8,NG,1.232,FAIL
44,48,50,39,13,194.0,38.8,C,1.5520000000000003,FAIL
27,37,9,66,94,233.0,46.6,C,1.864,FAIL
31,29,5,75,62,202.0,40.4,C,1.6160000000000003,FAIL
59,24,87,55,40,265.0,53.0,C+,2.12,FAIL
7,60,5,42,74,188.0,37.6,C,1.504,FAIL
32,89,50,37,91,299.0,59.8,C+,2.392,FAIL
62,9,17,14,98,200.0,40.0,C,1.6,FAIL
2,22,46,8,28,106.0,21.2,NG,0.848,FAIL
96,62,56,74,6,294.0,58.8,C+,2.352,FAIL
65,90,21,49,83,308.0,61.6,B,2.464,FAIL
92,47,98,39,85,361.0,72.2,B+,2.888,PASS
96,90,21,9,27,243.0,48.6,C,1.944,FAIL
28,41,2,91,63,225.0,45.0,C,1.8,FAIL
59,95,10,93,16,273.0,54.6,C+,2.184,FAIL
16,96,74,60,46,292.0,58.4,C+,2.336,FAIL
7,43,76,5,57,188.0,37.6,C,1.504,FAIL
5,27,96,46,99,273.0,54.6,C+,2.184,FAIL
21,85,75,49,23,253.0,50.6,C+,2.024,FAIL
30,91,88,21,87,317.0,63.4,B,2.536,FAIL
41,55,49,68,47,260.0,52.0,C+,2.08,PASS
15,42,30,49,68,204.0,40.8,C,1.632,FAIL
86,54,16,61,12,229.0,45.8,C,1.832,FAIL
39,83,9,72,64,267.0,53.4,C+,2.136,FAIL
30,8,48,38,20,144.0,28.8,NG,1.152,FAIL
96,45,84,9,67,301.0,60.2,B,2.408,FAIL
40,22,75,29,54,220.0,44.0,C,1.76,FAIL
13,10,48,50,29,150.0,30.0,NG,1.2,FAIL
8,30,16,70,13,137.0,27.4,NG,1.096,FAIL
91,50,97,86,98,422.0,84.4,A,3.3759999999999994,PASS
79,35,69,6,13,202.0,40.4,C,1.6160000000000003,FAIL
86,28,49,99,57,319.0,63.8,B,2.552,FAIL
85,21,88,86,19,299.0,59.8,C+,2.392,FAIL
80,6,44,96,23,249.0,49.8,C,1.992,FAIL
37,42,97,67,18,261.0,52.2,C+,2.088,FAIL
81,14,99,68,49,311.0,62.2,B,2.488,FAIL
63,30,24,71,63,251.0,50.2,C+,2.008,FAIL
87,36,25,72,79,299.0,59.8,C+,2.392,FAIL
50,38,9,20,57,174.0,34.8,NG,1.392,FAIL
14,34,73,82,64,267.0,53.4,C+,2.136,FAIL
19,92,15,35,8,169.0,33.8,NG,1.352,FAIL
10,29,14,77,93,223.0,44.6,C,1.784,FAIL
29,4,7,56,58,154.0,30.8,NG,1.232,FAIL
48,87,81,65,91,372.0,74.4,B+,2.9760000000000004,PASS
45,18,10,0,4,77.0,15.4,NG,0.616,FAIL
98,3,35,87,21,244.0,48.8,C,1.952,FAIL
2,64,78,2,26,172.0,34.4,NG,1.376,FAIL
1,21,35,27,53,137.0,27.4,NG,1.096,FAIL
10,10,55,86,89,250.0,50.0,C+,2.0,FAIL
18,71,79,89,68,325.0,65.0,B,2.6,FAIL
4,13,48,29,36,130.0,26.0,NG,1.04,FAIL
3,81,17,19,89,209.0,41.8,C,1.672,FAIL
20,9,60,38,52,179.0,35.8,C,1.432,FAIL
2,6,91,73,91,263.0,52.6,C+,2.104,FAIL
97,23,38,1,40,199.0,39.8,C,1.592,FAIL
60,66,94,41,90,351.0,70.2,B+,2.8079999999999994,PASS
37,56,57,3,52,205.0,41.0,C,1.64,FAIL
42,62,31,54,6,195.0,39.0,C,1.56,FAIL
28,67,4,33,0,132.0,26.4,NG,1.056,FAIL
79,37,83,13,67,279.0,55.8,C+,2.232,FAIL
40,21,85,73,80,299.0,59.8,C+,2.392,FAIL
62,5,20,64,85,236.0,47.2,C,1.888,FAIL
98,33,93,73,54,351.0,70.2,B+,2.8079999999999994,FAIL
98,32,67,70,27,294.0,58.8,C+,2.352,FAIL
5,16,61,27,39,148.0,29.6,NG,1.184,FAIL
41,8,98,65,15,227.0,45.4,C,1.8159999999999998,FAIL
9,16,44,58,64,191.0,38.2,C,1.528,FAIL
80,73,40,85,43,321.0,64.2,B,2.568,PASS
54,64,31,27,91,267.0,53.4,C+,2.136,FAIL
13,84,45,39,18,199.0,39.8,C,1.592,FAIL
92,71,83,55,17,318.0,63.6,B,2.544,FAIL
99,78,27,68,37,309.0,61.8,B,2.472,FAIL
58,59,6,49,78,250.0,50.0,C+,2.0,FAIL
54,7,60,91,35,247.0,49.4,C,1.976,FAIL
20,88,90,56,47,301.0,60.2,B,2.408,FAIL
44,89,95,54,25,307.0,61.4,B,2.456,FAIL
50,52,66,74,99,341.0,68.2,B,2.728,PASS
5,55,81,82,11,234.0,46.8,C,1.872,FAIL
27,1,81,91,52,252.0,50.4,C+,2.016,FAIL
69,41,27,52,55,244.0,48.8,C,1.952,FAIL
68,16,78,98,83,343.0,68.6,B,2.744,FAIL
13,57,0,0,19,89.0,17.8,NG,0.7120000000000001,FAIL
0,46,9,45,87,187.0,37.4,C,1.496,FAIL
3,47,18,83,2,153.0,30.6,NG,1.224,FAIL
27,15,68,73,72,255.0,51.0,C+,2.04,FAIL
19,22,90,44,60,235.0,47.0,C,1.88,FAIL
2,94,64,54,35,249.0,49.8,C,1.992,FAIL
46,19,83,28,15,191.0,38.2,C,1.528,FAIL
38,62,59,44,66,269.0,53.8,C+,2.152,PASS
51,34,14,30,83,212.0,42.4,C,1.696,FAIL
73,45,91,64,32,305.0,61.0,B,2.44,FAIL
26,59,51,38,16,190.0,38.0,C,1.52,FAIL
43,16,16,84,62,221.0,44.2,C,1.768,FAIL
61,82,91,21,73,328.0,65.6,B,2.6240000000000006,FAIL
82,70,85,75,9,321.0,64.2,B,2.568,FAIL
24,2,21,14,64,125.0,25.0,NG,1.0,FAIL
22,88,56,95,23,284.0,56.8,C+,2.272,FAIL
97,60,97,93,47,394.0,78.8,B+,3.1519999999999997,PASS
20,9,1,29,83,142.0,28.4,NG,1.136,FAIL
64,96,97,85,96,438.0,87.6,A,3.5039999999999996,PASS
84,25,34,94,50,287.0,57.4,C+,2.296,FAIL
12,2,83,86,3,186.0,37.2,C,1.4880000000000002,FAIL
19,76,24,39,34,192.0,38.4,C,1.536,FAIL
54,81,73,94,8,310.0,62.0,B,2.48,FAIL
28,99,99,96,35,357.0,71.4,B+,2.856,FAIL
18,20,80,97,94,309.0,61.8,B,2.472,FAIL
52,63,93,93,76,377.0,75.4,B+,3.016,PASS
96,4,23,29,41,193.0,38.6,C,1.544,FAIL
32,63,54,32,99,280.0,56.0,C+,2.24,FAIL
37,16,48,54,83,238.0,47.6,C,1.9039999999999997,FAIL
19,15,66,27,89,216.0,43.2,C,1.7280000000000002,FAIL
65,55,49,52,88,309.0,61.8,B,2.472,PASS
56,2,8,10,45,121.0,24.2,NG,0.968,FAIL
24,91,33,16,86,250.0,50.0,C+,2.0,FAIL
57,17,94,32,47,247.0,49.4,C,1.976,FAIL
58,22,54,35,24,193.0,38.6,C,1.544,FAIL
73,41,57,82,21,274.0,54.8,C+,2.192,FAIL
71,16,59,70,6,222.0,44.4,C,1.776,FAIL
16,3,82,92,13,206.0,41.2,C,1.648,FAIL
29,54,96,76,55,310.0,62.0,B,2.48,FAIL
10,72,46,90,54,272.0,54.4,C+,2.176,FAIL
57,96,1,40,92,286.0,57.2,C+,2.288,FAIL
39,63,8,8,94,212.0,42.4,C,1.696,FAIL
56,94,38,84,37,309.0,61.8,B,2.472,PASS
61,98,61,87,31,338.0,67.6,B,2.704,FAIL
15,71,83,87,92,348.0,69.6,B,2.784,FAIL
65,64,42,68,6,245.0,49.0,C,1.96,FAIL
2,22,93,69,49,235.0,47.0,C,1.88,FAIL
51,30,85,78,69,313.0,62.6,B,2.504,FAIL
27,58,81,40,98,304.0,60.8,B,2.432,FAIL
1,16,61,23,44,145.0,29.0,NG,1.16,FAIL
23,78,31,83,9,224.0,44.8,C,1.7920000000000003,FAIL
8,44,56,57,64,229.0,45.8,C,1.832,FAIL
19,12,25,42,12,110.0,22.0,NG,0.88,FAIL
50,47,49,20,64,230.0,46.0,C,1.84,FAIL
79,53,74,18,0,224.0,44.8,C,1.7920000000000003,FAIL
61,13,31,77,51,233.0,46.6,C,1.864,FAIL
10,57,49,99,71,286.0,57.2,C+,2.288,FAIL
10,28,57,43,69,207.0,41.4,C,1.656,FAIL
81,67,80,89,34,351.0,70.2,B+,2.8079999999999994,FAIL
1,53,10,63,95,222.0,44.4,C,1.776,FAIL
9,69,78,59,38,253.0,50.6,C+,2.024,FAIL
51,41,89,83,1,265.0,53.0,C+,2.12,FAIL
33,33,0,57,72,195.0,39.0,C,1.56,FAIL
33,53,89,93,50,318.0,63.6,B,2.544,FAIL
33,19,0,37,51,140.0,28.0,NG,1.12,FAIL
92,58,3,72,91,316.0,63.2,B,2.528,FAIL
35,30,31,84,99,279.0,55.8,C+,2.232,FAIL
1,99,60,49,25,234.0,46.8,C,1.872,FAIL
84,48,60,40,84,316.0,63.2,B,2.528,PASS
23,94,3,30,6,156.0,31.2,NG,1.248,FAIL
53,43,55,23,75,249.0,49.8,C,1.992,FAIL
31,26,40,0,30,127.0,25.4,NG,1.016,FAIL
26,38,67,51,97,279.0,55.8,C+,2.232,FAIL
43,92,25,93,95,348.0,69.6,B,2.784,FAIL
54,26,20,44,82,226.0,45.2,C,1.808,FAIL
73,27,6,89,69,264.0,52.8,C+,2.112,FAIL
37,84,21,75,29,246.0,49.2,C,1.9680000000000002,FAIL
61,10,18,58,30,177.0,35.4,C,1.416,FAIL
27,70,65,75,19,256.0,51.2,C+,2.048,FAIL
88,22,85,75,64,334.0,66.8,B,2.6719999999999997,FAIL
81,28,14,69,61,253.0,50.6,C+,2.024,FAIL
52,77,70,39,62,300.0,60.0,B,2.4,PASS
71,46,98,2,89,306.0,61.2,B,2.448,FAIL
0,93,32,16,6,147.0,29.4,NG,1.176,FAIL
68,98,46,55,23,290.0,58.0,C+,2.32,FAIL
55,80,41,30,73,279.0,55.8,C+,2.232,FAIL
62,25,30,20,23,160.0,32.0,NG,1.28,FAIL
72,43,51,68,37,271.0,54.2,C+,2.168,PASS
81,7,86,68,26,268.0,53.6,C+,2.144,FAIL
45,79,79,34,58,295.0,59.0,C+,2.36,FAIL
40,21,88,4,8,161.0,32.2,NG,1.288,FAIL
10,65,17,98,69,259.0,51.8,C+,2.072,FAIL
67,11,36,72,46,232.0,46.4,C,1.8560000000000003,FAIL
68,43,17,85,6,219.0,43.8,C,1.7519999999999998,FAIL
14,0,40,19,2,75.0,15.0,NG,0.6,FAIL
65,86,47,8,79,285.0,57.0,C+,2.28,FAIL
17,43,44,69,5,178.0,35.6,C,1.4240000000000002,FAIL
4,16,26,74,43,163.0,32.6,NG,1.304,FAIL
45,93,4,45,17,204.0,40.8,C,1.632,FAIL
78,27,64,97,11,277.0,55.4,C+,2.216,FAIL
86,82,11,96,57,332.0,66.4,B,2.656,FAIL
98,74,43,37,42,294.0,58.8,C+,2.352,PASS
2,44,57,36,69,208.0,41.6,C,1.6640000000000001,FAIL
32,28,2,40,6,108.0,21.6,NG,0.8640000000000001,FAIL
76,46,75,70,67,334.0,66.8,B,2.6719999999999997,PASS
77,89,32,32,86,316.0,63.2,B,2.528,FAIL
36,26,31,99,24,216.0,43.2,C,1.7280000000000002,FAIL
34,55,43,29,88,249.0,49.8,C,1.992,FAIL
62,75,24,36,56,253.0,50.6,C+,2.024,FAIL
37,10,4,99,25,175.0,35.0,C,1.4,FAIL
64,57,12,77,18,228.0,45.6,C,1.824,FAIL
80,31,90,27,81,309.0,61.8,B,2.472,FAIL
46,80,16,41,6,189.0,37.8,C,1.5119999999999998,FAIL
6,30,24,43,79,182.0,36.4,C,1.456,FAIL
27,37,12,99,72,247.0,49.4,C,1.976,FAIL
32,32,74,91,91,320.0,64.0,B,2.56,FAIL
45,55,44,2,97,243.0,48.6,C,1.944,FAIL
30,93,16,12,13,164.0,32.8,NG,1.3120000000000003,FAIL
69,61,65,29,43,267.0,53.4,C+,2.136,FAIL
79,8,8,30,76,201.0,40.2,C,1.608,FAIL
85,34,86,36,65,306.0,61.2,B,2.448,FAIL
12,37,96,16,12,173.0,34.6,NG,1.3839999999999997,FAIL
13,8,2,4,80,107.0,21.4,NG,0.856,FAIL
26,13,18,28,44,129.0,25.8,NG,1.032,FAIL
39,8,51,65,5,168.0,33.6,NG,1.344,FAIL
24,1,56,83,10,174.0,34.8,NG,1.392,FAIL
59,34,61,13,92,259.0,51.8,C+,2.072,FAIL
83,40,52,55,18,248.0,49.6,C,1.984,FAIL
84,4,75,16,87,266.0,53.2,C+,2.128,FAIL
63,63,0,72,84,282.0,56.4,C+,2.256,FAIL
47,78,31,9,72,237.0,47.4,C,1.896,FAIL
55,35,58,55,37,240.0,48.0,C,1.92,PASS
51,75,38,21,16,201.0,40.2,C,1.608,FAIL
2,72,49,29,57,209.0,41.8,C,1.672,FAIL
51,18,16,69,40,194.0,38.8,C,1.5520000000000003,FAIL
99,31,41,42,33,246.0,49.2,C,1.9680000000000002,FAIL
35,51,14,4,55,159.0,31.8,NG,1.272,FAIL
17,84,78,64,43,286.0,57.2,C+,2.288,FAIL
28,16,98,16,63,221.0,44.2,C,1.768,FAIL
2,54,87,34,90,267.0,53.4,C+,2.136,FAIL
8,48,49,20,12,137.0,27.4,NG,1.096,FAIL
22,26,66,30,9,153.0,30.6,NG,1.224,FAIL
16,29,79,50,44,218.0,43.6,C,1.744,FAIL
75,34,14,19,86,228.0,45.6,C,1.824,FAIL
51,51,28,76,99,305.0,61.0,B,2.44,FAIL
35,57,58,45,47,242.0,48.4,C,1.936,PASS
69,9,11,2,88,179.0,35.8,C,1.432,FAIL
12,48,43,56,59,218.0,43.6,C,1.744,FAIL
44,50,70,26,62,252.0,50.4,C+,2.016,FAIL
37,16,60,34,59,206.0,41.2,C,1.648,FAIL
10,45,23,36,24,138.0,27.6,NG,1.104,FAIL
35,3,94,4,61,197.0,39.4,C,1.5759999999999998,FAIL
88,37,38,64,75,302.0,60.4,B,2.416,PASS
9,5,0,34,85,133.0,26.6,NG,1.064,FAIL
29,83,39,69,82,302.0,60.4,B,2.416,FAIL
42,53,37,92,44,268.0,53.6,C+,2.144,PASS
64,52,97,32,60,305.0,61.0,B,2.44,FAIL
79,23,11,24,61,198.0,39.6,C,1.584,FAIL
16,25,61,21,73,196.0,39.2,C,1.568,FAIL
21,1,23,45,48,138.0,27.6,NG,1.104,FAIL
50,36,79,45,87,297.0,59.4,C+,2.376,PASS
94,22,58,35,24,233.0,46.6,C,1.864,FAIL
25,73,79,16,12,205.0,41.0,C,1.64,FAIL
77,79,44,7,36,243.0,48.6,C,1.944,FAIL
8,11,72,10,38,139.0,27.8,NG,1.112,FAIL
91,18,50,46,78,283.0,56.6,C+,2.264,FAIL
98,15,6,14,86,219.0,43.8,C,1.7519999999999998,FAIL
84,56,95,66,95,396.0,79.2,B+,3.168,PASS
33,6,90,82,68,279.0,55.8,C+,2.232,FAIL
27,34,48,20,81,210.0,42.0,C,1.68,FAIL
72,75,81,85,21,334.0,66.8,B,2.6719999999999997,FAIL
52,68,0,50,27,197.0,39.4,C,1.5759999999999998,FAIL
58,55,30,99,26,268.0,53.6,C+,2.144,FAIL
50,19,80,68,50,267.0,53.4,C+,2.136,FAIL
21,44,30,54,11,160.0,32.0,NG,1.28,FAIL
72,63,21,99,44,299.0,59.8,C+,2.392,FAIL
76,79,96,68,64,383.0,76.6,B+,3.0639999999999996,PASS
91,17,94,9,36,247.0,49.4,C,1.976,FAIL
4,71,40,34,85,234.0,46.8,C,1.872,FAIL
40,16,83,32,86,257.0,51.4,C+,2.056,FAIL
73,34,73,73,17,270.0,54.0,C+,2.16,FAIL
80,19,35,43,7,184.0,36.8,C,1.472,FAIL
50,30,77,93,99,349.0,69.8,B,2.792,FAIL
40,85,82,46,36,289.0,57.8,C+,2.312,PASS
43,28,15,50,68,204.0,40.8,C,1.632,FAIL
93,2,77,33,40,245.0,49.0,C,1.96,FAIL
58,80,53,30,3,224.0,44.8,C,1.7920000000000003,FAIL
10,87,89,90,27,303.0,60.6,B,2.424,FAIL
64,66,53,0,57,240.0,48.0,C,1.92,FAIL
86,35,94,80,60,355.0,71.0,B+,2.84,PASS
48,17,24,91,43,223.0,44.6,C,1.784,FAIL
72,4,81,73,81,311.0,62.2,B,2.488,FAIL
25,2,89,51,68,235.0,47.0,C,1.88,FAIL
96,73,65,97,38,369.0,73.8,B+,2.952,PASS
11,65,37,23,55,191.0,38.2,C,1.528,FAIL
79,19,51,40,44,233.0,46.6,C,1.864,FAIL
78,58,28,82,35,281.0,56.2,C+,2.248,FAIL
39,99,76,44,65,323.0,64.6,B,2.5840000000000005,PASS
0,37,94,15,72,218.0,43.6,C,1.744,FAIL
44,32,41,45,27,189.0,37.8,C,1.5119999999999998,FAIL
10,89,44,48,56,247.0,49.4,C,1.976,FAIL
54,81,33,16,55,239.0,47.8,C,1.912,FAIL
14,1,11,96,77,199.0,39.8,C,1.592,FAIL
65,46,72,55,53,291.0,58.2,C+,2.328,PASS
7,65,28,79,71,250.0,50.0,C+,2.0,FAIL
7,27,0,91,13,138.0,27.6,NG,1.104,FAIL
4,43,55,57,22,181.0,36.2,C,1.4479999999999997,FAIL
50,68,14,82,83,297.0,59.4,C+,2.376,FAIL
87,56,48,81,68,340.0,68.0,B,2.72,PASS
87,71,49,9,61,277.0,55.4,C+,2.216,FAIL
46,54,95,4,51,250.0,50.0,C+,2.0,FAIL
71,81,62,94,77,385.0,77.0,B+,3.08,PASS
17,53,75,60,5,210.0,42.0,C,1.68,FAIL
5,74,35,85,34,233.0,46.6,C,1.864,FAIL
33,68,81,80,85,347.0,69.4,B,2.776,FAIL
23,80,17,66,93,279.0,55.8,C+,2.232,FAIL
59,20,6,45,63,193.0,38.6,C,1.544,FAIL
61,88,40,44,53,286.0,57.2,C+,2.288,PASS
53,79,78,19,29,258.0,51.6,C+,2.064,FAIL
94,85,9,67,62,317.0,63.4,B,2.536,FAIL
17,73,52,63,29,234.0,46.8,C,1.872,FAIL
24,31,52,87,2,196.0,39.2,C,1.568,FAIL
18,7,30,55,93,203.0,40.6,C,1.624,FAIL
22,30,99,2,29,182.0,36.4,C,1.456,FAIL
6,42,67,84,7,206.0,41.2,C,1.648,FAIL
3,89,36,75,62,265.0,53.0,C+,2.12,FAIL
42,42,23,3,68,178.0,35.6,C,1.4240000000000002,FAIL
1,36,11,87,20,155.0,31.0,NG,1.24,FAIL
18,25,61,29,87,220.0,44.0,C,1.76,FAIL
48,22,45,94,96,305.0,61.0,B,2.44,FAIL
35,86,74,52,45,292.0,58.4,C+,2.336,PASS
62,97,82,88,76,405.0,81.0,A,3.24,PASS
76,4,94,25,80,279.0,55.8,C+,2.232,FAIL
44,85,88,27,26,270.0,54.0,C+,2.16,FAIL
87,72,15,30,60,264.0,52.8,C+,2.112,FAIL
61,85,96,9,29,280.0,56.0,C+,2.24,FAIL
82,12,63,41,51,249.0,49.8,C,1.992,FAIL
50,76,15,36,87,264.0,52.8,C+,2.112,FAIL
20,58,50,31,25,184.0,36.8,C,1.472,FAIL
45,57,13,23,5,143.0,28.6,NG,1.144,FAIL
22,92,75,21,78,288.0,57.6,C+,2.304,FAIL
98,97,18,20,98,331.0,66.2,B,2.648,FAIL
39,69,33,99,96,336.0,67.2,B,2.688,FAIL
65,21,52,32,78,248.0,49.6,C,1.984,FAIL
66,13,11,93,50,233.0,46.6,C,1.864,FAIL
88,18,4,87,46,243.0,48.6,C,1.944,FAIL
97,82,93,53,23,348.0,69.6,B,2.784,FAIL
31,21,95,22,41,210.0,42.0,C,1.68,FAIL
49,89,33,88,85,344.0,68.8,B,2.752,FAIL
24,69,88,91,48,320.0,64.0,B,2.56,FAIL
17,13,15,15,68,128.0,25.6,NG,1.024,FAIL
70,49,91,10,42,262.0,52.4,C+,2.096,FAIL
61,45,7,89,59,261.0,52.2,C+,2.088,FAIL
94,51,0,76,84,305.0,61.0,B,2.44,FAIL
52,51,18,65,79,265.0,53.0,C+,2.12,FAIL
50,14,93,57,96,310.0,62.0,B,2.48,FAIL
24,85,95,39,91,334.0,66.8,B,2.6719999999999997,FAIL
6,92,15,51,35,199.0,39.8,C,1.592,FAIL
31,50,40,75,47,243.0,48.6,C,1.944,FAIL
55,37,39,2,33,166.0,33.2,NG,1.328,FAIL
69,73,45,87,88,362.0,72.4,B+,2.8959999999999995,PASS
12,35,80,44,33,204.0,40.8,C,1.632,FAIL
6,82,41,20,8,157.0,31.4,NG,1.256,FAIL
11,46,99,24,58,238.0,47.6,C,1.9039999999999997,FAIL
53,59,50,6,97,265.0,53.0,C+,2.12,FAIL
30,6,8,67,87,198.0,39.6,C,1.584,FAIL
73,84,0,99,43,299.0,59.8,C+,2.392,FAIL
19,85,33,41,59,237.0,47.4,C,1.896,FAIL
94,52,81,20,62,309.0,61.8,B,2.472,FAIL
13,18,52,58,85,226.0,45.2,C,1.808,FAIL
84,73,78,87,63,385.0,77.0,B+,3.08,PASS
53,87,84,82,74,380.0,76.0,B+,3.04,PASS
70,61,69,32,14,246.0,49.2,C,1.9680000000000002,FAIL
0,34,84,52,80,250.0,50.0,C+,2.0,FAIL
53,6,27,31,37,154.0,30.8,NG,1.232,FAIL
10,1,50,62,99,222.0,44.4,C,1.776,FAIL
46,99,20,39,71,275.0,55.0,C+,2.2,FAIL
76,34,68,3,67,248.0,49.6,C,1.984,FAIL
61,77,49,32,54,273.0,54.6,C+,2.184,FAIL
42,77,95,8,78,300.0,60.0,B,2.4,FAIL
88,7,32,80,24,231.0,46.2,C,1.848,FAIL
37,87,19,6,53,202.0,40.4,C,1.6160000000000003,FAIL
79,61,59,70,54,323.0,64.6,B,2.5840000000000005,PASS
29,29,95,82,87,322.0,64.4,B,2.576,FAIL
45,48,25,24,19,161.0,32.2,NG,1.288,FAIL
47,10,69,99,14,239.0,47.8,C,1.912,FAIL
59,58,82,94,93,386.0,77.2,B+,3.088,PASS
57,74,46,57,84,318.0,63.6,B,2.544,PASS
71,91,40,65,54,321.0,64.2,B,2.568,PASS
50,20,26,46,32,174.0,34.8,NG,1.392,FAIL
98,69,26,7,63,263.0,52.6,C+,2.104,FAIL
85,5,56,49,64,259.0,51.8,C+,2.072,FAIL
7,29,48,93,71,248.0,49.6,C,1.984,FAIL
6,88,39,30,28,191.0,38.2,C,1.528,FAIL
38,10,42,52,38,180.0,36.0,C,1.44,FAIL
95,72,90,3,10,270.0,54.0,C+,2.16,FAIL
35,37,3,92,76,243.0,48.6,C,1.944,FAIL
14,18,78,74,91,275.0,55.0,C+,2.2,FAIL
13,54,79,5,14,165.0,33.0,NG,1.32,FAIL
24,14,48,23,77,186.0,37.2,C,1.4880000000000002,FAIL
67,3,65,47,15,197.0,39.4,C,1.5759999999999998,FAIL
2,81,46,87,24,240.0,48.0,C,1.92,FAIL
16,44,18,47,71,196.0,39.2,C,1.568,FAIL
16,92,3,38,82,231.0,46.2,C,1.848,FAIL
32,42,36,61,50,221.0,44.2,C,1.768,FAIL
99,33,52,89,96,369.0,73.8,B+,2.952,FAIL
15,43,21,93,87,259.0,51.8,C+,2.072,FAIL
8,34,86,42,78,248.0,49.6,C,1.984,FAIL
50,24,97,95,15,281.0,56.2,C+,2.248,FAIL
64,84,49,6,21,224.0,44.8,C,1.7920000000000003,FAIL
98,56,88,82,75,399.0,79.8,B+,3.1920000000000006,PASS
49,68,63,9,88,277.0,55.4,C+,2.216,FAIL
93,62,65,21,56,297.0,59.4,C+,2.376,FAIL
19,18,82,26,41,186.0,37.2,C,1.4880000000000002,FAIL
72,59,79,69,2,281.0,56.2,C+,2.248,FAIL
35,32,71,30,42,210.0,42.0,C,1.68,FAIL
26,65,79,9,35,214.0,42.8,C,1.712,FAIL
15,22,83,26,27,173.0,34.6,NG,1.3839999999999997,FAIL
49,0,4,79,50,182.0,36.4,C,1.456,FAIL
74,57,25,73,11,240.0,48.0,C,1.92,FAIL
50,46,38,89,37,260.0,52.0,C+,2.08,PASS
89,99,28,27,71,314.0,62.8,B,2.512,FAIL
84,28,72,67,16,267.0,53.4,C+,2.136,FAIL
79,3,84,97,7,270.0,54.0,C+,2.16,FAIL
38,38,92,41,39,248.0,49.6,C,1.984,PASS
69,68,26,92,69,324.0,64.8,B,2.592,FAIL
2,52,68,69,22,213.0,42.6,C,1.704,FAIL
95,90,60,32,48,325.0,65.0,B,2.6,FAIL
67,76,53,3,44,243.0,48.6,C,1.944,FAIL
99,47,34,89,41,310.0,62.0,B,2.48,FAIL
60,99,51,52,4,266.0,53.2,C+,2.128,FAIL
28,83,96,78,95,380.0,76.0,B+,3.04,FAIL
21,61,32,25,12,151.0,30.2,NG,1.208,FAIL
74,36,60,91,31,292.0,58.4,C+,2.336,FAIL
16,41,62,49,44,212.0,42.4,C,1.696,FAIL
79,60,31,49,77,296.0,59.2,C+,2.368,FAIL
51,71,0,55,17,194.0,38.8,C,1.5520000000000003,FAIL
15,17,17,88,87,224.0,44.8,C,1.7920000000000003,FAIL
68,41,80,20,0,209.0,41.8,C,1.672,FAIL
98,93,18,62,26,297.0,59.4,C+,2.376,FAIL
28,4,60,86,39,217.0,43.4,C,1.736,FAIL
18,43,86,23,18,188.0,37.6,C,1.504,FAIL
72,40,87,89,13,301.0,60.2,B,2.408,FAIL
83,19,76,66,90,334.0,66.8,B,2.6719999999999997,FAIL
70,48,74,29,27,248.0,49.6,C,1.984,FAIL
71,59,98,70,96,394.0,78.8,B+,3.1519999999999997,PASS
34,48,35,11,18,146.0,29.2,NG,1.168,FAIL
96,25,46,80,27,274.0,54.8,C+,2.192,FAIL
51,98,72,32,60,313.0,62.6,B,2.504,FAIL
7,87,67,12,86,259.0,51.8,C+,2.072,FAIL
23,31,62,77,15,208.0,41.6,C,1.6640000000000001,FAIL
5,32,36,58,40,171.0,34.2,NG,1.368,FAIL
7,39,6,5,78,135.0,27.0,NG,1.08,FAIL
38,40,26,22,27,153.0,30.6,NG,1.224,FAIL
32,13,83,66,96,290.0,58.0,C+,2.32,FAIL
46,68,46,52,26,238.0,47.6,C,1.9039999999999997,FAIL
18,35,70,92,93,308.0,61.6,B,2.464,FAIL
78,91,84,72,28,353.0,70.6,B+,2.824,FAIL
54,66,71,59,2,252.0,50.4,C+,2.016,FAIL
99,78,84,83,94,438.0,87.6,A,3.5039999999999996,PASS
80,71,9,69,28,257.0,51.4,C+,2.056,FAIL
38,65,53,74,71,301.0,60.2,B,2.408,PASS
46,26,83,1,62,218.0,43.6,C,1.744,FAIL
31,56,55,32,80,254.0,50.8,C+,2.032,FAIL
54,12,20,31,88,205.0,41.0,C,1.64,FAIL
1,34,35,93,22,185.0,37.0,C,1.48,FAIL
43,70,89,77,18,297.0,59.4,C+,2.376,FAIL
90,97,50,26,41,304.0,60.8,B,2.432,FAIL
43,30,52,19,33,177.0,35.4,C,1.416,FAIL
12,45,90,82,54,283.0,56.6,C+,2.264,FAIL
77,5,3,4,23,112.0,22.4,NG,0.8960000000000001,FAIL
37,79,76,2,31,225.0,45.0,C,1.8,FAIL
91,82,99,92,12,376.0,75.2,B+,3.008,FAIL
49,44,7,73,52,225.0,45.0,C,1.8,FAIL
45,60,52,86,91,334.0,66.8,B,2.6719999999999997,PASS
14,5,96,41,23,179.0,35.8,C,1.432,FAIL
0,77,1,46,52,176.0,35.2,C,1.408,FAIL
22,74,90,15,11,212.0,42.4,C,1.696,FAIL
70,20,34,46,78,248.0,49.6,C,1.984,FAIL
73,38,88,84,31,314.0,62.8,B,2.512,FAIL
6,84,7,8,65,170.0,34.0,NG,1.36,FAIL
6,96,72,8,83,265.0,53.0,C+,2.12,FAIL
99,20,20,4,92,235.0,47.0,C,1.88,FAIL
46,38,84,88,11,267.0,53.4,C+,2.136,FAIL
99,98,10,63,78,348.0,69.6,B,2.784,FAIL
74,91,72,88,49,374.0,74.8,B+,2.992,PASS
97,77,64,96,48,382.0,76.4,B+,3.056,PASS
69,45,62,76,12,264.0,52.8,C+,2.112,FAIL
32,57,45,8,19,161.0,32.2,NG,1.288,FAIL
28,78,38,14,43,201.0,40.2,C,1.608,FAIL
73,38,43,23,28,205.0,41.0,C,1.64,FAIL
65,9,7,66,41,188.0,37.6,C,1.504,FAIL
15,42,15,46,45,163.0,32.6,NG,1.304,FAIL
44,23,10,24,5,106.0,21.2,NG,0.848,FAIL
33,63,81,75,92,344.0,68.8,B,2.752,FAIL
67,45,50,6,66,234.0,46.8,C,1.872,FAIL
72,53,19,80,78,302.0,60.4,B,2.416,FAIL
5,80,65,14,88,252.0,50.4,C+,2.016,FAIL
72,76,89,81,28,346.0,69.2,B,2.7679999999999993,FAIL
65,6,56,40,64,231.0,46.2,C,1.848,FAIL
49,53,4,94,70,270.0,54.0,C+,2.16,FAIL
44,37,18,58,61,218.0,43.6,C,1.744,FAIL
95,69,87,36,95,382.0,76.4,B+,3.056,PASS
78,12,28,90,95,303.0,60.6,B,2.424,FAIL
98,46,62,20,39,265.0,53.0,C+,2.12,FAIL
92,30,61,16,18,217.0,43.4,C,1.736,FAIL
20,68,24,50,74,236.0,47.2,C,1.888,FAIL
24,92,42,59,81,298.0,59.6,C+,2.384,FAIL
22,31,13,13,18,97.0,19.4,NG,0.7760000000000001,FAIL
1,7,4,68,29,109.0,21.8,NG,0.872,FAIL
12,42,53,82,0,189.0,37.8,C,1.5119999999999998,FAIL
5,23,81,38,52,199.0,39.8,C,1.592,FAIL
16,14,82,50,5,167.0,33.4,NG,1.3359999999999999,FAIL
40,82,88,54,37,301.0,60.2,B,2.408,PASS
73,8,62,58,57,258.0,51.6,C+,2.064,FAIL
69,35,84,71,2,261.0,52.2,C+,2.088,FAIL
28,33,51,80,9,201.0,40.2,C,1.608,FAIL
37,61,11,35,89,233.0,46.6,C,1.864,FAIL
81,34,37,65,73,290.0,58.0,C+,2.32,FAIL
64,51,15,13,43,186.0,37.2,C,1.4880000000000002,FAIL
25,46,19,95,28,213.0,42.6,C,1.704,FAIL
29,88,42,3,23,185.0,37.0,C,1.48,FAIL
70,63,46,36,67,282.0,56.4,C+,2.256,PASS
46,42,85,86,48,307.0,61.4,B,2.456,PASS
56,43,28,88,33,248.0,49.6,C,1.984,FAIL
88,24,68,34,63,277.0,55.4,C+,2.216,FAIL
3,15,50,26,32,126.0,25.2,NG,1.008,FAIL
55,18,21,89,62,245.0,49.0,C,1.96,FAIL
30,56,81,75,7,249.0,49.8,C,1.992,FAIL
66,50,79,50,14,259.0,51.8,C+,2.072,FAIL
5,9,40,39,78,171.0,34.2,NG,1.368,FAIL
35,84,58,8,45,230.0,46.0,C,1.84,FAIL
63,61,82,14,95,315.0,63.0,B,2.52,FAIL
63,61,83,39,78,324.0,64.8,B,2.592,PASS
14,0,51,76,8,149.0,29.8,NG,1.192,FAIL
24,43,32,55,77,231.0,46.2,C,1.848,FAIL
38,1,37,2,36,114.0,22.8,NG,0.912,FAIL
35,41,17,9,96,198.0,39.6,C,1.584,FAIL
12,17,69,22,61,181.0,36.2,C,1.4479999999999997,FAIL
54,67,0,4,14,139.0,27.8,NG,1.112,FAIL
26,78,0,43,36,183.0,36.6,C,1.464,FAIL
49,85,99,47,60,340.0,68.0,B,2.72,PASS
82,69,96,40,0,287.0,57.4,C+,2.296,FAIL
23,46,70,77,1,217.0,43.4,C,1.736,FAIL
83,28,88,4,87,290.0,58.0,C+,2.32,FAIL
52,36,44,92,88,312.0,62.4,B,2.496,PASS
40,79,41,37,38,235.0,47.0,C,1.88,PASS
73,5,91,45,60,274.0,54.8,C+,2.192,FAIL
21,69,97,97,1,285.0,57.0,C+,2.28,FAIL
50,64,44,8,44,210.0,42.0,C,1.68,FAIL
5,92,51,43,97,288.0,57.6,C+,2.304,FAIL
76,72,79,94,17,338.0,67.6,B,2.704,FAIL
58,38,70,93,67,326.0,65.2,B,2.608,PASS
50,11,12,4,52,129.0,25.8,NG,1.032,FAIL
0,19,33,39,93,184.0,36.8,C,1.472,FAIL
42,62,57,23,94,278.0,55.6,C+,2.224,FAIL
46,72,23,19,29,189.0,37.8,C,1.5119999999999998,FAIL
24,84,20,40,31,199.0,39.8,C,1.592,FAIL
9,51,73,36,36,205.0,41.0,C,1.64,FAIL
75,24,30,43,80,252.0,50.4,C+,2.016,FAIL
81,98,24,45,33,281.0,56.2,C+,2.248,FAIL
89,46,33,90,32,290.0,58.0,C+,2.32,FAIL
37,72,45,32,84,270.0,54.0,C+,2.16,FAIL
22,88,75,17,76,278.0,55.6,C+,2.224,FAIL
36,42,73,20,93,264.0,52.8,C+,2.112,FAIL
94,96,90,92,67,439.0,87.8,A,3.512,PASS
35,49,13,5,74,176.0,35.2,C,1.408,FAIL
13,3,93,62,59,230.0,46.0,C,1.84,FAIL
88,14,25,12,32,171.0,34.2,NG,1.368,FAIL
75,71,71,73,47,337.0,67.4,B,2.696,PASS
31,25,91,55,61,263.0,52.6,C+,2.104,FAIL
2,92,66,19,77,256.0,51.2,C+,2.048,FAIL
99,76,55,21,98,349.0,69.8,B,2.792,FAIL
83,73,85,47,38,326.0,65.2,B,2.608,PASS
9,44,57,96,48,254.0,50.8,C+,2.032,FAIL
69,80,84,15,63,311.0,62.2,B,2.488,FAIL
62,90,94,25,47,318.0,63.6,B,2.544,FAIL
69,89,45,31,15,249.0,49.8,C,1.992,FAIL
47,18,26,75,87,253.0,50.6,C+,2.024,FAIL
48,0,85,85,23,241.0,48.2,C,1.928,FAIL
44,74,22,15,42,197.0,39.4,C,1.5759999999999998,FAIL
3,10,56,72,89,230.0,46.0,C,1.84,FAIL
66,41,29,95,66,297.0,59.4,C+,2.376,FAIL
94,84,19,50,49,296.0,59.2,C+,2.368,FAIL
8,95,61,47,86,297.0,59.4,C+,2.376,FAIL
70,99,85,21,47,322.0,64.4,B,2.576,FAIL
29,93,27,47,12,208.0,41.6,C,1.6640000000000001,FAIL
55,55,66,66,22,264.0,52.8,C+,2.112,FAIL
8,7,15,45,78,153.0,30.6,NG,1.224,FAIL
97,89,27,46,42,301.0,60.2,B,2.408,FAIL
35,83,13,11,83,225.0,45.0,C,1.8,FAIL
26,94,95,24,83,322.0,64.4,B,2.576,FAIL
15,43,60,1,6,125.0,25.0,NG,1.0,FAIL
45,11,30,80,69,235.0,47.0,C,1.88,FAIL
18,32,73,40,98,261.0,52.2,C+,2.088,FAIL
76,90,71,83,99,419.0,83.8,A,3.352,PASS
57,70,52,86,65,330.0,66.0,B,2.64,PASS
53,32,41,95,80,301.0,60.2,B,2.408,FAIL
69,49,61,81,97,357.0,71.4,B+,2.856,PASS
56,45,88,89,60,338.0,67.6,B,2.704,PASS
22,31,58,75,38,224.0,44.8,C,1.7920000000000003,FAIL
38,96,42,21,70,267.0,53.4,C+,2.136,FAIL
45,80,82,50,81,338.0,67.6,B,2.704,PASS
29,38,2,97,90,256.0,51.2,C+,2.048,FAIL
75,66,82,86,38,347.0,69.4,B,2.776,PASS
96,21,73,80,56,326.0,65.2,B,2.608,FAIL
54,50,73,84,91,352.0,70.4,B+,2.816,PASS
39,20,76,60,99,294.0,58.8,C+,2.352,FAIL
76,16,10,79,14,195.0,39.0,C,1.56,FAIL
30,93,97,5,11,236.0,47.2,C,1.888,FAIL
43,10,26,34,74,187.0,37.4,C,1.496,FAIL
56,97,68,37,24,282.0,56.4,C+,2.256,FAIL
70,39,80,25,94,308.0,61.6,B,2.464,FAIL
36,75,54,16,6,187.0,37.4,C,1.496,FAIL
4,9,13,52,43,121.0,24.2,NG,0.968,FAIL
1,35,26,93,86,241.0,48.2,C,1.928,FAIL
17,28,24,66,94,229.0,45.8,C,1.832,FAIL
70,92,31,98,40,331.0,66.2,B,2.648,FAIL
27,72,55,87,41,282.0,56.4,C+,2.256,FAIL
9,56,85,0,79,229.0,45.8,C,1.832,FAIL
65,76,33,7,57,238.0,47.6,C,1.9039999999999997,FAIL
87,57,73,46,0,263.0,52.6,C+,2.104,FAIL
98,17,49,40,79,283.0,56.6,C+,2.264,FAIL
66,25,5,71,44,211.0,42.2,C,1.6879999999999997,FAIL
97,24,22,85,48,276.0,55.2,C+,2.208,FAIL
37,59,5,21,2,124.0,24.8,NG,0.992,FAIL
91,74,57,19,25,266.0,53.2,C+,2.128,FAIL
6,66,39,64,48,223.0,44.6,C,1.784,FAIL
89,75,26,86,25,301.0,60.2,B,2.408,FAIL
88,7,17,38,59,209.0,41.8,C,1.672,FAIL
53,94,88,64,94,393.0,78.6,B+,3.144,PASS
42,25,44,27,41,179.0,35.8,C,1.432,FAIL
31,25,85,35,27,203.0,40.6,C,1.624,FAIL
21,56,1,48,1,127.0,25.4,NG,1.016,FAIL
25,7,91,97,57,277.0,55.4,C+,2.216,FAIL
79,34,33,43,26,215.0,43.0,C,1.72,FAIL
2,32,92,26,48,200.0,40.0,C,1.6,FAIL
62,89,24,11,8,194.0,38.8,C,1.5520000000000003,FAIL
93,52,60,13,50,268.0,53.6,C+,2.144,FAIL
36,2,14,10,62,124.0,24.8,NG,0.992,FAIL
28,83,74,45,99,329.0,65.8,B,2.6319999999999997,FAIL
14,97,87,68,98,364.0,72.8,B+,2.912,FAIL
96,32,79,6,51,264.0,52.8,C+,2.112,FAIL
86,66,10,67,85,314.0,62.8,B,2.512,FAIL
12,68,92,70,20,262.0,52.4,C+,2.096,FAIL
67,17,93,75,62,314.0,62.8,B,2.512,FAIL
34,61,59,54,41,249.0,49.8,C,1.992,FAIL
34,87,92,67,82,362.0,72.4,B+,2.8959999999999995,FAIL
84,87,89,7,87,354.0,70.8,B+,2.832,FAIL
92,6,43,74,48,263.0,52.6,C+,2.104,FAIL
80,6,90,54,18,248.0,49.6,C,1.984,FAIL
92,42,63,55,12,264.0,52.8,C+,2.112,FAIL
8,81,74,2,0,165.0,33.0,NG,1.32,FAIL
13,95,4,69,3,184.0,36.8,C,1.472,FAIL
97,20,42,6,4,169.0,33.8,NG,1.352,FAIL
96,55,29,45,46,271.0,54.2,C+,2.168,FAIL
40,15,86,61,12,214.0,42.8,C,1.712,FAIL
11,39,69,66,82,267.0,53.4,C+,2.136,FAIL
44,57,13,80,71,265.0,53.0,C+,2.12,FAIL
84,71,58,66,35,314.0,62.8,B,2.512,PASS
80,61,70,55,74,340.0,68.0,B,2.72,PASS
50,87,46,22,0,205.0,41.0,C,1.64,FAIL
37,14,74,68,59,252.0,50.4,C+,2.016,FAIL
6,1,78,77,90,252.0,50.4,C+,2.016,FAIL
52,91,63,57,79,342.0,68.4,B,2.736,PASS
67,94,74,1,22,258.0,51.6,C+,2.064,FAIL
6,69,93,46,62,276.0,55.2,C+,2.208,FAIL
87,55,15,43,26,226.0,45.2,C,1.808,FAIL
6,53,83,78,67,287.0,57.4,C+,2.296,FAIL
46,35,95,93,62,331.0,66.2,B,2.648,PASS
72,75,79,29,49,304.0,60.8,B,2.432,FAIL
32,9,96,33,62,232.0,46.4,C,1.8560000000000003,FAIL
94,50,86,93,76,399.0,79.8,B+,3.1920000000000006,PASS
86,84,40,5,17,232.0,46.4,C,1.8560000000000003,FAIL
75,83,80,55,78,371.0,74.2,B+,2.968,PASS
57,18,98,7,85,265.0,53.0,C+,2.12,FAIL
5,18,81,89,62,255.0,51.0,C+,2.04,FAIL
12,21,2,91,69,195.0,39.0,C,1.56,FAIL
87,23,77,93,93,373.0,74.6,B+,2.984,FAIL
94,24,57,7,89,271.0,54.2,C+,2.168,FAIL
73,81,44,79,96,373.0,74.6,B+,2.984,PASS
18,47,57,86,37,245.0,49.0,C,1.96,FAIL
30,41,18,86,53,228.0,45.6,C,1.824,FAIL
17,65,97,10,58,247.0,49.4,C,1.976,FAIL
93,98,37,69,84,381.0,76.2,B+,3.048,PASS
37,44,66,29,96,272.0,54.4,C+,2.176,FAIL
45,15,80,40,90,270.0,54.0,C+,2.16,FAIL
62,98,85,86,88,419.0,83.8,A,3.352,PASS
36,74,45,12,14,181.0,36.2,C,1.4479999999999997,FAIL
2,73,45,0,90,210.0,42.0,C,1.68,FAIL
28,82,85,11,55,261.0,52.2,C+,2.088,FAIL
18,61,91,86,71,327.0,65.4,B,2.616,FAIL
76,86,31,30,47,270.0,54.0,C+,2.16,FAIL
33,53,86,4,27,203.0,40.6,C,1.624,FAIL
66,79,71,85,79,380.0,76.0,B+,3.04,PASS
31,83,49,9,67,239.0,47.8,C,1.912,FAIL
37,76,78,22,58,271.0,54.2,C+,2.168,FAIL
44,28,66,91,79,308.0,61.6,B,2.464,FAIL
95,38,49,49,82,313.0,62.6,B,2.504,PASS
17,5,55,25,48,150.0,30.0,NG,1.2,FAIL
99,18,78,13,67,275.0,55.0,C+,2.2,FAIL
8,77,6,63,62,216.0,43.2,C,1.7280000000000002,FAIL
70,97,32,87,37,323.0,64.6,B,2.5840000000000005,FAIL
35,32,90,97,84,338.0,67.6,B,2.704,FAIL
72,75,74,77,54,352.0,70.4,B+,2.816,PASS
71,34,5,49,90,249.0,49.8,C,1.992,FAIL
37,85,61,38,17,238.0,47.6,C,1.9039999999999997,FAIL
93,57,15,72,39,276.0,55.2,C+,2.208,FAIL
98,49,46,22,51,266.0,53.2,C+,2.128,FAIL
10,84,20,8,23,145.0,29.0,NG,1.16,FAIL
87,7,42,75,87,298.0,59.6,C+,2.384,FAIL
88,8,10,87,74,267.0,53.4,C+,2.136,FAIL
36,18,96,35,26,211.0,42.2,C,1.6879999999999997,FAIL
16,75,1,20,33,145.0,29.0,NG,1.16,FAIL
56,26,45,53,91,271.0,54.2,C+,2.168,FAIL
70,25,6,47,10,158.0,31.6,NG,1.264,FAIL
1,53,21,16,0,91.0,18.2,NG,0.728,FAIL
6,83,10,16,55,170.0,34.0,NG,1.36,FAIL
28,64,92,10,6,200.0,40.0,C,1.6,FAIL
53,22,5,25,19,124.0,24.8,NG,0.992,FAIL
28,68,35,46,95,272.0,54.4,C+,2.176,FAIL
80,65,91,91,65,392.0,78.4,B+,3.136,PASS
78,54,28,5,70,235.0,47.0,C,1.88,FAIL
70,40,95,14,62,281.0,56.2,C+,2.248,FAIL
1,26,61,13,3,104.0,20.8,NG,0.8320000000000001,FAIL
30,29,70,23,52,204.0,40.8,C,1.632,FAIL
76,35,31,87,52,281.0,56.2,C+,2.248,FAIL
40,0,58,78,29,205.0,41.0,C,1.64,FAIL
60,91,70,46,43,310.0,62.0,B,2.48,PASS
55,73,48,22,69,267.0,53.4,C+,2.136,FAIL
65,2,64,8,64,203.0,40.6,C,1.624,FAIL
2,2,74,34,85,197.0,39.4,C,1.5759999999999998,FAIL
75,67,72,56,22,292.0,58.4,C+,2.336,FAIL
30,83,17,35,0,165.0,33.0,NG,1.32,FAIL
54,14,59,30,48,205.0,41.0,C,1.64,FAIL
61,77,70,87,7,302.0,60.4,B,2.416,FAIL
38,3,52,78,14,185.0,37.0,C,1.48,FAIL
46,50,74,22,36,228.0,45.6,C,1.824,FAIL
20,83,76,11,61,251.0,50.2,C+,2.008,FAIL
78,69,23,66,28,264.0,52.8,C+,2.112,FAIL
65,51,95,22,65,298.0,59.6,C+,2.384,FAIL
22,34,72,89,14,231.0,46.2,C,1.848,FAIL
14,52,76,20,31,193.0,38.6,C,1.544,FAIL
48,6,18,8,78,158.0,31.6,NG,1.264,FAIL
75,59,74,3,77,288.0,57.6,C+,2.304,FAIL
8,3,59,38,38,146.0,29.2,NG,1.168,FAIL
14,15,78,58,24,189.0,37.8,C,1.5119999999999998,FAIL
46,7,3,65,99,220.0,44.0,C,1.76,FAIL
21,82,10,3,88,204.0,40.8,C,1.632,FAIL
5,25,73,63,28,194.0,38.8,C,1.5520000000000003,FAIL
3,68,4,77,37,189.0,37.8,C,1.5119999999999998,FAIL
63,38,73,31,93,298.0,59.6,C+,2.384,FAIL
16,9,83,77,49,234.0,46.8,C,1.872,FAIL
2,96,29,37,98,262.0,52.4,C+,2.096,FAIL
85,70,80,24,73,332.0,66.4,B,2.656,FAIL
68,45,97,3,33,246.0,49.2,C,1.9680000000000002,FAIL
57,15,36,69,70,247.0,49.4,C,1.976,FAIL
62,48,87,0,63,260.0,52.0,C+,2.08,FAIL
11,71,91,37,77,287.0,57.4,C+,2.296,FAIL
55,39,11,71,3,179.0,35.8,C,1.432,FAIL
43,8,51,7,18,127.0,25.4,NG,1.016,FAIL
54,33,97,71,15,270.0,54.0,C+,2.16,FAIL
32,91,38,99,22,282.0,56.4,C+,2.256,FAIL
58,27,71,0,3,159.0,31.8,NG,1.272,FAIL
80,4,55,22,56,217.0,43.4,C,1.736,FAIL
48,98,82,88,37,353.0,70.6,B+,2.824,PASS
51,74,21,64,63,273.0,54.6,C+,2.184,FAIL
29,90,4,8,43,174.0,34.8,NG,1.392,FAIL
66,49,62,64,15,256.0,51.2,C+,2.048,FAIL
92,41,27,88,68,316.0,63.2,B,2.528,FAIL
15,50,61,76,83,285.0,57.0,C+,2.28,FAIL
5,21,84,78,3,191.0,38.2,C,1.528,FAIL
7,95,27,92,16,237.0,47.4,C,1.896,FAIL
60,0,71,89,9,229.0,45.8,C,1.832,FAIL
78,77,4,79,76,314.0,62.8,B,2.512,FAIL
44,54,80,6,41,225.0,45.0,C,1.8,FAIL
88,46,79,17,97,327.0,65.4,B,2.616,FAIL
99,93,70,86,52,400.0,80.0,A,3.2,PASS
58,22,60,64,15,219.0,43.8,C,1.7519999999999998,FAIL
94,60,95,60,27,336.0,67.2,B,2.688,FAIL
14,41,69,80,18,222.0,44.4,C,1.776,FAIL
55,14,72,91,69,301.0,60.2,B,2.408,FAIL
98,35,62,51,29,275.0,55.0,C+,2.2,FAIL
93,68,39,91,74,365.0,73.0,B+,2.92,PASS
89,60,55,80,98,382.0,76.4,B+,3.056,PASS
86,40,47,62,10,245.0,49.0,C,1.96,FAIL
80,94,26,8,16,224.0,44.8,C,1.7920000000000003,FAIL
36,9,73,89,10,217.0,43.4,C,1.736,FAIL
81,56,76,16,73,302.0,60.4,B,2.416,FAIL
4,89,28,82,14,217.0,43.4,C,1.736,FAIL
84,32,62,50,45,273.0,54.6,C+,2.184,FAIL
44,79,27,85,1,236.0,47.2,C,1.888,FAIL
10,65,7,43,79,204.0,40.8,C,1.632,FAIL
69,59,71,88,68,355.0,71.0,B+,2.84,PASS
55,99,60,93,55,362.0,72.4,B+,2.8959999999999995,PASS
2,19,90,98,3,212.0,42.4,C,1.696,FAIL
1,31,32,81,6,151.0,30.2,NG,1.208,FAIL
37,9,31,95,10,182.0,36.4,C,1.456,FAIL
13,2,22,62,92,191.0,38.2,C,1.528,FAIL
53,17,70,49,1,190.0,38.0,C,1.52,FAIL
47,85,5,26,42,205.0,41.0,C,1.64,FAIL
40,19,76,19,71,225.0,45.0,C,1.8,FAIL
38,75,20,85,32,250.0,50.0,C+,2.0,FAIL
42,79,17,98,44,280.0,56.0,C+,2.24,FAIL
40,77,79,61,76,333.0,66.6,B,2.664,PASS
22,92,11,40,65,230.0,46.0,C,1.84,FAIL
71,13,61,85,50,280.0,56.0,C+,2.24,FAIL
18,20,67,88,50,243.0,48.6,C,1.944,FAIL
3,91,73,84,4,255.0,51.0,C+,2.04,FAIL
59,18,52,29,47,205.0,41.0,C,1.64,FAIL
62,21,2,13,40,138.0,27.6,NG,1.104,FAIL
33,20,52,6,13,124.0,24.8,NG,0.992,FAIL
44,10,20,78,8,160.0,32.0,NG,1.28,FAIL
1,39,26,90,71,227.0,45.4,C,1.8159999999999998,FAIL
95,66,47,66,0,274.0,54.8,C+,2.192,FAIL
43,78,55,94,75,345.0,69.0,B,2.76,PASS
17,82,71,1,1,172.0,34.4,NG,1.376,FAIL
6,92,11,24,80,213.0,42.6,C,1.704,FAIL
86,58,70,0,94,308.0,61.6,B,2.464,FAIL
81,68,8,42,94,293.0,58.6,C+,2.344,FAIL
41,36,98,37,60,272.0,54.4,C+,2.176,PASS
49,31,34,60,52,226.0,45.2,C,1.808,FAIL
77,7,27,76,48,235.0,47.0,C,1.88,FAIL
80,50,36,33,64,263.0,52.6,C+,2.104,FAIL
67,56,85,19,18,245.0,49.0,C,1.96,FAIL
35,34,25,54,17,165.0,33.0,NG,1.32,FAIL
46,15,25,4,32,122.0,24.4,NG,0.976,FAIL
64,70,80,91,98,403.0,80.6,A,3.224,PASS
35,86,65,80,0,266.0,53.2,C+,2.128,FAIL
70,43,96,5,4,218.0,43.6,C,1.744,FAIL
87,38,60,27,92,304.0,60.8,B,2.432,FAIL
54,76,83,31,7,251.0,50.2,C+,2.008,FAIL
40,81,16,65,19,221.0,44.2,C,1.768,FAIL
15,71,55,57,64,262.0,52.4,C+,2.096,FAIL
73,11,79,12,57,232.0,46.4,C,1.8560000000000003,FAIL
37,70,50,64,65,286.0,57.2,C+,2.288,PASS
93,68,50,11,98,320.0,64.0,B,2.56,FAIL
24,44,66,21,93,248.0,49.6,C,1.984,FAIL
90,55,14,5,99,263.0,52.6,C+,2.104,FAIL
13,77,4,8,26,128.0,25.6,NG,1.024,FAIL
69,10,81,93,22,275.0,55.0,C+,2.2,FAIL
80,46,26,48,88,288.0,57.6,C+,2.304,FAIL
18,60,1,21,98,198.0,39.6,C,1.584,FAIL
69,10,30,11,66,186.0,37.2,C,1.4880000000000002,FAIL
55,73,23,53,14,218.0,43.6,C,1.744,FAIL
8,43,32,72,16,171.0,34.2,NG,1.368,FAIL
31,24,82,78,83,298.0,59.6,C+,2.384,FAIL
59,64,81,45,20,269.0,53.8,C+,2.152,FAIL
7,53,42,24,73,199.0,39.8,C,1.592,FAIL
34,25,99,91,7,256.0,51.2,C+,2.048,FAIL
76,2,46,55,24,203.0,40.6,C,1.624,FAIL
80,14,33,55,94,276.0,55.2,C+,2.208,FAIL
40,15,41,44,71,211.0,42.2,C,1.6879999999999997,FAIL
22,62,30,69,9,192.0,38.4,C,1.536,FAIL
2,97,78,7,27,211.0,42.2,C,1.6879999999999997,FAIL
27,77,66,48,81,299.0,59.8,C+,2.392,FAIL
8,44,53,55,89,249.0,49.8,C,1.992,FAIL
99,11,27,17,35,189.0,37.8,C,1.5119999999999998,FAIL
71,48,51,82,84,336.0,67.2,B,2.688,PASS
12,45,58,51,13,179.0,35.8,C,1.432,FAIL
74,55,80,30,48,287.0,57.4,C+,2.296,FAIL
28,73,86,23,9,219.0,43.8,C,1.7519999999999998,FAIL
29,65,26,68,25,213.0,42.6,C,1.704,FAIL
22,31,15,0,95,163.0,32.6,NG,1.304,FAIL
98,91,18,32,5,244.0,48.8,C,1.952,FAIL
62,39,0,65,9,175.0,35.0,C,1.4,FAIL
75,16,8,60,14,173.0,34.6,NG,1.3839999999999997,FAIL
99,61,96,33,32,321.0,64.2,B,2.568,FAIL
20,95,61,72,24,272.0,54.4,C+,2.176,FAIL
31,30,98,86,43,288.0,57.6,C+,2.304,FAIL
71,53,71,93,40,328.0,65.6,B,2.6240000000000006,PASS
21,30,15,34,36,136.0,27.2,NG,1.088,FAIL
98,87,94,8,7,294.0,58.8,C+,2.352,FAIL
35,10,11,76,0,132.0,26.4,NG,1.056,FAIL
37,73,43,84,24,261.0,52.2,C+,2.088,FAIL
16,91,75,59,25,266.0,53.2,C+,2.128,FAIL
51,54,25,19,71,220.0,44.0,C,1.76,FAIL
5,21,94,86,84,290.0,58.0,C+,2.32,FAIL
9,34,44,36,33,156.0,31.2,NG,1.248,FAIL
38,81,87,59,29,294.0,58.8,C+,2.352,FAIL
91,34,34,63,54,276.0,55.2,C+,2.208,FAIL
4,10,2,51,36,103.0,20.6,NG,0.824,FAIL
26,65,52,16,3,162.0,32.4,NG,1.296,FAIL
79,62,17,34,83,275.0,55.0,C+,2.2,FAIL
3,78,19,28,14,142.0,28.4,NG,1.136,FAIL
66,66,36,97,78,343.0,68.6,B,2.744,PASS
66,12,65,20,29,192.0,38.4,C,1.536,FAIL
64,68,40,72,42,286.0,57.2,C+,2.288,PASS
18,79,14,46,77,234.0,46.8,C,1.872,FAIL
93,90,84,45,76,388.0,77.6,B+,3.1040000000000005,PASS
18,83,66,49,30,246.0,49.2,C,1.9680000000000002,FAIL
64,72,50,84,75,345.0,69.0,B,2.76,PASS
17,93,20,46,61,237.0,47.4,C,1.896,FAIL
10,28,88,64,87,277.0,55.4,C+,2.216,FAIL
64,10,92,47,52,265.0,53.0,C+,2.12,FAIL
38,65,25,20,36,184.0,36.8,C,1.472,FAIL
82,76,21,99,48,326.0,65.2,B,2.608,FAIL
14,0,79,95,16,204.0,40.8,C,1.632,FAIL
60,62,49,39,39,249.0,49.8,C,1.992,PASS
73,18,50,27,29,197.0,39.4,C,1.5759999999999998,FAIL
73,22,34,46,48,223.0,44.6,C,1.784,FAIL
88,37,47,66,97,335.0,67.0,B,2.68,PASS
0,31,20,20,26,97.0,19.4,NG,0.7760000000000001,FAIL
71,45,79,29,76,300.0,60.0,B,2.4,FAIL
60,33,0,20,93,206.0,41.2,C,1.648,FAIL
75,68,76,30,54,303.0,60.6,B,2.424,FAIL
47,26,88,41,68,270.0,54.0,C+,2.16,FAIL
55,2,91,59,33,240.0,48.0,C,1.92,FAIL
21,47,70,17,15,170.0,34.0,NG,1.36,FAIL
93,33,38,16,65,245.0,49.0,C,1.96,FAIL
4,43,1,90,37,175.0,35.0,C,1.4,FAIL
52,43,10,38,60,203.0,40.6,C,1.624,FAIL
69,16,65,16,33,199.0,39.8,C,1.592,FAIL
56,81,96,35,39,307.0,61.4,B,2.456,PASS
12,26,65,92,87,282.0,56.4,C+,2.256,FAIL
18,95,83,43,46,285.0,57.0,C+,2.28,FAIL
66,37,98,74,30,305.0,61.0,B,2.44,FAIL
24,12,68,70,44,218.0,43.6,C,1.744,FAIL
85,56,77,28,20,266.0,53.2,C+,2.128,FAIL
86,71,14,19,36,226.0,45.2,C,1.808,FAIL
79,5,25,35,51,195.0,39.0,C,1.56,FAIL
85,59,67,41,81,333.0,66.6,B,2.664,PASS
19,66,20,99,50,254.0,50.8,C+,2.032,FAIL
64,72,44,85,63,328.0,65.6,B,2.6240000000000006,PASS
73,8,46,85,29,241.0,48.2,C,1.928,FAIL
68,29,56,38,71,262.0,52.4,C+,2.096,FAIL
89,87,44,68,36,324.0,64.8,B,2.592,PASS
26,28,52,12,98,216.0,43.2,C,1.7280000000000002,FAIL
63,27,67,87,17,261.0,52.2,C+,2.088,FAIL
99,91,82,5,27,304.0,60.8,B,2.432,FAIL
42,17,22,35,23,139.0,27.8,NG,1.112,FAIL
9,34,25,31,10,109.0,21.8,NG,0.872,FAIL
61,24,53,63,7,208.0,41.6,C,1.6640000000000001,FAIL
90,44,21,10,90,255.0,51.0,C+,2.04,FAIL
63,71,42,7,50,233.0,46.6,C,1.864,FAIL
7,42,96,82,12,239.0,47.8,C,1.912,FAIL
42,66,81,89,99,377.0,75.4,B+,3.016,PASS
89,85,6,28,46,254.0,50.8,C+,2.032,FAIL
8,98,65,57,81,309.0,61.8,B,2.472,FAIL
65,9,55,75,1,205.0,41.0,C,1.64,FAIL
31,91,64,6,56,248.0,49.6,C,1.984,FAIL
57,55,29,45,61,247.0,49.4,C,1.976,FAIL
31,28,73,4,49,185.0,37.0,C,1.48,FAIL
80,58,78,2,26,244.0,48.8,C,1.952,FAIL
19,31,23,52,98,223.0,44.6,C,1.784,FAIL
46,64,96,93,70,369.0,73.8,B+,2.952,PASS
28,12,60,32,60,192.0,38.4,C,1.536,FAIL
58,73,8,21,96,256.0,51.2,C+,2.048,FAIL
76,88,60,61,89,374.0,74.8,B+,2.992,PASS
40,84,81,76,83,364.0,72.8,B+,2.912,PASS
46,83,53,25,82,289.0,57.8,C+,2.312,FAIL
85,20,2,49,93,249.0,49.8,C,1.992,FAIL
93,32,38,83,78,324.0,64.8,B,2.592,FAIL
9,28,22,90,90,239.0,47.8,C,1.912,FAIL
2,7,70,27,33,139.0,27.8,NG,1.112,FAIL
23,20,6,33,10,92.0,18.4,NG,0.736,FAIL
57,40,99,44,47,287.0,57.4,C+,2.296,PASS
3,98,81,66,46,294.0,58.8,C+,2.352,FAIL
23,87,33,47,36,226.0,45.2,C,1.808,FAIL
63,24,38,50,43,218.0,43.6,C,1.744,FAIL
3,43,76,93,43,258.0,51.6,C+,2.064,FAIL
5,6,75,81,36,203.0,40.6,C,1.624,FAIL
17,28,92,64,31,232.0,46.4,C,1.8560000000000003,FAIL
75,63,30,62,4,234.0,46.8,C,1.872,FAIL
3,26,68,52,85,234.0,46.8,C,1.872,FAIL
18,33,30,64,4,149.0,29.8,NG,1.192,FAIL
53,61,43,11,46,214.0,42.8,C,1.712,FAIL
50,28,16,43,39,176.0,35.2,C,1.408,FAIL
61,98,22,91,86,358.0,71.6,B+,2.864,FAIL
60,12,24,18,32,146.0,29.2,NG,1.168,FAIL
83,7,85,63,33,271.0,54.2,C+,2.168,FAIL
51,7,78,32,25,193.0,38.6,C,1.544,FAIL
0,55,49,89,67,260.0,52.0,C+,2.08,FAIL
75,69,47,0,47,238.0,47.6,C,1.9039999999999997,FAIL
84,75,94,51,62,366.0,73.2,B+,2.928,PASS
22,67,44,3,49,185.0,37.0,C,1.48,FAIL
56,14,43,86,39,238.0,47.6,C,1.9039999999999997,FAIL
23,2,35,19,20,99.0,19.8,NG,0.792,FAIL
12,12,45,59,21,149.0,29.8,NG,1.192,FAIL
46,53,65,21,57,242.0,48.4,C,1.936,FAIL
63,97,92,27,38,317.0,63.4,B,2.536,FAIL
25,34,75,31,25,190.0,38.0,C,1.52,FAIL
46,98,14,53,4,215.0,43.0,C,1.72,FAIL
30,76,91,42,2,241.0,48.2,C,1.928,FAIL
98,87,11,29,78,303.0,60.6,B,2.424,FAIL
0,76,74,18,65,233.0,46.6,C,1.864,FAIL
60,11,19,95,97,282.0,56.4,C+,2.256,FAIL
96,13,87,11,88,295.0,59.0,C+,2.36,FAIL
54,13,98,50,55,270.0,54.0,C+,2.16,FAIL
90,24,43,24,0,181.0,36.2,C,1.4479999999999997,FAIL
69,68,99,12,23,271.0,54.2,C+,2.168,FAIL
13,69,70,39,88,279.0,55.8,C+,2.232,FAIL
53,47,63,14,43,220.0,44.0,C,1.76,FAIL
26,46,50,10,46,178.0,35.6,C,1.4240000000000002,FAIL
49,98,16,75,33,271.0,54.2,C+,2.168,FAIL
40,12,4,20,50,126.0,25.2,NG,1.008,FAIL
13,69,45,75,75,277.0,55.4,C+,2.216,FAIL
47,2,94,1,72,216.0,43.2,C,1.7280000000000002,FAIL
77,72,63,69,14,295.0,59.0,C+,2.36,FAIL
62,44,62,66,27,261.0,52.2,C+,2.088,FAIL
29,96,31,24,10,190.0,38.0,C,1.52,FAIL
2,44,76,39,60,221.0,44.2,C,1.768,FAIL
87,85,23,78,3,276.0,55.2,C+,2.208,FAIL
81,78,70,20,18,267.0,53.4,C+,2.136,FAIL
34,14,97,59,72,276.0,55.2,C+,2.208,FAIL
42,32,93,12,13,192.0,38.4,C,1.536,FAIL
68,51,39,83,7,248.0,49.6,C,1.984,FAIL
88,60,22,38,45,253.0,50.6,C+,2.024,FAIL
50,35,15,33,5,138.0,27.6,NG,1.104,FAIL
14,14,0,28,85,141.0,28.2,NG,1.128,FAIL
25,80,73,31,51,260.0,52.0,C+,2.08,FAIL
53,63,71,38,27,252.0,50.4,C+,2.016,FAIL
48,82,36,32,12,210.0,42.0,C,1.68,FAIL
29,49,64,60,57,259.0,51.8,C+,2.072,FAIL
97,29,18,52,35,231.0,46.2,C,1.848,FAIL
72,18,24,40,75,229.0,45.8,C,1.832,FAIL
35,92,38,38,81,284.0,56.8,C+,2.272,PASS
84,2,12,35,55,188.0,37.6,C,1.504,FAIL
91,18,39,48,74,270.0,54.0,C+,2.16,FAIL
9,98,38,7,57,209.0,41.8,C,1.672,FAIL
11,60,30,57,84,242.0,48.4,C,1.936,FAIL
72,7,37,37,19,172.0,34.4,NG,1.376,FAIL
77,46,43,51,49,266.0,53.2,C+,2.128,PASS
87,20,71,50,84,312.0,62.4,B,2.496,FAIL
47,92,74,76,41,330.0,66.0,B,2.64,PASS
82,2,13,95,62,254.0,50.8,C+,2.032,FAIL
67,0,47,12,6,132.0,26.4,NG,1.056,FAIL
71,88,90,69,36,354.0,70.8,B+,2.832,PASS
11,94,91,79,77,352.0,70.4,B+,2.816,FAIL
82,79,95,13,90,359.0,71.8,B+,2.872,FAIL
51,76,40,98,29,294.0,58.8,C+,2.352,FAIL
10,99,39,11,71,230.0,46.0,C,1.84,FAIL
0,34,50,44,86,214.0,42.8,C,1.712,FAIL
78,54,12,14,41,199.0,39.8,C,1.592,FAIL
25,80,87,62,10,264.0,52.8,C+,2.112,FAIL
68,71,43,99,49,330.0,66.0,B,2.64,PASS
63,21,83,93,48,308.0,61.6,B,2.464,FAIL
74,53,62,74,69,332.0,66.4,B,2.656,PASS
50,8,49,11,12,130.0,26.0,NG,1.04,FAIL
7,78,71,53,27,236.0,47.2,C,1.888,FAIL
61,20,25,87,70,263.0,52.6,C+,2.104,FAIL
71,16,76,70,25,258.0,51.6,C+,2.064,FAIL
44,6,70,83,44,247.0,49.4,C,1.976,FAIL
49,66,21,67,15,218.0,43.6,C,1.744,FAIL
38,62,45,73,92,310.0,62.0,B,2.48,PASS
13,66,56,72,49,256.0,51.2,C+,2.048,FAIL
99,85,21,73,62,340.0,68.0,B,2.72,FAIL
48,93,29,4,5,179.0,35.8,C,1.432,FAIL
65,8,71,35,84,263.0,52.6,C+,2.104,FAIL
14,69,20,81,48,232.0,46.4,C,1.8560000000000003,FAIL
93,68,1,42,51,255.0,51.0,C+,2.04,FAIL
18,52,58,27,55,210.0,42.0,C,1.68,FAIL
62,76,82,47,16,283.0,56.6,C+,2.264,FAIL
99,34,0,38,92,263.0,52.6,C+,2.104,FAIL
99,31,79,24,27,260.0,52.0,C+,2.08,FAIL
39,92,22,23,59,235.0,47.0,C,1.88,FAIL
32,99,83,47,6,267.0,53.4,C+,2.136,FAIL
0,54,14,2,84,154.0,30.8,NG,1.232,FAIL
4,58,68,38,37,205.0,41.0,C,1.64,FAIL
36,67,3,84,69,259.0,51.8,C+,2.072,FAIL
60,95,65,93,94,407.0,81.4,A,3.256,PASS
53,6,71,20,34,184.0,36.8,C,1.472,FAIL
77,69,62,60,60,328.0,65.6,B,2.6240000000000006,PASS
58,86,68,47,43,302.0,60.4,B,2.416,PASS
62,70,86,94,94,406.0,81.2,A,3.248,PASS
88,8,79,40,7,222.0,44.4,C,1.776,FAIL
2,79,20,54,28,183.0,36.6,C,1.464,FAIL
62,47,77,60,51,297.0,59.4,C+,2.376,PASS
34,58,94,91,90,367.0,73.4,B+,2.9360000000000004,FAIL
21,92,3,17,17,150.0,30.0,NG,1.2,FAIL
69,32,88,92,28,309.0,61.8,B,2.472,FAIL
28,97,31,21,13,190.0,38.0,C,1.52,FAIL
96,84,67,54,84,385.0,77.0,B+,3.08,PASS
47,54,95,81,59,336.0,67.2,B,2.688,PASS
3,81,80,20,37,221.0,44.2,C,1.768,FAIL
67,83,93,62,96,401.0,80.2,A,3.208,PASS
70,38,86,23,33,250.0,50.0,C+,2.0,FAIL
75,39,74,42,23,253.0,50.6,C+,2.024,FAIL
54,77,47,86,3,267.0,53.4,C+,2.136,FAIL
64,66,70,32,92,324.0,64.8,B,2.592,FAIL
58,14,7,17,90,186.0,37.2,C,1.4880000000000002,FAIL
4,5,77,54,97,237.0,47.4,C,1.896,FAIL
62,83,93,18,44,300.0,60.0,B,2.4,FAIL
12,90,25,30,18,175.0,35.0,C,1.4,FAIL
85,8,41,88,27,249.0,49.8,C,1.992,FAIL
57,93,40,34,94,318.0,63.6,B,2.544,FAIL
39,91,62,32,28,252.0,50.4,C+,2.016,FAIL
64,8,90,68,73,303.0,60.6,B,2.424,FAIL
63,9,47,6,21,146.0,29.2,NG,1.168,FAIL
60,86,87,76,18,327.0,65.4,B,2.616,FAIL
8,28,3,74,41,154.0,30.8,NG,1.232,FAIL
45,29,89,20,42,225.0,45.0,C,1.8,FAIL
49,21,13,8,67,158.0,31.6,NG,1.264,FAIL
14,94,96,44,38,286.0,57.2,C+,2.288,FAIL
44,22,75,58,91,290.0,58.0,C+,2.32,FAIL
15,10,66,79,19,189.0,37.8,C,1.5119999999999998,FAIL
74,64,81,87,13,319.0,63.8,B,2.552,FAIL
34,27,58,55,67,241.0,48.2,C,1.928,FAIL
15,31,11,77,87,221.0,44.2,C,1.768,FAIL
18,59,20,15,99,211.0,42.2,C,1.6879999999999997,FAIL
14,15,84,3,90,206.0,41.2,C,1.648,FAIL
63,22,80,95,74,334.0,66.8,B,2.6719999999999997,FAIL
97,99,74,37,20,327.0,65.4,B,2.616,FAIL
76,61,57,40,15,249.0,49.8,C,1.992,FAIL
86,7,39,4,29,165.0,33.0,NG,1.32,FAIL
37,80,51,40,60,268.0,53.6,C+,2.144,PASS
59,60,69,65,95,348.0,69.6,B,2.784,PASS
62,17,82,35,24,220.0,44.0,C,1.76,FAIL
22,87,60,51,68,288.0,57.6,C+,2.304,FAIL
63,41,90,76,32,302.0,60.4,B,2.416,FAIL
26,19,49,15,72,181.0,36.2,C,1.4479999999999997,FAIL
69,92,23,77,32,293.0,58.6,C+,2.344,FAIL
18,98,21,86,44,267.0,53.4,C+,2.136,FAIL
19,4,62,10,53,148.0,29.6,NG,1.184,FAIL
78,84,76,28,43,309.0,61.8,B,2.472,FAIL
79,51,75,83,71,359.0,71.8,B+,2.872,PASS
9,56,88,13,58,224.0,44.8,C,1.7920000000000003,FAIL
99,5,26,49,93,272.0,54.4,C+,2.176,FAIL
51,41,92,89,6,279.0,55.8,C+,2.232,FAIL
51,5,38,28,3,125.0,25.0,NG,1.0,FAIL
99,23,97,4,18,241.0,48.2,C,1.928,FAIL
73,71,94,31,71,340.0,68.0,B,2.72,FAIL
83,94,11,76,46,310.0,62.0,B,2.48,FAIL
21,36,58,15,92,222.0,44.4,C,1.776,FAIL
45,35,33,40,87,240.0,48.0,C,1.92,FAIL
30,30,75,95,18,248.0,49.6,C,1.984,FAIL
90,39,82,43,81,335.0,67.0,B,2.68,PASS
41,74,25,44,90,274.0,54.8,C+,2.192,FAIL
48,10,4,9,33,104.0,20.8,NG,0.8320000000000001,FAIL
60,81,73,46,64,324.0,64.8,B,2.592,PASS
77,94,58,13,28,270.0,54.0,C+,2.16,FAIL
3,52,23,13,25,116.0,23.2,NG,0.9280000000000002,FAIL
54,34,12,18,58,176.0,35.2,C,1.408,FAIL
30,0,80,35,8,153.0,30.6,NG,1.224,FAIL
40,56,77,60,3,236.0,47.2,C,1.888,FAIL
7,47,29,94,83,260.0,52.0,C+,2.08,FAIL
72,7,33,39,73,224.0,44.8,C,1.7920000000000003,FAIL
40,95,26,90,0,251.0,50.2,C+,2.008,FAIL
16,74,19,69,96,274.0,54.8,C+,2.192,FAIL
49,45,22,10,79,205.0,41.0,C,1.64,FAIL
5,9,83,10,40,147.0,29.4,NG,1.176,FAIL
17,22,49,83,4,175.0,35.0,C,1.4,FAIL
91,4,21,35,10,161.0,32.2,NG,1.288,FAIL
11,84,80,64,89,328.0,65.6,B,2.6240000000000006,FAIL
21,30,2,26,89,168.0,33.6,NG,1.344,FAIL
78,16,46,91,45,276.0,55.2,C+,2.208,FAIL
0,69,20,23,42,154.0,30.8,NG,1.232,FAIL
61,16,31,25,74,207.0,41.4,C,1.656,FAIL
62,66,35,35,29,227.0,45.4,C,1.8159999999999998,FAIL
32,51,3,95,9,190.0,38.0,C,1.52,FAIL
85,90,14,51,47,287.0,57.4,C+,2.296,FAIL
83,85,48,67,50,333.0,66.6,B,2.664,PASS
49,35,41,63,49,237.0,47.4,C,1.896,PASS
88,94,96,99,73,450.0,90.0,A+,3.6,PASS
38,5,80,77,34,234.0,46.8,C,1.872,FAIL
49,69,75,85,41,319.0,63.8,B,2.552,PASS
37,4,28,96,17,182.0,36.4,C,1.456,FAIL
49,90,88,58,88,373.0,74.6,B+,2.984,PASS
78,6,40,17,79,220.0,44.0,C,1.76,FAIL
67,3,85,48,88,291.0,58.2,C+,2.328,FAIL
88,18,74,42,10,232.0,46.4,C,1.8560000000000003,FAIL
45,81,45,37,9,217.0,43.4,C,1.736,FAIL
0,91,53,40,63,247.0,49.4,C,1.976,FAIL
69,63,14,50,97,293.0,58.6,C+,2.344,FAIL
32,81,87,15,64,279.0,55.8,C+,2.232,FAIL
6,34,92,56,83,271.0,54.2,C+,2.168,FAIL
43,95,21,86,71,316.0,63.2,B,2.528,FAIL
11,21,64,74,75,245.0,49.0,C,1.96,FAIL
25,51,75,16,22,189.0,37.8,C,1.5119999999999998,FAIL
79,50,56,37,57,279.0,55.8,C+,2.232,PASS
89,17,1,90,90,287.0,57.4,C+,2.296,FAIL
3,29,30,1,63,126.0,25.2,NG,1.008,FAIL
43,62,47,70,72,294.0,58.8,C+,2.352,PASS
2,80,87,18,23,210.0,42.0,C,1.68,FAIL
0,4,99,18,36,157.0,31.4,NG,1.256,FAIL
3,35,52,86,82,258.0,51.6,C+,2.064,FAIL
15,27,21,0,73,136.0,27.2,NG,1.088,FAIL
89,17,94,9,67,276.0,55.2,C+,2.208,FAIL
1,0,93,38,1,133.0,26.6,NG,1.064,FAIL
66,65,2,3,97,233.0,46.6,C,1.864,FAIL
94,38,74,61,96,363.0,72.6,B+,2.904,PASS
90,58,20,44,14,226.0,45.2,C,1.808,FAIL
89,36,10,79,17,231.0,46.2,C,1.848,FAIL
69,86,9,37,12,213.0,42.6,C,1.704,FAIL
13,0,31,42,11,97.0,19.4,NG,0.7760000000000001,FAIL
54,5,72,71,42,244.0,48.8,C,1.952,FAIL
5,69,58,5,61,198.0,39.6,C,1.584,FAIL
95,46,77,63,24,305.0,61.0,B,2.44,FAIL
71,90,80,28,85,354.0,70.8,B+,2.832,FAIL
93,41,13,9,20,176.0,35.2,C,1.408,FAIL
75,5,85,21,98,284.0,56.8,C+,2.272,FAIL
2,41,6,39,85,173.0,34.6,NG,1.3839999999999997,FAIL
21,78,81,36,29,245.0,49.0,C,1.96,FAIL
64,47,34,47,93,285.0,57.0,C+,2.28,FAIL
32,27,81,15,87,242.0,48.4,C,1.936,FAIL
33,21,94,33,40,221.0,44.2,C,1.768,FAIL
36,14,23,16,44,133.0,26.6,NG,1.064,FAIL
4,62,52,51,98,267.0,53.4,C+,2.136,FAIL
85,47,51,47,0,230.0,46.0,C,1.84,FAIL
58,90,66,5,8,227.0,45.4,C,1.8159999999999998,FAIL
0,49,20,96,65,230.0,46.0,C,1.84,FAIL
11,10,33,63,26,143.0,28.6,NG,1.144,FAIL
25,57,23,22,50,177.0,35.4,C,1.416,FAIL
63,97,20,14,25,219.0,43.8,C,1.7519999999999998,FAIL
74,41,54,73,8,250.0,50.0,C+,2.0,FAIL
0,96,9,55,67,227.0,45.4,C,1.8159999999999998,FAIL
31,62,52,40,96,281.0,56.2,C+,2.248,FAIL
86,89,43,47,28,293.0,58.6,C+,2.344,FAIL
58,51,10,4,14,137.0,27.4,NG,1.096,FAIL
15,17,2,44,78,156.0,31.2,NG,1.248,FAIL
54,73,13,75,85,300.0,60.0,B,2.4,FAIL
6,9,75,87,51,228.0,45.6,C,1.824,FAIL
89,72,75,80,59,375.0,75.0,B+,3.0,PASS
70,78,57,96,55,356.0,71.2,B+,2.8480000000000003,PASS
32,76,32,10,5,155.0,31.0,NG,1.24,FAIL
75,23,42,33,29,202.0,40.4,C,1.6160000000000003,FAIL
25,73,74,57,67,296.0,59.2,C+,2.368,FAIL
26,7,62,42,12,149.0,29.8,NG,1.192,FAIL
76,82,42,60,48,308.0,61.6,B,2.464,PASS
24,8,61,84,36,213.0,42.6,C,1.704,FAIL
87,90,87,33,37,334.0,66.8,B,2.6719999999999997,FAIL
92,86,90,3,91,362.0,72.4,B+,2.8959999999999995,FAIL
49,82,39,2,7,179.0,35.8,C,1.432,FAIL
12,55,37,24,13,141.0,28.2,NG,1.128,FAIL
94,97,65,92,45,393.0,78.6,B+,3.144,PASS
88,88,66,49,86,377.0,75.4,B+,3.016,PASS
16,82,68,60,60,286.0,57.2,C+,2.288,FAIL
38,9,45,22,90,204.0,40.8,C,1.632,FAIL
66,15,44,55,16,196.0,39.2,C,1.568,FAIL
16,76,39,62,25,218.0,43.6,C,1.744,FAIL
70,9,28,41,19,167.0,33.4,NG,1.3359999999999999,FAIL
48,19,26,68,5,166.0,33.2,NG,1.328,FAIL
81,62,59,95,14,311.0,62.2,B,2.488,FAIL
94,20,13,11,5,143.0,28.6,NG,1.144,FAIL
8,82,77,26,17,210.0,42.0,C,1.68,FAIL
81,54,31,29,96,291.0,58.2,C+,2.328,FAIL
35,22,37,62,92,248.0,49.6,C,1.984,FAIL
10,26,65,13,29,143.0,28.6,NG,1.144,FAIL
40,47,47,97,19,250.0,50.0,C+,2.0,FAIL
43,39,95,92,38,307.0,61.4,B,2.456,PASS
28,17,67,73,63,248.0,49.6,C,1.984,FAIL
26,87,12,54,90,269.0,53.8,C+,2.152,FAIL
34,35,56,95,14,234.0,46.8,C,1.872,FAIL
58,40,67,11,86,262.0,52.4,C+,2.096,FAIL
24,54,46,41,52,217.0,43.4,C,1.736,FAIL
26,69,55,69,32,251.0,50.2,C+,2.008,FAIL
16,28,63,33,89,229.0,45.8,C,1.832,FAIL
11,12,88,11,44,166.0,33.2,NG,1.328,FAIL
63,65,18,67,70,283.0,56.6,C+,2.264,FAIL
23,22,0,74,71,190.0,38.0,C,1.52,FAIL
31,16,10,62,52,171.0,34.2,NG,1.368,FAIL
66,60,51,11,11,199.0,39.8,C,1.592,FAIL
50,98,89,29,80,346.0,69.2,B,2.7679999999999993,FAIL
3,0,4,23,56,86.0,17.2,NG,0.688,FAIL
3,35,2,46,0,86.0,17.2,NG,0.688,FAIL
44,44,95,9,26,218.0,43.6,C,1.744,FAIL
60,31,4,70,33,198.0,39.6,C,1.584,FAIL
19,21,28,77,10,155.0,31.0,NG,1.24,FAIL
13,53,42,28,66,202.0,40.4,C,1.6160000000000003,FAIL
2,85,5,70,53,215.0,43.0,C,1.72,FAIL
74,84,8,16,95,277.0,55.4,C+,2.216,FAIL
59,99,95,2,31,286.0,57.2,C+,2.288,FAIL
83,25,51,44,65,268.0,53.6,C+,2.144,FAIL
39,58,58,92,20,267.0,53.4,C+,2.136,FAIL
11,13,34,61,56,175.0,35.0,C,1.4,FAIL
14,98,39,82,59,292.0,58.4,C+,2.336,FAIL
24,40,37,20,97,218.0,43.6,C,1.744,FAIL
51,50,65,3,6,175.0,35.0,C,1.4,FAIL
6,25,43,20,35,129.0,25.8,NG,1.032,FAIL
67,18,23,40,68,216.0,43.2,C,1.7280000000000002,FAIL
73,3,85,1,14,176.0,35.2,C,1.408,FAIL
50,59,92,97,24,322.0,64.4,B,2.576,FAIL
17,29,29,52,47,174.0,34.8,NG,1.392,FAIL
23,80,5,57,36,201.0,40.2,C,1.608,FAIL
63,77,65,50,55,310.0,62.0,B,2.48,PASS
55,98,83,33,49,318.0,63.6,B,2.544,FAIL
65,61,16,15,63,220.0,44.0,C,1.76,FAIL
68,97,26,30,45,266.0,53.2,C+,2.128,FAIL
96,93,32,43,94,358.0,71.6,B+,2.864,FAIL
75,49,77,27,56,284.0,56.8,C+,2.272,FAIL
4,56,4,40,78,182.0,36.4,C,1.456,FAIL
10,48,82,42,36,218.0,43.6,C,1.744,FAIL
45,71,10,97,5,228.0,45.6,C,1.824,FAIL
99,25,36,1,14,175.0,35.0,C,1.4,FAIL
84,98,36,0,37,255.0,51.0,C+,2.04,FAIL
52,47,39,91,14,243.0,48.6,C,1.944,FAIL
21,86,43,89,51,290.0,58.0,C+,2.32,FAIL
17,33,63,5,76,194.0,38.8,C,1.5520000000000003,FAIL
86,43,87,95,85,396.0,79.2,B+,3.168,PASS
86,84,7,82,46,305.0,61.0,B,2.44,FAIL
64,13,12,70,18,177.0,35.4,C,1.416,FAIL
67,76,6,4,84,237.0,47.4,C,1.896,FAIL
98,18,46,72,18,252.0,50.4,C+,2.016,FAIL
9,96,6,97,56,264.0,52.8,C+,2.112,FAIL
91,94,37,5,12,239.0,47.8,C,1.912,FAIL
5,16,44,90,45,200.0,40.0,C,1.6,FAIL
84,81,99,41,15,320.0,64.0,B,2.56,FAIL
45,59,86,90,99,379.0,75.8,B+,3.032,PASS
4,15,78,37,0,134.0,26.8,NG,1.072,FAIL
93,49,38,21,5,206.0,41.2,C,1.648,FAIL
23,72,15,57,7,174.0,34.8,NG,1.392,FAIL
92,8,54,35,30,219.0,43.8,C,1.7519999999999998,FAIL
30,95,9,6,19,159.0,31.8,NG,1.272,FAIL
45,39,20,34,68,206.0,41.2,C,1.648,FAIL
10,21,57,20,87,195.0,39.0,C,1.56,FAIL
28,74,31,28,81,242.0,48.4,C,1.936,FAIL
92,48,3,45,20,208.0,41.6,C,1.6640000000000001,FAIL
81,7,35,26,25,174.0,34.8,NG,1.392,FAIL
9,2,85,0,9,105.0,21.0,NG,0.84,FAIL
96,98,21,90,63,368.0,73.6,B+,2.944,FAIL
92,37,83,72,80,364.0,72.8,B+,2.912,PASS
56,98,36,81,31,302.0,60.4,B,2.416,FAIL
16,31,14,16,71,148.0,29.6,NG,1.184,FAIL
94,80,94,68,32,368.0,73.6,B+,2.944,FAIL
97,73,75,19,35,299.0,59.8,C+,2.392,FAIL
66,68,29,98,2,263.0,52.6,C+,2.104,FAIL
0,31,70,60,66,227.0,45.4,C,1.8159999999999998,FAIL
26,47,72,7,93,245.0,49.0,C,1.96,FAIL
74,3,88,75,1,241.0,48.2,C,1.928,FAIL
36,93,32,59,40,260.0,52.0,C+,2.08,FAIL
63,37,3,21,71,195.0,39.0,C,1.56,FAIL
88,29,93,80,84,374.0,74.8,B+,2.992,FAIL
54,57,63,12,54,240.0,48.0,C,1.92,FAIL
24,88,4,3,26,145.0,29.0,NG,1.16,FAIL
21,15,31,12,54,133.0,26.6,NG,1.064,FAIL
7,77,75,59,94,312.0,62.4,B,2.496,FAIL
97,91,12,73,61,334.0,66.8,B,2.6719999999999997,FAIL
9,92,46,52,38,237.0,47.4,C,1.896,FAIL
16,99,34,84,99,332.0,66.4,B,2.656,FAIL
5,26,62,69,93,255.0,51.0,C+,2.04,FAIL
35,88,75,53,13,264.0,52.8,C+,2.112,FAIL
62,74,39,2,67,244.0,48.8,C,1.952,FAIL
37,61,15,1,8,122.0,24.4,NG,0.976,FAIL
28,41,61,11,0,141.0,28.2,NG,1.128,FAIL
4,30,76,8,61,179.0,35.8,C,1.432,FAIL
46,7,67,56,7,183.0,36.6,C,1.464,FAIL
93,52,53,92,38,328.0,65.6,B,2.6240000000000006,PASS
56,7,11,74,72,220.0,44.0,C,1.76,FAIL
48,9,73,99,78,307.0,61.4,B,2.456,FAIL
28,15,48,38,83,212.0,42.4,C,1.696,FAIL
89,98,71,84,36,378.0,75.6,B+,3.0239999999999996,PASS
66,42,90,20,63,281.0,56.2,C+,2.248,FAIL
45,23,66,87,4,225.0,45.0,C,1.8,FAIL
99,13,43,74,13,242.0,48.4,C,1.936,FAIL
65,84,13,57,57,276.0,55.2,C+,2.208,FAIL
13,79,44,77,25,238.0,47.6,C,1.9039999999999997,FAIL
37,92,97,35,18,279.0,55.8,C+,2.232,FAIL
78,25,78,37,19,237.0,47.4,C,1.896,FAIL
18,76,35,48,26,203.0,40.6,C,1.624,FAIL
61,67,59,24,61,272.0,54.4,C+,2.176,FAIL
89,3,38,14,76,220.0,44.0,C,1.76,FAIL
89,98,31,38,1,257.0,51.4,C+,2.056,FAIL
61,66,78,1,97,303.0,60.6,B,2.424,FAIL
83,71,37,3,18,212.0,42.4,C,1.696,FAIL
52,66,83,9,12,222.0,44.4,C,1.776,FAIL
20,42,33,74,83,252.0,50.4,C+,2.016,FAIL
69,15,17,26,98,225.0,45.0,C,1.8,FAIL
35,0,39,48,95,217.0,43.4,C,1.736,FAIL
82,31,20,30,70,233.0,46.6,C,1.864,FAIL
53,36,37,64,96,286.0,57.2,C+,2.288,PASS
7,73,85,74,62,301.0,60.2,B,2.408,FAIL
32,46,96,85,22,281.0,56.2,C+,2.248,FAIL
69,28,6,53,27,183.0,36.6,C,1.464,FAIL
12,2,43,46,95,198.0,39.6,C,1.584,FAIL
32,70,11,24,67,204.0,40.8,C,1.632,FAIL
21,79,69,47,41,257.0,51.4,C+,2.056,FAIL
39,26,93,93,4,255.0,51.0,C+,2.04,FAIL
0,8,48,22,12,90.0,18.0,NG,0.72,FAIL
66,79,56,77,24,302.0,60.4,B,2.416,FAIL
82,71,40,42,19,254.0,50.8,C+,2.032,FAIL
41,57,6,72,83,259.0,51.8,C+,2.072,FAIL
81,80,11,43,85,300.0,60.0,B,2.4,FAIL
80,20,30,69,16,215.0,43.0,C,1.72,FAIL
23,81,93,54,18,269.0,53.8,C+,2.152,FAIL
71,78,10,58,88,305.0,61.0,B,2.44,FAIL
94,52,82,74,45,347.0,69.4,B,2.776,PASS
53,49,38,0,76,216.0,43.2,C,1.7280000000000002,FAIL
40,4,24,40,0,108.0,21.6,NG,0.8640000000000001,FAIL
42,82,20,69,98,311.0,62.2,B,2.488,FAIL
85,15,72,27,12,211.0,42.2,C,1.6879999999999997,FAIL
42,17,38,96,75,268.0,53.6,C+,2.144,FAIL
45,10,66,82,67,270.0,54.0,C+,2.16,FAIL
16,70,71,96,83,336.0,67.2,B,2.688,FAIL
26,59,51,37,75,248.0,49.6,C,1.984,FAIL
86,72,7,96,39,300.0,60.0,B,2.4,FAIL
48,92,40,40,76,296.0,59.2,C+,2.368,PASS
36,54,6,97,68,261.0,52.2,C+,2.088,FAIL
26,67,97,2,75,267.0,53.4,C+,2.136,FAIL
57,75,62,27,68,289.0,57.8,C+,2.312,FAIL
74,39,58,72,36,279.0,55.8,C+,2.232,PASS
76,70,21,83,79,329.0,65.8,B,2.6319999999999997,FAIL
3,54,15,31,88,191.0,38.2,C,1.528,FAIL
90,40,22,90,43,285.0,57.0,C+,2.28,FAIL
78,62,47,65,82,334.0,66.8,B,2.6719999999999997,PASS
23,66,74,79,34,276.0,55.2,C+,2.208,FAIL
70,7,95,2,77,251.0,50.2,C+,2.008,FAIL
52,75,26,60,83,296.0,59.2,C+,2.368,FAIL
22,13,75,98,2,210.0,42.0,C,1.68,FAIL
99,55,63,36,70,323.0,64.6,B,2.5840000000000005,PASS
15,91,4,56,3,169.0,33.8,NG,1.352,FAIL
15,79,65,30,24,213.0,42.6,C,1.704,FAIL
87,77,74,0,70,308.0,61.6,B,2.464,FAIL
33,23,99,58,81,294.0,58.8,C+,2.352,FAIL
40,21,43,19,50,173.0,34.6,NG,1.3839999999999997,FAIL
98,86,84,28,14,310.0,62.0,B,2.48,FAIL
73,63,8,75,7,226.0,45.2,C,1.808,FAIL
89,56,41,1,84,271.0,54.2,C+,2.168,FAIL
66,71,35,99,90,361.0,72.2,B+,2.888,PASS
27,89,84,59,9,268.0,53.6,C+,2.144,FAIL
34,71,9,62,4,180.0,36.0,C,1.44,FAIL
26,56,82,73,69,306.0,61.2,B,2.448,FAIL
89,7,46,75,28,245.0,49.0,C,1.96,FAIL
66,66,97,64,39,332.0,66.4,B,2.656,PASS
80,62,23,35,96,296.0,59.2,C+,2.368,FAIL
21,87,27,68,40,243.0,48.6,C,1.944,FAIL
8,61,77,6,38,190.0,38.0,C,1.52,FAIL
41,33,85,60,57,276.0,55.2,C+,2.208,FAIL
12,30,30,95,90,257.0,51.4,C+,2.056,FAIL
69,42,30,95,51,287.0,57.4,C+,2.296,FAIL
64,41,97,22,46,270.0,54.0,C+,2.16,FAIL
28,92,65,6,19,210.0,42.0,C,1.68,FAIL
3,27,54,24,3,111.0,22.2,NG,0.888,FAIL
95,68,40,68,15,286.0,57.2,C+,2.288,FAIL
74,90,29,78,5,276.0,55.2,C+,2.208,FAIL
68,46,25,98,72,309.0,61.8,B,2.472,FAIL
15,86,27,91,12,231.0,46.2,C,1.848,FAIL
95,26,59,54,26,260.0,52.0,C+,2.08,FAIL
28,68,60,83,59,298.0,59.6,C+,2.384,FAIL
56,19,89,67,15,246.0,49.2,C,1.9680000000000002,FAIL
7,91,24,0,94,216.0,43.2,C,1.7280000000000002,FAIL
36,61,25,95,3,220.0,44.0,C,1.76,FAIL
81,94,65,78,79,397.0,79.4,B+,3.176,PASS
11,10,71,92,15,199.0,39.8,C,1.592,FAIL
70,15,18,3,68,174.0,34.8,NG,1.392,FAIL
55,77,29,61,87,309.0,61.8,B,2.472,FAIL
67,96,15,99,50,327.0,65.4,B,2.616,FAIL
41,14,60,13,84,212.0,42.4,C,1.696,FAIL
46,3,88,2,4,143.0,28.6,NG,1.144,FAIL
2,24,58,47,79,210.0,42.0,C,1.68,FAIL
74,76,16,63,70,299.0,59.8,C+,2.392,FAIL
72,90,61,31,85,339.0,67.8,B,2.7120000000000006,FAIL
97,99,34,92,76,398.0,79.6,B+,3.184,FAIL
18,75,93,64,90,340.0,68.0,B,2.72,FAIL
94,98,47,77,15,331.0,66.2,B,2.648,FAIL
23,88,21,3,61,196.0,39.2,C,1.568,FAIL
49,14,6,30,47,146.0,29.2,NG,1.168,FAIL
30,73,61,28,79,271.0,54.2,C+,2.168,FAIL
86,19,68,65,88,326.0,65.2,B,2.608,FAIL
83,79,53,91,73,379.0,75.8,B+,3.032,PASS
88,19,74,13,83,277.0,55.4,C+,2.216,FAIL
64,84,23,30,23,224.0,44.8,C,1.7920000000000003,FAIL
37,74,9,95,23,238.0,47.6,C,1.9039999999999997,FAIL
89,82,11,38,41,261.0,52.2,C+,2.088,FAIL
33,84,62,90,86,355.0,71.0,B+,2.84,FAIL
19,39,85,53,40,236.0,47.2,C,1.888,FAIL
42,46,16,47,46,197.0,39.4,C,1.5759999999999998,FAIL
40,57,67,61,59,284.0,56.8,C+,2.272,PASS
73,60,48,31,64,276.0,55.2,C+,2.208,FAIL
31,12,95,19,61,218.0,43.6,C,1.744,FAIL
82,71,93,18,18,282.0,56.4,C+,2.256,FAIL
63,0,41,32,66,202.0,40.4,C,1.6160000000000003,FAIL
22,62,20,47,49,200.0,40.0,C,1.6,FAIL
63,71,24,19,78,255.0,51.0,C+,2.04,FAIL
0,78,45,44,37,204.0,40.8,C,1.632,FAIL
82,73,47,90,30,322.0,64.4,B,2.576,FAIL
76,59,51,46,4,236.0,47.2,C,1.888,FAIL
65,10,63,65,39,242.0,48.4,C,1.936,FAIL
42,87,84,3,82,298.0,59.6,C+,2.384,FAIL
65,65,18,83,20,251.0,50.2,C+,2.008,FAIL
16,2,94,58,72,242.0,48.4,C,1.936,FAIL
30,23,16,34,26,129.0,25.8,NG,1.032,FAIL
51,13,85,84,32,265.0,53.0,C+,2.12,FAIL
52,24,28,93,49,246.0,49.2,C,1.9680000000000002,FAIL
35,70,38,28,94,265.0,53.0,C+,2.12,FAIL
62,77,91,69,47,346.0,69.2,B,2.7679999999999993,PASS
48,78,68,54,26,274.0,54.8,C+,2.192,FAIL
47,44,92,32,40,255.0,51.0,C+,2.04,FAIL
26,0,20,22,30,98.0,19.6,NG,0.784,FAIL
62,96,29,76,68,331.0,66.2,B,2.648,FAIL
32,30,91,94,75,322.0,64.4,B,2.576,FAIL
51,9,99,4,16,179.0,35.8,C,1.432,FAIL
20,66,50,77,50,263.0,52.6,C+,2.104,FAIL
75,21,36,85,1,218.0,43.6,C,1.744,FAIL
85,98,92,53,13,341.0,68.2,B,2.728,FAIL
97,30,73,13,20,233.0,46.6,C,1.864,FAIL
12,53,8,13,1,87.0,17.4,NG,0.696,FAIL
80,53,38,34,7,212.0,42.4,C,1.696,FAIL
89,19,76,71,77,332.0,66.4,B,2.656,FAIL
61,62,17,6,42,188.0,37.6,C,1.504,FAIL
64,35,43,96,66,304.0,60.8,B,2.432,PASS
5,9,62,73,1,150.0,30.0,NG,1.2,FAIL
76,53,96,30,78,333.0,66.6,B,2.664,FAIL
34,91,24,47,77,273.0,54.6,C+,2.184,FAIL
46,66,65,83,90,350.0,70.0,B+,2.8,PASS
79,39,72,14,78,282.0,56.4,C+,2.256,FAIL
97,87,45,66,29,324.0,64.8,B,2.592,FAIL
9,11,43,32,62,157.0,31.4,NG,1.256,FAIL
44,12,49,5,11,121.0,24.2,NG,0.968,FAIL
11,10,50,29,70,170.0,34.0,NG,1.36,FAIL
16,57,89,21,0,183.0,36.6,C,1.464,FAIL
10,2,0,27,3,42.0,8.4,NG,0.336,FAIL
41,98,45,81,9,274.0,54.8,C+,2.192,FAIL
78,74,32,52,92,328.0,65.6,B,2.6240000000000006,FAIL
66,49,89,69,68,341.0,68.2,B,2.728,PASS
79,31,1,77,7,195.0,39.0,C,1.56,FAIL
37,48,20,40,30,175.0,35.0,C,1.4,FAIL
20,42,57,26,12,157.0,31.4,NG,1.256,FAIL
10,59,45,64,31,209.0,41.8,C,1.672,FAIL
25,28,0,17,41,111.0,22.2,NG,0.888,FAIL
55,11,2,79,43,190.0,38.0,C,1.52,FAIL
76,98,31,24,4,233.0,46.6,C,1.864,FAIL
42,93,8,10,70,223.0,44.6,C,1.784,FAIL
28,38,79,48,60,253.0,50.6,C+,2.024,FAIL
11,63,90,66,48,278.0,55.6,C+,2.224,FAIL
32,76,57,91,90,346.0,69.2,B,2.7679999999999993,FAIL
70,32,30,50,8,190.0,38.0,C,1.52,FAIL
83,95,10,0,19,207.0,41.4,C,1.656,FAIL
4,70,21,19,20,134.0,26.8,NG,1.072,FAIL
12,8,14,84,65,183.0,36.6,C,1.464,FAIL
60,52,83,73,61,329.0,65.8,B,2.6319999999999997,PASS
35,71,23,17,21,167.0,33.4,NG,1.3359999999999999,FAIL
86,53,16,81,83,319.0,63.8,B,2.552,FAIL
2,31,11,33,30,107.0,21.4,NG,0.856,FAIL
31,47,90,41,95,304.0,60.8,B,2.432,FAIL
81,60,5,83,76,305.0,61.0,B,2.44,FAIL
65,67,84,9,81,306.0,61.2,B,2.448,FAIL
60,79,57,63,68,327.0,65.4,B,2.616,PASS
55,44,16,23,32,170.0,34.0,NG,1.36,FAIL
82,98,92,56,12,340.0,68.0,B,2.72,FAIL
79,76,45,83,39,322.0,64.4,B,2.576,PASS
82,31,64,72,63,312.0,62.4,B,2.496,FAIL
70,12,69,5,2,158.0,31.6,NG,1.264,FAIL
70,24,17,72,83,266.0,53.2,C+,2.128,FAIL
26,49,90,76,7,248.0,49.6,C,1.984,FAIL
24,42,78,73,25,242.0,48.4,C,1.936,FAIL
0,96,42,83,11,232.0,46.4,C,1.8560000000000003,FAIL
84,42,32,78,12,248.0,49.6,C,1.984,FAIL
25,40,94,77,26,262.0,52.4,C+,2.096,FAIL
79,93,91,23,45,331.0,66.2,B,2.648,FAIL
26,76,34,98,95,329.0,65.8,B,2.6319999999999997,FAIL
96,55,81,96,21,349.0,69.8,B,2.792,FAIL
60,31,5,53,63,212.0,42.4,C,1.696,FAIL
37,24,63,99,20,243.0,48.6,C,1.944,FAIL
90,62,65,84,59,360.0,72.0,B+,2.88,PASS
17,21,5,41,77,161.0,32.2,NG,1.288,FAIL
64,84,53,30,41,272.0,54.4,C+,2.176,FAIL
72,3,27,94,93,289.0,57.8,C+,2.312,FAIL
40,88,30,42,3,203.0,40.6,C,1.624,FAIL
42,52,37,80,34,245.0,49.0,C,1.96,FAIL
53,30,97,46,27,253.0,50.6,C+,2.024,FAIL
87,66,34,15,17,219.0,43.8,C,1.7519999999999998,FAIL
44,25,48,20,89,226.0,45.2,C,1.808,FAIL
40,57,63,0,36,196.0,39.2,C,1.568,FAIL
77,99,77,47,38,338.0,67.6,B,2.704,PASS
42,94,8,44,63,251.0,50.2,C+,2.008,FAIL
8,25,35,63,23,154.0,30.8,NG,1.232,FAIL
79,67,86,79,99,410.0,82.0,A,3.28,PASS
1,0,87,53,41,182.0,36.4,C,1.456,FAIL
16,39,46,35,26,162.0,32.4,NG,1.296,FAIL
75,27,11,8,47,168.0,33.6,NG,1.344,FAIL
63,81,42,45,47,278.0,55.6,C+,2.224,PASS
72,69,54,60,85,340.0,68.0,B,2.72,PASS
23,4,68,91,77,263.0,52.6,C+,2.104,FAIL
67,56,84,61,45,313.0,62.6,B,2.504,PASS
71,89,34,12,64,270.0,54.0,C+,2.16,FAIL
4,15,68,20,36,143.0,28.6,NG,1.144,FAIL
36,75,70,1,96,278.0,55.6,C+,2.224,FAIL
26,64,48,45,86,269.0,53.8,C+,2.152,FAIL
31,5,71,60,43,210.0,42.0,C,1.68,FAIL
43,31,52,15,59,200.0,40.0,C,1.6,FAIL
90,65,25,91,95,366.0,73.2,B+,2.928,FAIL
51,85,80,49,21,286.0,57.2,C+,2.288,FAIL
38,75,47,50,80,290.0,58.0,C+,2.32,PASS
6,32,20,63,58,179.0,35.8,C,1.432,FAIL
28,41,88,14,81,252.0,50.4,C+,2.016,FAIL
50,70,86,76,6,288.0,57.6,C+,2.304,FAIL
83,98,48,30,32,291.0,58.2,C+,2.328,FAIL
68,7,52,0,51,178.0,35.6,C,1.4240000000000002,FAIL
88,66,73,57,93,377.0,75.4,B+,3.016,PASS
3,12,68,1,7,91.0,18.2,NG,0.728,FAIL
74,2,20,35,15,146.0,29.2,NG,1.168,FAIL
53,72,10,34,71,240.0,48.0,C,1.92,FAIL
23,76,13,52,76,240.0,48.0,C,1.92,FAIL
12,91,82,15,42,242.0,48.4,C,1.936,FAIL
97,16,10,64,34,221.0,44.2,C,1.768,FAIL
37,85,41,61,42,266.0,53.2,C+,2.128,PASS
67,18,27,14,62,188.0,37.6,C,1.504,FAIL
84,20,78,49,44,275.0,55.0,C+,2.2,FAIL
29,66,73,84,94,346.0,69.2,B,2.7679999999999993,FAIL
84,54,36,86,50,310.0,62.0,B,2.48,PASS
80,65,90,74,32,341.0,68.2,B,2.728,FAIL
13,12,62,55,3,145.0,29.0,NG,1.16,FAIL
37,70,84,20,98,309.0,61.8,B,2.472,FAIL
63,29,45,62,20,219.0,43.8,C,1.7519999999999998,FAIL
17,1,81,20,24,143.0,28.6,NG,1.144,FAIL
75,58,41,41,96,311.0,62.2,B,2.488,PASS
78,93,6,6,96,279.0,55.8,C+,2.232,FAIL
72,29,63,63,9,236.0,47.2,C,1.888,FAIL
32,28,38,1,91,190.0,38.0,C,1.52,FAIL
12,67,38,68,30,215.0,43.0,C,1.72,FAIL
0,5,66,5,57,133.0,26.6,NG,1.064,FAIL
8,99,99,6,62,274.0,54.8,C+,2.192,FAIL
26,40,15,61,12,154.0,30.8,NG,1.232,FAIL
55,25,61,20,67,228.0,45.6,C,1.824,FAIL
87,67,83,91,65,393.0,78.6,B+,3.144,PASS
21,1,62,5,87,176.0,35.2,C,1.408,FAIL
42,18,52,21,3,136.0,27.2,NG,1.088,FAIL
85,72,14,58,49,278.0,55.6,C+,2.224,FAIL
95,58,17,51,36,257.0,51.4,C+,2.056,FAIL
23,96,55,16,23,213.0,42.6,C,1.704,FAIL
56,45,36,33,74,244.0,48.8,C,1.952,FAIL
42,84,4,48,1,179.0,35.8,C,1.432,FAIL
36,80,79,54,81,330.0,66.0,B,2.64,PASS
30,40,52,32,83,237.0,47.4,C,1.896,FAIL
15,55,87,61,87,305.0,61.0,B,2.44,FAIL
58,27,3,15,98,201.0,40.2,C,1.608,FAIL
80,0,19,18,77,194.0,38.8,C,1.5520000000000003,FAIL
43,8,63,1,40,155.0,31.0,NG,1.24,FAIL
17,65,67,30,57,236.0,47.2,C,1.888,FAIL
75,73,53,26,34,261.0,52.2,C+,2.088,FAIL
8,44,81,45,36,214.0,42.8,C,1.712,FAIL
41,6,10,42,62,161.0,32.2,NG,1.288,FAIL
97,2,24,96,34,253.0,50.6,C+,2.024,FAIL
30,52,41,8,50,181.0,36.2,C,1.4479999999999997,FAIL
40,83,57,3,59,242.0,48.4,C,1.936,FAIL
82,30,33,43,86,274.0,54.8,C+,2.192,FAIL
9,91,7,81,99,287.0,57.4,C+,2.296,FAIL
11,37,30,50,89,217.0,43.4,C,1.736,FAIL
39,42,2,43,77,203.0,40.6,C,1.624,FAIL
13,39,3,67,35,157.0,31.4,NG,1.256,FAIL
85,92,36,57,9,279.0,55.8,C+,2.232,FAIL
94,8,12,73,52,239.0,47.8,C,1.912,FAIL
78,10,4,67,18,177.0,35.4,C,1.416,FAIL
51,83,49,98,52,333.0,66.6,B,2.664,PASS
33,67,66,44,4,214.0,42.8,C,1.712,FAIL
8,36,84,3,14,145.0,29.0,NG,1.16,FAIL
15,30,96,28,35,204.0,40.8,C,1.632,FAIL
78,67,33,50,11,239.0,47.8,C,1.912,FAIL
65,95,27,8,41,236.0,47.2,C,1.888,FAIL
99,71,80,47,53,350.0,70.0,B+,2.8,PASS
83,14,40,43,49,229.0,45.8,C,1.832,FAIL
91,16,16,96,69,288.0,57.6,C+,2.304,FAIL
41,43,78,54,50,266.0,53.2,C+,2.128,PASS
23,75,55,58,26,237.0,47.4,C,1.896,FAIL
56,63,36,13,36,204.0,40.8,C,1.632,FAIL
67,42,81,65,91,346.0,69.2,B,2.7679999999999993,PASS
75,1,94,99,42,311.0,62.2,B,2.488,FAIL
5,19,81,29,47,181.0,36.2,C,1.4479999999999997,FAIL
89,88,12,5,66,260.0,52.0,C+,2.08,FAIL
38,97,99,2,15,251.0,50.2,C+,2.008,FAIL
74,92,35,22,21,244.0,48.8,C,1.952,FAIL
83,37,43,90,9,262.0,52.4,C+,2.096,FAIL
73,71,24,57,33,258.0,51.6,C+,2.064,FAIL
18,1,35,42,33,129.0,25.8,NG,1.032,FAIL
63,94,80,68,47,352.0,70.4,B+,2.816,PASS
84,77,66,58,28,313.0,62.6,B,2.504,FAIL
67,62,18,43,11,201.0,40.2,C,1.608,FAIL
51,32,40,17,41,181.0,36.2,C,1.4479999999999997,FAIL
82,30,10,88,72,282.0,56.4,C+,2.256,FAIL
91,31,26,41,54,243.0,48.6,C,1.944,FAIL
7,32,31,53,31,154.0,30.8,NG,1.232,FAIL
45,73,40,29,51,238.0,47.6,C,1.9039999999999997,FAIL
97,23,5,87,19,231.0,46.2,C,1.848,FAIL
19,76,73,86,95,349.0,69.8,B,2.792,FAIL
95,29,31,1,11,167.0,33.4,NG,1.3359999999999999,FAIL
69,18,25,50,50,212.0,42.4,C,1.696,FAIL
6,6,39,50,30,131.0,26.2,NG,1.048,FAIL
73,13,12,57,19,174.0,34.8,NG,1.392,FAIL
82,77,23,64,30,276.0,55.2,C+,2.208,FAIL
13,71,28,73,81,266.0,53.2,C+,2.128,FAIL
25,83,88,74,99,369.0,73.8,B+,2.952,FAIL
12,34,95,71,16,228.0,45.6,C,1.824,FAIL
71,14,48,42,74,249.0,49.8,C,1.992,FAIL
96,31,32,31,55,245.0,49.0,C,1.96,FAIL
74,50,54,96,48,322.0,64.4,B,2.576,PASS
83,93,74,6,50,306.0,61.2,B,2.448,FAIL
40,89,28,55,11,223.0,44.6,C,1.784,FAIL
74,87,79,40,14,294.0,58.8,C+,2.352,FAIL
33,64,1,23,71,192.0,38.4,C,1.536,FAIL
96,68,70,2,71,307.0,61.4,B,2.456,FAIL
94,51,2,91,32,270.0,54.0,C+,2.16,FAIL
81,41,59,13,16,210.0,42.0,C,1.68,FAIL
99,62,55,72,17,305.0,61.0,B,2.44,FAIL
26,81,17,83,0,207.0,41.4,C,1.656,FAIL
23,7,32,12,13,87.0,17.4,NG,0.696,FAIL
72,7,93,50,44,266.0,53.2,C+,2.128,FAIL
3,42,60,9,13,127.0,25.4,NG,1.016,FAIL
58,7,94,36,94,289.0,57.8,C+,2.312,FAIL
14,87,31,96,56,284.0,56.8,C+,2.272,FAIL
14,71,56,59,2,202.0,40.4,C,1.6160000000000003,FAIL
11,10,38,96,28,183.0,36.6,C,1.464,FAIL
18,35,91,28,66,238.0,47.6,C,1.9039999999999997,FAIL
4,25,66,31,65,191.0,38.2,C,1.528,FAIL
82,95,65,30,62,334.0,66.8,B,2.6719999999999997,FAIL
90,1,60,69,3,223.0,44.6,C,1.784,FAIL
23,80,52,30,29,214.0,42.8,C,1.712,FAIL
26,91,45,4,55,221.0,44.2,C,1.768,FAIL
82,17,62,49,48,258.0,51.6,C+,2.064,FAIL
81,73,88,35,94,371.0,74.2,B+,2.968,PASS
0,4,65,61,63,193.0,38.6,C,1.544,FAIL
65,79,97,99,80,420.0,84.0,A,3.36,PASS
35,95,86,55,29,300.0,60.0,B,2.4,FAIL
47,40,26,46,79,238.0,47.6,C,1.9039999999999997,FAIL
32,94,29,35,26,216.0,43.2,C,1.7280000000000002,FAIL
96,37,59,76,2,270.0,54.0,C+,2.16,FAIL
5,72,94,11,44,226.0,45.2,C,1.808,FAIL
5,66,19,0,75,165.0,33.0,NG,1.32,FAIL
58,41,75,84,90,348.0,69.6,B,2.784,PASS
41,6,47,2,33,129.0,25.8,NG,1.032,FAIL
68,70,80,17,61,296.0,59.2,C+,2.368,FAIL
5,16,48,57,52,178.0,35.6,C,1.4240000000000002,FAIL
99,17,65,80,5,266.0,53.2,C+,2.128,FAIL
77,39,16,54,71,257.0,51.4,C+,2.056,FAIL
2,55,58,2,68,185.0,37.0,C,1.48,FAIL
93,4,67,37,17,218.0,43.6,C,1.744,FAIL
5,28,17,6,70,126.0,25.2,NG,1.008,FAIL
43,61,90,73,69,336.0,67.2,B,2.688,PASS
14,97,71,8,4,194.0,38.8,C,1.5520000000000003,FAIL
2,6,85,31,98,222.0,44.4,C,1.776,FAIL
85,12,99,16,58,270.0,54.0,C+,2.16,FAIL
11,43,56,63,83,256.0,51.2,C+,2.048,FAIL
2,6,25,78,85,196.0,39.2,C,1.568,FAIL
55,87,75,98,16,331.0,66.2,B,2.648,FAIL
14,56,25,82,40,217.0,43.4,C,1.736,FAIL
59,64,57,68,39,287.0,57.4,C+,2.296,PASS
73,88,92,83,28,364.0,72.8,B+,2.912,FAIL
61,33,77,2,60,233.0,46.6,C,1.864,FAIL
96,62,8,18,74,258.0,51.6,C+,2.064,FAIL
56,42,15,94,64,271.0,54.2,C+,2.168,FAIL
47,22,94,78,95,336.0,67.2,B,2.688,FAIL
29,39,68,55,29,220.0,44.0,C,1.76,FAIL
94,12,94,32,41,273.0,54.6,C+,2.184,FAIL
8,89,82,58,85,322.0,64.4,B,2.576,FAIL
27,14,96,83,34,254.0,50.8,C+,2.032,FAIL
23,85,25,91,72,296.0,59.2,C+,2.368,FAIL
29,95,7,30,29,190.0,38.0,C,1.52,FAIL
30,55,57,50,29,221.0,44.2,C,1.768,FAIL
84,67,2,8,24,185.0,37.0,C,1.48,FAIL
96,70,95,95,51,407.0,81.4,A,3.256,PASS
99,56,61,54,19,289.0,57.8,C+,2.312,FAIL
11,25,74,87,46,243.0,48.6,C,1.944,FAIL
79,41,92,46,58,316.0,63.2,B,2.528,PASS
74,8,89,23,74,268.0,53.6,C+,2.144,FAIL
54,83,71,97,18,323.0,64.6,B,2.5840000000000005,FAIL
51,17,26,78,52,224.0,44.8,C,1.7920000000000003,FAIL
56,41,26,64,94,281.0,56.2,C+,2.248,FAIL
14,70,90,36,21,231.0,46.2,C,1.848,FAIL
85,78,69,79,4,315.0,63.0,B,2.52,FAIL
73,70,69,31,70,313.0,62.6,B,2.504,FAIL
45,69,8,94,39,255.0,51.0,C+,2.04,FAIL
76,16,98,87,26,303.0,60.6,B,2.424,FAIL
72,95,49,17,14,247.0,49.4,C,1.976,FAIL
78,49,16,2,20,165.0,33.0,NG,1.32,FAIL
65,59,17,84,89,314.0,62.8,B,2.512,FAIL
63,6,58,63,40,230.0,46.0,C,1.84,FAIL
62,27,99,29,0,217.0,43.4,C,1.736,FAIL
35,64,67,92,3,261.0,52.2,C+,2.088,FAIL
54,0,44,5,34,137.0,27.4,NG,1.096,FAIL
82,7,61,34,53,237.0,47.4,C,1.896,FAIL
44,19,94,23,66,246.0,49.2,C,1.9680000000000002,FAIL
89,48,27,89,77,330.0,66.0,B,2.64,FAIL
7,94,34,96,75,306.0,61.2,B,2.448,FAIL
52,45,25,89,64,275.0,55.0,C+,2.2,FAIL
70,33,85,20,55,263.0,52.6,C+,2.104,FAIL
76,60,61,9,81,287.0,57.4,C+,2.296,FAIL
54,84,0,61,35,234.0,46.8,C,1.872,FAIL
38,24,88,34,28,212.0,42.4,C,1.696,FAIL
88,97,26,34,13,258.0,51.6,C+,2.064,FAIL
37,34,77,53,87,288.0,57.6,C+,2.304,FAIL
87,25,74,14,75,275.0,55.0,C+,2.2,FAIL
10,27,14,89,40,180.0,36.0,C,1.44,FAIL
65,4,17,17,71,174.0,34.8,NG,1.392,FAIL
73,98,52,95,31,349.0,69.8,B,2.792,FAIL
76,32,4,46,21,179.0,35.8,C,1.432,FAIL
46,79,32,16,35,208.0,41.6,C,1.6640000000000001,FAIL
48,90,92,53,34,317.0,63.4,B,2.536,FAIL
34,11,15,39,48,147.0,29.4,NG,1.176,FAIL
96,90,47,22,83,338.0,67.6,B,2.704,FAIL
92,19,7,19,75,212.0,42.4,C,1.696,FAIL
20,52,96,80,26,274.0,54.8,C+,2.192,FAIL
80,61,82,89,49,361.0,72.2,B+,2.888,PASS
3,28,17,77,52,177.0,35.4,C,1.416,FAIL
98,95,38,38,74,343.0,68.6,B,2.744,PASS
34,6,98,4,99,241.0,48.2,C,1.928,FAIL
68,83,62,84,37,334.0,66.8,B,2.6719999999999997,PASS
59,20,62,27,33,201.0,40.2,C,1.608,FAIL
80,77,84,39,0,280.0,56.0,C+,2.24,FAIL
86,60,14,10,38,208.0,41.6,C,1.6640000000000001,FAIL
81,52,66,49,56,304.0,60.8,B,2.432,PASS
65,43,14,12,41,175.0,35.0,C,1.4,FAIL
3,85,27,83,72,270.0,54.0,C+,2.16,FAIL
72,70,98,4,17,261.0,52.2,C+,2.088,FAIL
87,81,96,54,74,392.0,78.4,B+,3.136,PASS
85,33,75,18,48,259.0,51.8,C+,2.072,FAIL
60,60,69,62,89,340.0,68.0,B,2.72,PASS
86,64,83,71,57,361.0,72.2,B+,2.888,PASS
45,96,15,11,34,201.0,40.2,C,1.608,FAIL
18,83,84,4,10,199.0,39.8,C,1.592,FAIL
92,69,97,67,7,332.0,66.4,B,2.656,FAIL
88,51,77,89,21,326.0,65.2,B,2.608,FAIL
9,1,56,9,84,159.0,31.8,NG,1.272,FAIL
12,64,91,70,88,325.0,65.0,B,2.6,FAIL
1,12,91,3,58,165.0,33.0,NG,1.32,FAIL
36,82,20,10,33,181.0,36.2,C,1.4479999999999997,FAIL
69,46,65,49,44,273.0,54.6,C+,2.184,PASS
44,7,15,48,65,179.0,35.8,C,1.432,FAIL
93,95,85,20,56,349.0,69.8,B,2.792,FAIL
66,33,69,99,77,344.0,68.8,B,2.752,FAIL
91,47,29,44,45,256.0,51.2,C+,2.048,FAIL
37,67,16,56,37,213.0,42.6,C,1.704,FAIL
69,66,11,89,76,311.0,62.2,B,2.488,FAIL
6,48,49,45,6,154.0,30.8,NG,1.232,FAIL
13,96,69,72,96,346.0,69.2,B,2.7679999999999993,FAIL
79,59,35,28,91,292.0,58.4,C+,2.336,FAIL
16,26,23,39,14,118.0,23.6,NG,0.944,FAIL
67,37,70,47,36,257.0,51.4,C+,2.056,PASS
64,69,56,38,11,238.0,47.6,C,1.9039999999999997,FAIL
47,73,48,80,9,257.0,51.4,C+,2.056,FAIL
85,83,33,16,47,264.0,52.8,C+,2.112,FAIL
96,60,78,34,58,326.0,65.2,B,2.608,FAIL
21,98,78,12,30,239.0,47.8,C,1.912,FAIL
38,26,59,9,79,211.0,42.2,C,1.6879999999999997,FAIL
53,78,92,18,60,301.0,60.2,B,2.408,FAIL
65,26,30,55,27,203.0,40.6,C,1.624,FAIL
73,72,65,8,56,274.0,54.8,C+,2.192,FAIL
19,36,14,9,95,173.0,34.6,NG,1.3839999999999997,FAIL
92,33,58,5,8,196.0,39.2,C,1.568,FAIL
41,96,32,21,26,216.0,43.2,C,1.7280000000000002,FAIL
16,13,83,20,95,227.0,45.4,C,1.8159999999999998,FAIL
46,81,29,66,26,248.0,49.6,C,1.984,FAIL
22,99,55,25,1,202.0,40.4,C,1.6160000000000003,FAIL
65,21,80,34,16,216.0,43.2,C,1.7280000000000002,FAIL
52,0,63,7,36,158.0,31.6,NG,1.264,FAIL
27,56,13,34,19,149.0,29.8,NG,1.192,FAIL
89,35,40,46,67,277.0,55.4,C+,2.216,PASS
94,41,39,44,33,251.0,50.2,C+,2.008,FAIL
42,66,2,93,84,287.0,57.4,C+,2.296,FAIL
97,36,19,40,37,229.0,45.8,C,1.832,FAIL
55,0,80,93,34,262.0,52.4,C+,2.096,FAIL
10,82,7,65,81,245.0,49.0,C,1.96,FAIL
1,30,43,0,77,151.0,30.2,NG,1.208,FAIL
30,7,66,21,96,220.0,44.0,C,1.76,FAIL
82,76,51,20,71,300.0,60.0,B,2.4,FAIL
91,94,21,92,55,353.0,70.6,B+,2.824,FAIL
14,37,62,20,83,216.0,43.2,C,1.7280000000000002,FAIL
8,9,25,67,99,208.0,41.6,C,1.6640000000000001,FAIL
73,50,98,83,39,343.0,68.6,B,2.744,PASS
24,97,51,0,83,255.0,51.0,C+,2.04,FAIL
25,19,88,71,85,288.0,57.6,C+,2.304,FAIL
51,26,68,21,62,228.0,45.6,C,1.824,FAIL
78,5,15,41,21,160.0,32.0,NG,1.28,FAIL
15,9,20,86,60,190.0,38.0,C,1.52,FAIL
23,36,23,57,51,190.0,38.0,C,1.52,FAIL
62,68,39,56,83,308.0,61.6,B,2.464,PASS
11,31,76,60,28,206.0,41.2,C,1.648,FAIL
20,37,32,30,0,119.0,23.8,NG,0.9519999999999998,FAIL
48,15,42,46,84,235.0,47.0,C,1.88,FAIL
59,10,36,8,94,207.0,41.4,C,1.656,FAIL
86,53,83,41,78,341.0,68.2,B,2.728,PASS
51,11,31,12,37,142.0,28.4,NG,1.136,FAIL
29,18,43,33,35,158.0,31.6,NG,1.264,FAIL
14,89,36,69,17,225.0,45.0,C,1.8,FAIL
10,5,1,41,38,95.0,19.0,NG,0.76,FAIL
8,64,67,26,79,244.0,48.8,C,1.952,FAIL
1,29,36,8,78,152.0,30.4,NG,1.216,FAIL
12,17,34,8,43,114.0,22.8,NG,0.912,FAIL
51,88,49,84,40,312.0,62.4,B,2.496,PASS
31,11,29,0,94,165.0,33.0,NG,1.32,FAIL
48,40,78,94,32,292.0,58.4,C+,2.336,FAIL
39,6,99,21,49,214.0,42.8,C,1.712,FAIL
34,94,97,32,82,339.0,67.8,B,2.7120000000000006,FAIL
67,17,62,83,42,271.0,54.2,C+,2.168,FAIL
62,94,50,61,32,299.0,59.8,C+,2.392,FAIL
81,22,33,98,32,266.0,53.2,C+,2.128,FAIL
17,55,43,15,19,149.0,29.8,NG,1.192,FAIL
17,7,42,76,0,142.0,28.4,NG,1.136,FAIL
65,63,29,4,3,164.0,32.8,NG,1.3120000000000003,FAIL
46,8,20,25,60,159.0,31.8,NG,1.272,FAIL
53,13,57,55,48,226.0,45.2,C,1.808,FAIL
41,80,12,49,74,256.0,51.2,C+,2.048,FAIL
87,85,9,68,19,268.0,53.6,C+,2.144,FAIL
36,25,89,22,8,180.0,36.0,C,1.44,FAIL
74,31,96,3,38,242.0,48.4,C,1.936,FAIL
99,86,63,43,85,376.0,75.2,B+,3.008,PASS
12,78,9,73,25,197.0,39.4,C,1.5759999999999998,FAIL
63,38,72,33,20,226.0,45.2,C,1.808,FAIL
13,99,81,92,21,306.0,61.2,B,2.448,FAIL
69,47,5,40,8,169.0,33.8,NG,1.352,FAIL
56,89,20,44,31,240.0,48.0,C,1.92,FAIL
51,77,2,85,65,280.0,56.0,C+,2.24,FAIL
93,33,36,8,91,261.0,52.2,C+,2.088,FAIL
88,3,14,11,93,209.0,41.8,C,1.672,FAIL
18,78,10,9,81,196.0,39.2,C,1.568,FAIL
19,24,56,93,2,194.0,38.8,C,1.5520000000000003,FAIL
39,36,69,81,81,306.0,61.2,B,2.448,PASS
59,2,27,47,77,212.0,42.4,C,1.696,FAIL
4,79,29,64,0,176.0,35.2,C,1.408,FAIL
0,22,1,0,53,76.0,15.2,NG,0.608,FAIL
79,82,16,83,10,270.0,54.0,C+,2.16,FAIL
5,41,40,50,97,233.0,46.6,C,1.864,FAIL
44,32,58,55,75,264.0,52.8,C+,2.112,FAIL
78,4,4,11,87,184.0,36.8,C,1.472,FAIL
37,91,20,54,51,253.0,50.6,C+,2.024,FAIL
85,78,24,9,96,292.0,58.4,C+,2.336,FAIL
59,89,90,36,66,340.0,68.0,B,2.72,PASS
27,62,33,45,0,167.0,33.4,NG,1.3359999999999999,FAIL
34,49,17,91,58,249.0,49.8,C,1.992,FAIL
66,64,1,10,71,212.0,42.4,C,1.696,FAIL
93,74,67,14,7,255.0,51.0,C+,2.04,FAIL
36,6,89,67,63,261.0,52.2,C+,2.088,FAIL
36,44,59,20,25,184.0,36.8,C,1.472,FAIL
49,95,74,93,77,388.0,77.6,B+,3.1040000000000005,PASS
38,54,73,22,99,286.0,57.2,C+,2.288,FAIL
63,66,46,83,32,290.0,58.0,C+,2.32,FAIL
90,26,3,58,64,241.0,48.2,C,1.928,FAIL
43,15,50,39,40,187.0,37.4,C,1.496,FAIL
7,76,90,13,40,226.0,45.2,C,1.808,FAIL
50,14,10,45,14,133.0,26.6,NG,1.064,FAIL
62,28,72,67,86,315.0,63.0,B,2.52,FAIL
25,1,56,63,92,237.0,47.4,C,1.896,FAIL
26,39,23,77,92,257.0,51.4,C+,2.056,FAIL
28,4,44,58,44,178.0,35.6,C,1.4240000000000002,FAIL
12,98,33,2,36,181.0,36.2,C,1.4479999999999997,FAIL
95,60,29,63,92,339.0,67.8,B,2.7120000000000006,FAIL
7,46,96,11,42,202.0,40.4,C,1.6160000000000003,FAIL
50,24,6,38,84,202.0,40.4,C,1.6160000000000003,FAIL
3,71,34,44,33,185.0,37.0,C,1.48,FAIL
20,64,14,49,20,167.0,33.4,NG,1.3359999999999999,FAIL
19,4,29,1,55,108.0,21.6,NG,0.8640000000000001,FAIL
87,19,33,94,61,294.0,58.8,C+,2.352,FAIL
66,84,81,43,59,333.0,66.6,B,2.664,PASS
21,18,90,65,54,248.0,49.6,C,1.984,FAIL
87,46,39,26,9,207.0,41.4,C,1.656,FAIL
47,14,23,87,91,262.0,52.4,C+,2.096,FAIL
85,87,61,70,70,373.0,74.6,B+,2.984,PASS
88,62,98,81,41,370.0,74.0,B+,2.96,PASS
44,32,32,89,63,260.0,52.0,C+,2.08,FAIL
34,33,31,73,19,190.0,38.0,C,1.52,FAIL
30,90,72,86,29,307.0,61.4,B,2.456,FAIL
77,25,56,10,2,170.0,34.0,NG,1.36,FAIL
36,28,73,60,19,216.0,43.2,C,1.7280000000000002,FAIL
71,85,10,6,68,240.0,48.0,C,1.92,FAIL
26,39,99,24,41,229.0,45.8,C,1.832,FAIL
4,67,33,58,37,199.0,39.8,C,1.592,FAIL
32,29,3,72,1,137.0,27.4,NG,1.096,FAIL
69,34,23,48,95,269.0,53.8,C+,2.152,FAIL
19,17,93,34,57,220.0,44.0,C,1.76,FAIL
21,54,18,42,79,214.0,42.8,C,1.712,FAIL
99,36,36,68,90,329.0,65.8,B,2.6319999999999997,PASS
80,12,84,66,71,313.0,62.6,B,2.504,FAIL
36,15,17,43,38,149.0,29.8,NG,1.192,FAIL
79,60,21,14,71,245.0,49.0,C,1.96,FAIL
20,97,57,78,94,346.0,69.2,B,2.7679999999999993,FAIL
7,50,12,89,50,208.0,41.6,C,1.6640000000000001,FAIL
70,76,74,23,21,264.0,52.8,C+,2.112,FAIL
99,49,43,43,94,328.0,65.6,B,2.6240000000000006,PASS
21,2,52,73,59,207.0,41.4,C,1.656,FAIL
64,59,44,88,90,345.0,69.0,B,2.76,PASS
20,90,67,65,68,310.0,62.0,B,2.48,FAIL
13,30,55,72,88,258.0,51.6,C+,2.064,FAIL
97,67,1,18,34,217.0,43.4,C,1.736,FAIL
69,77,96,92,42,376.0,75.2,B+,3.008,PASS
66,35,60,73,20,254.0,50.8,C+,2.032,FAIL
83,90,84,61,74,392.0,78.4,B+,3.136,PASS
61,7,95,36,71,270.0,54.0,C+,2.16,FAIL
58,97,37,65,51,308.0,61.6,B,2.464,PASS
88,35,28,49,3,203.0,40.6,C,1.624,FAIL
53,61,83,82,43,322.0,64.4,B,2.576,PASS
4,19,51,53,23,150.0,30.0,NG,1.2,FAIL
47,51,43,29,99,269.0,53.8,C+,2.152,FAIL
20,9,33,44,83,189.0,37.8,C,1.5119999999999998,FAIL
82,10,83,92,10,277.0,55.4,C+,2.216,FAIL
8,51,42,45,24,170.0,34.0,NG,1.36,FAIL
92,47,59,70,37,305.0,61.0,B,2.44,PASS
76,27,66,25,71,265.0,53.0,C+,2.12,FAIL
11,52,44,50,9,166.0,33.2,NG,1.328,FAIL
66,89,6,99,11,271.0,54.2,C+,2.168,FAIL
70,39,4,22,0,135.0,27.0,NG,1.08,FAIL
92,50,82,91,57,372.0,74.4,B+,2.9760000000000004,PASS
7,94,28,49,71,249.0,49.8,C,1.992,FAIL
38,65,42,45,86,276.0,55.2,C+,2.208,PASS
90,33,38,14,54,229.0,45.8,C,1.832,FAIL
84,50,55,46,76,311.0,62.2,B,2.488,PASS
70,67,40,37,46,260.0,52.0,C+,2.08,PASS
15,45,20,21,98,199.0,39.8,C,1.592,FAIL
27,63,22,41,88,241.0,48.2,C,1.928,FAIL
49,9,84,45,41,228.0,45.6,C,1.824,FAIL
67,33,1,50,35,186.0,37.2,C,1.4880000000000002,FAIL
32,75,88,87,7,289.0,57.8,C+,2.312,FAIL
46,41,1,95,66,249.0,49.8,C,1.992,FAIL
80,76,12,67,20,255.0,51.0,C+,2.04,FAIL
14,16,47,33,16,126.0,25.2,NG,1.008,FAIL
62,4,66,80,82,294.0,58.8,C+,2.352,FAIL
7,88,98,69,78,340.0,68.0,B,2.72,FAIL
81,55,65,18,47,266.0,53.2,C+,2.128,FAIL
76,98,8,36,90,308.0,61.6,B,2.464,FAIL
82,0,51,83,50,266.0,53.2,C+,2.128,FAIL
98,64,14,72,33,281.0,56.2,C+,2.248,FAIL
22,41,48,58,70,239.0,47.8,C,1.912,FAIL
56,1,65,47,17,186.0,37.2,C,1.4880000000000002,FAIL
73,4,43,19,30,169.0,33.8,NG,1.352,FAIL
62,3,12,81,73,231.0,46.2,C,1.848,FAIL
3,47,58,86,75,269.0,53.8,C+,2.152,FAIL
95,62,36,1,40,234.0,46.8,C,1.872,FAIL
37,9,94,3,85,228.0,45.6,C,1.824,FAIL
35,79,27,63,68,272.0,54.4,C+,2.176,FAIL
96,41,3,23,20,183.0,36.6,C,1.464,FAIL
39,23,92,8,43,205.0,41.0,C,1.64,FAIL
29,2,63,49,82,225.0,45.0,C,1.8,FAIL
97,58,98,51,6,310.0,62.0,B,2.48,FAIL
22,37,88,99,27,273.0,54.6,C+,2.184,FAIL
99,99,58,12,37,305.0,61.0,B,2.44,FAIL
20,39,6,99,4,168.0,33.6,NG,1.344,FAIL
39,81,74,11,99,304.0,60.8,B,2.432,FAIL
10,61,89,51,29,240.0,48.0,C,1.92,FAIL
2,92,52,4,2,152.0,30.4,NG,1.216,FAIL
92,4,88,70,87,341.0,68.2,B,2.728,FAIL
16,25,93,82,48,264.0,52.8,C+,2.112,FAIL
4,23,31,64,6,128.0,25.6,NG,1.024,FAIL
81,59,84,9,89,322.0,64.4,B,2.576,FAIL
78,74,9,80,58,299.0,59.8,C+,2.392,FAIL
30,33,73,6,50,192.0,38.4,C,1.536,FAIL
64,49,64,69,19,265.0,53.0,C+,2.12,FAIL
69,22,72,79,31,273.0,54.6,C+,2.184,FAIL
0,68,41,57,43,209.0,41.8,C,1.672,FAIL
48,21,92,90,72,323.0,64.6,B,2.5840000000000005,FAIL
48,33,15,84,36,216.0,43.2,C,1.7280000000000002,FAIL
87,69,75,46,22,299.0,59.8,C+,2.392,FAIL
30,97,24,58,7,216.0,43.2,C,1.7280000000000002,FAIL
2,79,4,72,57,214.0,42.8,C,1.712,FAIL
45,11,50,87,12,205.0,41.0,C,1.64,FAIL
53,49,0,22,64,188.0,37.6,C,1.504,FAIL
86,12,69,25,87,279.0,55.8,C+,2.232,FAIL
81,15,45,90,10,241.0,48.2,C,1.928,FAIL
10,52,86,58,23,229.0,45.8,C,1.832,FAIL
17,65,89,18,20,209.0,41.8,C,1.672,FAIL
55,63,50,14,22,204.0,40.8,C,1.632,FAIL
74,85,4,52,3,218.0,43.6,C,1.744,FAIL
3,25,89,98,42,257.0,51.4,C+,2.056,FAIL
30,0,52,38,21,141.0,28.2,NG,1.128,FAIL
94,49,65,53,21,282.0,56.4,C+,2.256,FAIL
89,9,11,12,28,149.0,29.8,NG,1.192,FAIL
57,36,53,31,86,263.0,52.6,C+,2.104,FAIL
31,11,29,85,45,201.0,40.2,C,1.608,FAIL
27,15,56,28,43,169.0,33.8,NG,1.352,FAIL
65,37,63,60,87,312.0,62.4,B,2.496,PASS
85,86,69,51,80,371.0,74.2,B+,2.968,PASS
26,73,31,58,37,225.0,45.0,C,1.8,FAIL
77,91,69,78,18,333.0,66.6,B,2.664,FAIL
73,79,71,43,22,288.0,57.6,C+,2.304,FAIL
30,89,77,8,6,210.0,42.0,C,1.68,FAIL
47,46,76,23,91,283.0,56.6,C+,2.264,FAIL
53,48,58,81,77,317.0,63.4,B,2.536,PASS
35,53,25,6,53,172.0,34.4,NG,1.376,FAIL
54,49,97,46,59,305.0,61.0,B,2.44,PASS
5,83,57,17,93,255.0,51.0,C+,2.04,FAIL
50,41,59,8,55,213.0,42.6,C,1.704,FAIL
36,48,96,80,75,335.0,67.0,B,2.68,PASS
68,62,23,80,78,311.0,62.2,B,2.488,FAIL
91,61,92,26,47,317.0,63.4,B,2.536,FAIL
69,5,38,40,31,183.0,36.6,C,1.464,FAIL
90,56,9,89,93,337.0,67.4,B,2.696,FAIL
77,73,47,17,58,272.0,54.4,C+,2.176,FAIL
32,31,7,14,73,157.0,31.4,NG,1.256,FAIL
62,10,44,99,64,279.0,55.8,C+,2.232,FAIL
48,43,24,93,85,293.0,58.6,C+,2.344,FAIL
7,80,35,26,36,184.0,36.8,C,1.472,FAIL
20,58,31,23,35,167.0,33.4,NG,1.3359999999999999,FAIL
70,58,53,10,14,205.0,41.0,C,1.64,FAIL
54,97,97,53,21,322.0,64.4,B,2.576,FAIL
82,78,76,1,94,331.0,66.2,B,2.648,FAIL
10,19,27,79,16,151.0,30.2,NG,1.208,FAIL
29,59,80,6,41,215.0,43.0,C,1.72,FAIL
67,10,10,79,78,244.0,48.8,C,1.952,FAIL
38,75,89,12,84,298.0,59.6,C+,2.384,FAIL
98,53,85,62,13,311.0,62.2,B,2.488,FAIL
8,56,0,71,70,205.0,41.0,C,1.64,FAIL
90,49,11,85,51,286.0,57.2,C+,2.288,FAIL
0,22,70,33,69,194.0,38.8,C,1.5520000000000003,FAIL
26,79,51,22,73,251.0,50.2,C+,2.008,FAIL
32,57,5,51,62,207.0,41.4,C,1.656,FAIL
20,38,85,15,75,233.0,46.6,C,1.864,FAIL
33,73,94,65,51,316.0,63.2,B,2.528,FAIL
53,80,47,82,71,333.0,66.6,B,2.664,PASS
19,72,40,4,8,143.0,28.6,NG,1.144,FAIL
33,59,89,36,76,293.0,58.6,C+,2.344,FAIL
46,47,94,25,53,265.0,53.0,C+,2.12,FAIL
40,41,69,99,44,293.0,58.6,C+,2.344,PASS
35,72,61,78,94,340.0,68.0,B,2.72,PASS
71,72,71,73,78,365.0,73.0,B+,2.92,PASS
64,60,11,10,41,186.0,37.2,C,1.4880000000000002,FAIL
81,73,21,73,65,313.0,62.6,B,2.504,FAIL
32,70,94,35,53,284.0,56.8,C+,2.272,FAIL
75,81,74,29,41,300.0,60.0,B,2.4,FAIL
59,62,21,27,50,219.0,43.8,C,1.7519999999999998,FAIL
50,2,37,87,87,263.0,52.6,C+,2.104,FAIL
62,62,62,55,57,298.0,59.6,C+,2.384,PASS
39,18,67,23,89,236.0,47.2,C,1.888,FAIL
14,62,2,76,61,215.0,43.0,C,1.72,FAIL
50,41,21,26,68,206.0,41.2,C,1.648,FAIL
36,41,24,5,94,200.0,40.0,C,1.6,FAIL
68,56,37,27,92,280.0,56.0,C+,2.24,FAIL
15,24,26,15,44,124.0,24.8,NG,0.992,FAIL
89,89,88,17,44,327.0,65.4,B,2.616,FAIL
24,63,75,99,20,281.0,56.2,C+,2.248,FAIL
40,98,99,1,18,256.0,51.2,C+,2.048,FAIL
69,65,96,24,68,322.0,64.4,B,2.576,FAIL
16,71,31,0,29,147.0,29.4,NG,1.176,FAIL
60,4,49,97,6,216.0,43.2,C,1.7280000000000002,FAIL
4,2,88,65,31,190.0,38.0,C,1.52,FAIL
79,92,83,2,80,336.0,67.2,B,2.688,FAIL
84,64,94,18,36,296.0,59.2,C+,2.368,FAIL
87,43,15,87,76,308.0,61.6,B,2.464,FAIL
17,36,23,23,13,112.0,22.4,NG,0.8960000000000001,FAIL
55,45,80,81,25,286.0,57.2,C+,2.288,FAIL
36,29,2,38,58,163.0,32.6,NG,1.304,FAIL
61,14,97,78,92,342.0,68.4,B,2.736,FAIL
52,44,39,3,9,147.0,29.4,NG,1.176,FAIL
89,22,94,20,28,253.0,50.6,C+,2.024,FAIL
51,15,73,63,8,210.0,42.0,C,1.68,FAIL
14,3,48,73,61,199.0,39.8,C,1.592,FAIL
16,95,48,62,31,252.0,50.4,C+,2.016,FAIL
17,56,20,65,29,187.0,37.4,C,1.496,FAIL
25,49,50,9,41,174.0,34.8,NG,1.392,FAIL
33,87,28,23,81,252.0,50.4,C+,2.016,FAIL
62,33,19,64,19,197.0,39.4,C,1.5759999999999998,FAIL
45,94,3,36,14,192.0,38.4,C,1.536,FAIL
89,14,92,56,25,276.0,55.2,C+,2.208,FAIL
49,71,96,72,42,330.0,66.0,B,2.64,PASS
56,70,40,6,78,250.0,50.0,C+,2.0,FAIL
87,82,57,45,74,345.0,69.0,B,2.76,PASS
13,54,47,12,40,166.0,33.2,NG,1.328,FAIL
81,16,15,59,15,186.0,37.2,C,1.4880000000000002,FAIL
0,90,87,18,40,235.0,47.0,C,1.88,FAIL
3,59,58,67,72,259.0,51.8,C+,2.072,FAIL
22,48,48,34,46,198.0,39.6,C,1.584,FAIL
28,34,16,53,58,189.0,37.8,C,1.5119999999999998,FAIL
1,99,16,11,47,174.0,34.8,NG,1.392,FAIL
16,63,29,25,26,159.0,31.8,NG,1.272,FAIL
63,63,97,94,31,348.0,69.6,B,2.784,FAIL
44,6,26,49,48,173.0,34.6,NG,1.3839999999999997,FAIL
16,7,6,47,34,110.0,22.0,NG,0.88,FAIL
63,62,93,24,67,309.0,61.8,B,2.472,FAIL
44,67,68,61,95,335.0,67.0,B,2.68,PASS
44,35,40,81,99,299.0,59.8,C+,2.392,PASS
23,89,27,83,11,233.0,46.6,C,1.864,FAIL
85,37,47,73,85,327.0,65.4,B,2.616,PASS
10,62,60,62,28,222.0,44.4,C,1.776,FAIL
92,44,28,40,91,295.0,59.0,C+,2.36,FAIL
89,36,32,27,71,255.0,51.0,C+,2.04,FAIL
71,74,8,59,44,256.0,51.2,C+,2.048,FAIL
19,70,84,10,1,184.0,36.8,C,1.472,FAIL
41,15,43,95,97,291.0,58.2,C+,2.328,FAIL
95,97,81,94,74,441.0,88.2,A,3.528,PASS
86,76,99,39,91,391.0,78.2,B+,3.128,PASS
8,63,57,38,48,214.0,42.8,C,1.712,FAIL
17,76,31,19,66,209.0,41.8,C,1.672,FAIL
8,59,40,37,54,198.0,39.6,C,1.584,FAIL
77,39,77,58,94,345.0,69.0,B,2.76,PASS
72,40,87,41,33,273.0,54.6,C+,2.184,FAIL
3,57,99,64,43,266.0,53.2,C+,2.128,FAIL
14,13,69,62,52,210.0,42.0,C,1.68,FAIL
73,41,90,17,4,225.0,45.0,C,1.8,FAIL
50,23,65,6,87,231.0,46.2,C,1.848,FAIL
67,74,84,50,71,346.0,69.2,B,2.7679999999999993,PASS
22,54,49,44,39,208.0,41.6,C,1.6640000000000001,FAIL
88,7,25,30,94,244.0,48.8,C,1.952,FAIL
16,41,74,60,77,268.0,53.6,C+,2.144,FAIL
6,7,17,31,83,144.0,28.8,NG,1.152,FAIL
91,78,40,74,83,366.0,73.2,B+,2.928,PASS
27,94,9,38,45,213.0,42.6,C,1.704,FAIL
32,34,51,48,63,228.0,45.6,C,1.824,FAIL
55,52,10,50,38,205.0,41.0,C,1.64,FAIL
4,15,73,49,67,208.0,41.6,C,1.6640000000000001,FAIL
25,68,37,39,72,241.0,48.2,C,1.928,FAIL
81,85,80,82,96,424.0,84.8,A,3.392,PASS
21,60,70,55,75,281.0,56.2,C+,2.248,FAIL
50,73,55,57,68,303.0,60.6,B,2.424,PASS
64,54,16,18,18,170.0,34.0,NG,1.36,FAIL
96,62,55,53,81,347.0,69.4,B,2.776,PASS
73,24,77,37,48,259.0,51.8,C+,2.072,FAIL
56,20,28,16,50,170.0,34.0,NG,1.36,FAIL
83,84,64,39,60,330.0,66.0,B,2.64,PASS
48,8,59,74,28,217.0,43.4,C,1.736,FAIL
14,68,52,92,9,235.0,47.0,C,1.88,FAIL
88,27,61,95,50,321.0,64.2,B,2.568,FAIL
96,33,25,41,55,250.0,50.0,C+,2.0,FAIL
56,22,29,68,14,189.0,37.8,C,1.5119999999999998,FAIL
82,96,39,92,78,387.0,77.4,B+,3.096,PASS
44,69,33,61,39,246.0,49.2,C,1.9680000000000002,FAIL
76,24,61,18,6,185.0,37.0,C,1.48,FAIL
49,64,75,51,70,309.0,61.8,B,2.472,PASS
94,3,16,73,34,220.0,44.0,C,1.76,FAIL
49,79,53,52,97,330.0,66.0,B,2.64,PASS
0,83,33,72,80,268.0,53.6,C+,2.144,FAIL
84,18,29,69,16,216.0,43.2,C,1.7280000000000002,FAIL
91,61,76,71,36,335.0,67.0,B,2.68,PASS
73,46,63,44,68,294.0,58.8,C+,2.352,PASS
99,59,3,52,51,264.0,52.8,C+,2.112,FAIL
30,56,6,29,9,130.0,26.0,NG,1.04,FAIL
95,35,93,84,23,330.0,66.0,B,2.64,FAIL
96,2,77,31,0,206.0,41.2,C,1.648,FAIL
39,1,32,36,45,153.0,30.6,NG,1.224,FAIL
95,17,80,98,3,293.0,58.6,C+,2.344,FAIL
8,15,1,67,46,137.0,27.4,NG,1.096,FAIL
64,88,17,43,42,254.0,50.8,C+,2.032,FAIL
18,32,87,28,98,263.0,52.6,C+,2.104,FAIL
76,7,92,67,37,279.0,55.8,C+,2.232,FAIL
27,19,8,74,78,206.0,41.2,C,1.648,FAIL
87,87,66,17,24,281.0,56.2,C+,2.248,FAIL
73,46,30,87,84,320.0,64.0,B,2.56,FAIL
7,81,43,43,31,205.0,41.0,C,1.64,FAIL
72,82,72,83,7,316.0,63.2,B,2.528,FAIL
55,77,31,49,59,271.0,54.2,C+,2.168,FAIL
14,43,1,89,45,192.0,38.4,C,1.536,FAIL
73,56,70,0,47,246.0,49.2,C,1.9680000000000002,FAIL
49,77,93,62,29,310.0,62.0,B,2.48,FAIL
27,84,29,80,98,318.0,63.6,B,2.544,FAIL
34,39,74,48,16,211.0,42.2,C,1.6879999999999997,FAIL
5,11,41,41,1,99.0,19.8,NG,0.792,FAIL
18,86,41,21,73,239.0,47.8,C,1.912,FAIL
68,50,75,60,56,309.0,61.8,B,2.472,PASS
93,1,41,66,62,263.0,52.6,C+,2.104,FAIL
23,6,49,29,97,204.0,40.8,C,1.632,FAIL
22,3,5,31,76,137.0,27.4,NG,1.096,FAIL
20,66,60,62,39,247.0,49.4,C,1.976,FAIL
53,89,46,71,14,273.0,54.6,C+,2.184,FAIL
5,90,25,5,13,138.0,27.6,NG,1.104,FAIL
34,38,92,41,2,207.0,41.4,C,1.656,FAIL
60,22,37,2,90,211.0,42.2,C,1.6879999999999997,FAIL
57,80,71,79,9,296.0,59.2,C+,2.368,FAIL
16,5,33,92,60,206.0,41.2,C,1.648,FAIL
87,92,1,11,67,258.0,51.6,C+,2.064,FAIL
24,50,22,21,4,121.0,24.2,NG,0.968,FAIL
3,28,46,90,76,243.0,48.6,C,1.944,FAIL
87,17,95,0,26,225.0,45.0,C,1.8,FAIL
97,6,64,37,85,289.0,57.8,C+,2.312,FAIL
85,56,0,70,61,272.0,54.4,C+,2.176,FAIL
72,95,10,86,46,309.0,61.8,B,2.472,FAIL
10,63,8,71,44,196.0,39.2,C,1.568,FAIL
83,39,26,17,42,207.0,41.4,C,1.656,FAIL
58,38,52,92,91,331.0,66.2,B,2.648,PASS
10,75,38,6,78,207.0,41.4,C,1.656,FAIL
42,32,74,10,67,225.0,45.0,C,1.8,FAIL
28,54,40,77,51,250.0,50.0,C+,2.0,FAIL
41,74,61,77,30,283.0,56.6,C+,2.264,FAIL
56,44,28,78,27,233.0,46.6,C,1.864,FAIL
5,55,92,42,47,241.0,48.2,C,1.928,FAIL
90,91,40,47,39,307.0,61.4,B,2.456,PASS
24,88,34,75,53,274.0,54.8,C+,2.192,FAIL
67,65,51,93,29,305.0,61.0,B,2.44,FAIL
97,3,42,31,10,183.0,36.6,C,1.464,FAIL
